query_id,embedding_type,query_niche_id,source_slice,target_slice,niche_query_k
1,gene_expr_quest,Zhuang-ABCA-1.096_query_niche_207_123,Zhuang-ABCA-1.096,C57BL6J-638850.28,3
2,scgpt,Zhuang-ABCA-1.096_query_niche_207_123,Zhuang-ABCA-1.096,C57BL6J-638850.28,3
3,gene_expr,Zhuang-ABCA-1.096_query_niche_207_123,Zhuang-ABCA-1.096,C57BL6J-638850.28,3
4,gene_expr_quest,Zhuang-ABCA-1.096_query_niche_207_123,Zhuang-ABCA-1.096,C57BL6J-638850.29,3
5,scgpt,Zhuang-ABCA-1.096_query_niche_207_123,Zhuang-ABCA-1.096,C57BL6J-638850.29,3
6,gene_expr,Zhuang-ABCA-1.096_query_niche_207_123,Zhuang-ABCA-1.096,C57BL6J-638850.29,3
7,gene_expr_quest,Zhuang-ABCA-1.096_query_niche_207_123,Zhuang-ABCA-1.096,C57BL6J-638850.30,3
8,scgpt,Zhuang-ABCA-1.096_query_niche_207_123,Zhuang-ABCA-1.096,C57BL6J-638850.30,3
9,gene_expr,Zhuang-ABCA-1.096_query_niche_207_123,Zhuang-ABCA-1.096,C57BL6J-638850.30,3
10,gene_expr_quest,Zhuang-ABCA-1.096_query_niche_207_123,Zhuang-ABCA-1.096,C57BL6J-638850.31,3
11,scgpt,Zhuang-ABCA-1.096_query_niche_207_123,Zhuang-ABCA-1.096,C57BL6J-638850.31,3
12,gene_expr,Zhuang-ABCA-1.096_query_niche_207_123,Zhuang-ABCA-1.096,C57BL6J-638850.31,3
13,gene_expr_quest,Zhuang-ABCA-1.096_query_niche_207_123,Zhuang-ABCA-1.096,Zhuang-ABCA-1.096,3
14,scgpt,Zhuang-ABCA-1.096_query_niche_207_123,Zhuang-ABCA-1.096,Zhuang-ABCA-1.096,3
15,gene_expr,Zhuang-ABCA-1.096_query_niche_207_123,Zhuang-ABCA-1.096,Zhuang-ABCA-1.096,3
16,gene_expr_quest,Zhuang-ABCA-1.096_query_niche_207_123,Zhuang-ABCA-1.096,Zhuang-ABCA-1.097,3
17,scgpt,Zhuang-ABCA-1.096_query_niche_207_123,Zhuang-ABCA-1.096,Zhuang-ABCA-1.097,3
18,gene_expr,Zhuang-ABCA-1.096_query_niche_207_123,Zhuang-ABCA-1.096,Zhuang-ABCA-1.097,3
19,gene_expr_quest,Zhuang-ABCA-1.096_query_niche_207_123,Zhuang-ABCA-1.096,Zhuang-ABCA-1.098,3
20,scgpt,Zhuang-ABCA-1.096_query_niche_207_123,Zhuang-ABCA-1.096,Zhuang-ABCA-1.098,3
21,gene_expr,Zhuang-ABCA-1.096_query_niche_207_123,Zhuang-ABCA-1.096,Zhuang-ABCA-1.098,3
22,gene_expr_quest,Zhuang-ABCA-1.096_query_niche_207_123,Zhuang-ABCA-1.096,Zhuang-ABCA-1.099,3
23,scgpt,Zhuang-ABCA-1.096_query_niche_207_123,Zhuang-ABCA-1.096,Zhuang-ABCA-1.099,3
24,gene_expr,Zhuang-ABCA-1.096_query_niche_207_123,Zhuang-ABCA-1.096,Zhuang-ABCA-1.099,3
25,gene_expr_quest,Zhuang-ABCA-1.096_query_niche_207_123,Zhuang-ABCA-1.096,Zhuang-ABCA-3.001,3
26,scgpt,Zhuang-ABCA-1.096_query_niche_207_123,Zhuang-ABCA-1.096,Zhuang-ABCA-3.001,3
27,gene_expr,Zhuang-ABCA-1.096_query_niche_207_123,Zhuang-ABCA-1.096,Zhuang-ABCA-3.001,3
28,gene_expr_quest,Zhuang-ABCA-1.096_query_niche_207_123,Zhuang-ABCA-1.096,Zhuang-ABCA-3.002,3
29,scgpt,Zhuang-ABCA-1.096_query_niche_207_123,Zhuang-ABCA-1.096,Zhuang-ABCA-3.002,3
30,gene_expr,Zhuang-ABCA-1.096_query_niche_207_123,Zhuang-ABCA-1.096,Zhuang-ABCA-3.002,3
31,gene_expr_quest,Zhuang-ABCA-1.096_query_niche_207_123,Zhuang-ABCA-1.096,Zhuang-ABCA-3.004,3
32,scgpt,Zhuang-ABCA-1.096_query_niche_207_123,Zhuang-ABCA-1.096,Zhuang-ABCA-3.004,3
33,gene_expr,Zhuang-ABCA-1.096_query_niche_207_123,Zhuang-ABCA-1.096,Zhuang-ABCA-3.004,3
34,gene_expr_quest,Zhuang-ABCA-1.096_query_niche_207_123,Zhuang-ABCA-1.096,Zhuang-ABCA-3.005,3
35,scgpt,Zhuang-ABCA-1.096_query_niche_207_123,Zhuang-ABCA-1.096,Zhuang-ABCA-3.005,3
36,gene_expr,Zhuang-ABCA-1.096_query_niche_207_123,Zhuang-ABCA-1.096,Zhuang-ABCA-3.005,3
37,gene_expr_quest,Zhuang-ABCA-1.097_query_niche_207_123,Zhuang-ABCA-1.097,C57BL6J-638850.28,3
38,scgpt,Zhuang-ABCA-1.097_query_niche_207_123,Zhuang-ABCA-1.097,C57BL6J-638850.28,3
39,gene_expr,Zhuang-ABCA-1.097_query_niche_207_123,Zhuang-ABCA-1.097,C57BL6J-638850.28,3
40,gene_expr_quest,Zhuang-ABCA-1.097_query_niche_207_123,Zhuang-ABCA-1.097,C57BL6J-638850.29,3
41,scgpt,Zhuang-ABCA-1.097_query_niche_207_123,Zhuang-ABCA-1.097,C57BL6J-638850.29,3
42,gene_expr,Zhuang-ABCA-1.097_query_niche_207_123,Zhuang-ABCA-1.097,C57BL6J-638850.29,3
43,gene_expr_quest,Zhuang-ABCA-1.097_query_niche_207_123,Zhuang-ABCA-1.097,C57BL6J-638850.30,3
44,scgpt,Zhuang-ABCA-1.097_query_niche_207_123,Zhuang-ABCA-1.097,C57BL6J-638850.30,3
45,gene_expr,Zhuang-ABCA-1.097_query_niche_207_123,Zhuang-ABCA-1.097,C57BL6J-638850.30,3
46,gene_expr_quest,Zhuang-ABCA-1.097_query_niche_207_123,Zhuang-ABCA-1.097,C57BL6J-638850.31,3
47,scgpt,Zhuang-ABCA-1.097_query_niche_207_123,Zhuang-ABCA-1.097,C57BL6J-638850.31,3
48,gene_expr,Zhuang-ABCA-1.097_query_niche_207_123,Zhuang-ABCA-1.097,C57BL6J-638850.31,3
49,gene_expr_quest,Zhuang-ABCA-1.097_query_niche_207_123,Zhuang-ABCA-1.097,Zhuang-ABCA-1.096,3
50,scgpt,Zhuang-ABCA-1.097_query_niche_207_123,Zhuang-ABCA-1.097,Zhuang-ABCA-1.096,3
51,gene_expr,Zhuang-ABCA-1.097_query_niche_207_123,Zhuang-ABCA-1.097,Zhuang-ABCA-1.096,3
52,gene_expr_quest,Zhuang-ABCA-1.097_query_niche_207_123,Zhuang-ABCA-1.097,Zhuang-ABCA-1.097,3
53,scgpt,Zhuang-ABCA-1.097_query_niche_207_123,Zhuang-ABCA-1.097,Zhuang-ABCA-1.097,3
54,gene_expr,Zhuang-ABCA-1.097_query_niche_207_123,Zhuang-ABCA-1.097,Zhuang-ABCA-1.097,3
55,gene_expr_quest,Zhuang-ABCA-1.097_query_niche_207_123,Zhuang-ABCA-1.097,Zhuang-ABCA-1.098,3
56,scgpt,Zhuang-ABCA-1.097_query_niche_207_123,Zhuang-ABCA-1.097,Zhuang-ABCA-1.098,3
57,gene_expr,Zhuang-ABCA-1.097_query_niche_207_123,Zhuang-ABCA-1.097,Zhuang-ABCA-1.098,3
58,gene_expr_quest,Zhuang-ABCA-1.097_query_niche_207_123,Zhuang-ABCA-1.097,Zhuang-ABCA-1.099,3
59,scgpt,Zhuang-ABCA-1.097_query_niche_207_123,Zhuang-ABCA-1.097,Zhuang-ABCA-1.099,3
60,gene_expr,Zhuang-ABCA-1.097_query_niche_207_123,Zhuang-ABCA-1.097,Zhuang-ABCA-1.099,3
61,gene_expr_quest,Zhuang-ABCA-1.097_query_niche_207_123,Zhuang-ABCA-1.097,Zhuang-ABCA-3.001,3
62,scgpt,Zhuang-ABCA-1.097_query_niche_207_123,Zhuang-ABCA-1.097,Zhuang-ABCA-3.001,3
63,gene_expr,Zhuang-ABCA-1.097_query_niche_207_123,Zhuang-ABCA-1.097,Zhuang-ABCA-3.001,3
64,gene_expr_quest,Zhuang-ABCA-1.097_query_niche_207_123,Zhuang-ABCA-1.097,Zhuang-ABCA-3.002,3
65,scgpt,Zhuang-ABCA-1.097_query_niche_207_123,Zhuang-ABCA-1.097,Zhuang-ABCA-3.002,3
66,gene_expr,Zhuang-ABCA-1.097_query_niche_207_123,Zhuang-ABCA-1.097,Zhuang-ABCA-3.002,3
67,gene_expr_quest,Zhuang-ABCA-1.097_query_niche_207_123,Zhuang-ABCA-1.097,Zhuang-ABCA-3.004,3
68,scgpt,Zhuang-ABCA-1.097_query_niche_207_123,Zhuang-ABCA-1.097,Zhuang-ABCA-3.004,3
69,gene_expr,Zhuang-ABCA-1.097_query_niche_207_123,Zhuang-ABCA-1.097,Zhuang-ABCA-3.004,3
70,gene_expr_quest,Zhuang-ABCA-1.097_query_niche_207_123,Zhuang-ABCA-1.097,Zhuang-ABCA-3.005,3
71,scgpt,Zhuang-ABCA-1.097_query_niche_207_123,Zhuang-ABCA-1.097,Zhuang-ABCA-3.005,3
72,gene_expr,Zhuang-ABCA-1.097_query_niche_207_123,Zhuang-ABCA-1.097,Zhuang-ABCA-3.005,3
73,gene_expr_quest,Zhuang-ABCA-1.098_query_niche_207_123,Zhuang-ABCA-1.098,C57BL6J-638850.28,3
74,scgpt,Zhuang-ABCA-1.098_query_niche_207_123,Zhuang-ABCA-1.098,C57BL6J-638850.28,3
75,gene_expr,Zhuang-ABCA-1.098_query_niche_207_123,Zhuang-ABCA-1.098,C57BL6J-638850.28,3
76,gene_expr_quest,Zhuang-ABCA-1.098_query_niche_207_123,Zhuang-ABCA-1.098,C57BL6J-638850.29,3
77,scgpt,Zhuang-ABCA-1.098_query_niche_207_123,Zhuang-ABCA-1.098,C57BL6J-638850.29,3
78,gene_expr,Zhuang-ABCA-1.098_query_niche_207_123,Zhuang-ABCA-1.098,C57BL6J-638850.29,3
79,gene_expr_quest,Zhuang-ABCA-1.098_query_niche_207_123,Zhuang-ABCA-1.098,C57BL6J-638850.30,3
80,scgpt,Zhuang-ABCA-1.098_query_niche_207_123,Zhuang-ABCA-1.098,C57BL6J-638850.30,3
81,gene_expr,Zhuang-ABCA-1.098_query_niche_207_123,Zhuang-ABCA-1.098,C57BL6J-638850.30,3
82,gene_expr_quest,Zhuang-ABCA-1.098_query_niche_207_123,Zhuang-ABCA-1.098,C57BL6J-638850.31,3
83,scgpt,Zhuang-ABCA-1.098_query_niche_207_123,Zhuang-ABCA-1.098,C57BL6J-638850.31,3
84,gene_expr,Zhuang-ABCA-1.098_query_niche_207_123,Zhuang-ABCA-1.098,C57BL6J-638850.31,3
85,gene_expr_quest,Zhuang-ABCA-1.098_query_niche_207_123,Zhuang-ABCA-1.098,Zhuang-ABCA-1.096,3
86,scgpt,Zhuang-ABCA-1.098_query_niche_207_123,Zhuang-ABCA-1.098,Zhuang-ABCA-1.096,3
87,gene_expr,Zhuang-ABCA-1.098_query_niche_207_123,Zhuang-ABCA-1.098,Zhuang-ABCA-1.096,3
88,gene_expr_quest,Zhuang-ABCA-1.098_query_niche_207_123,Zhuang-ABCA-1.098,Zhuang-ABCA-1.097,3
89,scgpt,Zhuang-ABCA-1.098_query_niche_207_123,Zhuang-ABCA-1.098,Zhuang-ABCA-1.097,3
90,gene_expr,Zhuang-ABCA-1.098_query_niche_207_123,Zhuang-ABCA-1.098,Zhuang-ABCA-1.097,3
91,gene_expr_quest,Zhuang-ABCA-1.098_query_niche_207_123,Zhuang-ABCA-1.098,Zhuang-ABCA-1.098,3
92,scgpt,Zhuang-ABCA-1.098_query_niche_207_123,Zhuang-ABCA-1.098,Zhuang-ABCA-1.098,3
93,gene_expr,Zhuang-ABCA-1.098_query_niche_207_123,Zhuang-ABCA-1.098,Zhuang-ABCA-1.098,3
94,gene_expr_quest,Zhuang-ABCA-1.098_query_niche_207_123,Zhuang-ABCA-1.098,Zhuang-ABCA-1.099,3
95,scgpt,Zhuang-ABCA-1.098_query_niche_207_123,Zhuang-ABCA-1.098,Zhuang-ABCA-1.099,3
96,gene_expr,Zhuang-ABCA-1.098_query_niche_207_123,Zhuang-ABCA-1.098,Zhuang-ABCA-1.099,3
97,gene_expr_quest,Zhuang-ABCA-1.098_query_niche_207_123,Zhuang-ABCA-1.098,Zhuang-ABCA-3.001,3
98,scgpt,Zhuang-ABCA-1.098_query_niche_207_123,Zhuang-ABCA-1.098,Zhuang-ABCA-3.001,3
99,gene_expr,Zhuang-ABCA-1.098_query_niche_207_123,Zhuang-ABCA-1.098,Zhuang-ABCA-3.001,3
100,gene_expr_quest,Zhuang-ABCA-1.098_query_niche_207_123,Zhuang-ABCA-1.098,Zhuang-ABCA-3.002,3
101,scgpt,Zhuang-ABCA-1.098_query_niche_207_123,Zhuang-ABCA-1.098,Zhuang-ABCA-3.002,3
102,gene_expr,Zhuang-ABCA-1.098_query_niche_207_123,Zhuang-ABCA-1.098,Zhuang-ABCA-3.002,3
103,gene_expr_quest,Zhuang-ABCA-1.098_query_niche_207_123,Zhuang-ABCA-1.098,Zhuang-ABCA-3.004,3
104,scgpt,Zhuang-ABCA-1.098_query_niche_207_123,Zhuang-ABCA-1.098,Zhuang-ABCA-3.004,3
105,gene_expr,Zhuang-ABCA-1.098_query_niche_207_123,Zhuang-ABCA-1.098,Zhuang-ABCA-3.004,3
106,gene_expr_quest,Zhuang-ABCA-1.098_query_niche_207_123,Zhuang-ABCA-1.098,Zhuang-ABCA-3.005,3
107,scgpt,Zhuang-ABCA-1.098_query_niche_207_123,Zhuang-ABCA-1.098,Zhuang-ABCA-3.005,3
108,gene_expr,Zhuang-ABCA-1.098_query_niche_207_123,Zhuang-ABCA-1.098,Zhuang-ABCA-3.005,3
109,gene_expr_quest,Zhuang-ABCA-1.099_query_niche_207_123,Zhuang-ABCA-1.099,C57BL6J-638850.28,3
110,scgpt,Zhuang-ABCA-1.099_query_niche_207_123,Zhuang-ABCA-1.099,C57BL6J-638850.28,3
111,gene_expr,Zhuang-ABCA-1.099_query_niche_207_123,Zhuang-ABCA-1.099,C57BL6J-638850.28,3
112,gene_expr_quest,Zhuang-ABCA-1.099_query_niche_207_123,Zhuang-ABCA-1.099,C57BL6J-638850.29,3
113,scgpt,Zhuang-ABCA-1.099_query_niche_207_123,Zhuang-ABCA-1.099,C57BL6J-638850.29,3
114,gene_expr,Zhuang-ABCA-1.099_query_niche_207_123,Zhuang-ABCA-1.099,C57BL6J-638850.29,3
115,gene_expr_quest,Zhuang-ABCA-1.099_query_niche_207_123,Zhuang-ABCA-1.099,C57BL6J-638850.30,3
116,scgpt,Zhuang-ABCA-1.099_query_niche_207_123,Zhuang-ABCA-1.099,C57BL6J-638850.30,3
117,gene_expr,Zhuang-ABCA-1.099_query_niche_207_123,Zhuang-ABCA-1.099,C57BL6J-638850.30,3
118,gene_expr_quest,Zhuang-ABCA-1.099_query_niche_207_123,Zhuang-ABCA-1.099,C57BL6J-638850.31,3
119,scgpt,Zhuang-ABCA-1.099_query_niche_207_123,Zhuang-ABCA-1.099,C57BL6J-638850.31,3
120,gene_expr,Zhuang-ABCA-1.099_query_niche_207_123,Zhuang-ABCA-1.099,C57BL6J-638850.31,3
121,gene_expr_quest,Zhuang-ABCA-1.099_query_niche_207_123,Zhuang-ABCA-1.099,Zhuang-ABCA-1.096,3
122,scgpt,Zhuang-ABCA-1.099_query_niche_207_123,Zhuang-ABCA-1.099,Zhuang-ABCA-1.096,3
123,gene_expr,Zhuang-ABCA-1.099_query_niche_207_123,Zhuang-ABCA-1.099,Zhuang-ABCA-1.096,3
124,gene_expr_quest,Zhuang-ABCA-1.099_query_niche_207_123,Zhuang-ABCA-1.099,Zhuang-ABCA-1.097,3
125,scgpt,Zhuang-ABCA-1.099_query_niche_207_123,Zhuang-ABCA-1.099,Zhuang-ABCA-1.097,3
126,gene_expr,Zhuang-ABCA-1.099_query_niche_207_123,Zhuang-ABCA-1.099,Zhuang-ABCA-1.097,3
127,gene_expr_quest,Zhuang-ABCA-1.099_query_niche_207_123,Zhuang-ABCA-1.099,Zhuang-ABCA-1.098,3
128,scgpt,Zhuang-ABCA-1.099_query_niche_207_123,Zhuang-ABCA-1.099,Zhuang-ABCA-1.098,3
129,gene_expr,Zhuang-ABCA-1.099_query_niche_207_123,Zhuang-ABCA-1.099,Zhuang-ABCA-1.098,3
130,gene_expr_quest,Zhuang-ABCA-1.099_query_niche_207_123,Zhuang-ABCA-1.099,Zhuang-ABCA-1.099,3
131,scgpt,Zhuang-ABCA-1.099_query_niche_207_123,Zhuang-ABCA-1.099,Zhuang-ABCA-1.099,3
132,gene_expr,Zhuang-ABCA-1.099_query_niche_207_123,Zhuang-ABCA-1.099,Zhuang-ABCA-1.099,3
133,gene_expr_quest,Zhuang-ABCA-1.099_query_niche_207_123,Zhuang-ABCA-1.099,Zhuang-ABCA-3.001,3
134,scgpt,Zhuang-ABCA-1.099_query_niche_207_123,Zhuang-ABCA-1.099,Zhuang-ABCA-3.001,3
135,gene_expr,Zhuang-ABCA-1.099_query_niche_207_123,Zhuang-ABCA-1.099,Zhuang-ABCA-3.001,3
136,gene_expr_quest,Zhuang-ABCA-1.099_query_niche_207_123,Zhuang-ABCA-1.099,Zhuang-ABCA-3.002,3
137,scgpt,Zhuang-ABCA-1.099_query_niche_207_123,Zhuang-ABCA-1.099,Zhuang-ABCA-3.002,3
138,gene_expr,Zhuang-ABCA-1.099_query_niche_207_123,Zhuang-ABCA-1.099,Zhuang-ABCA-3.002,3
139,gene_expr_quest,Zhuang-ABCA-1.099_query_niche_207_123,Zhuang-ABCA-1.099,Zhuang-ABCA-3.004,3
140,scgpt,Zhuang-ABCA-1.099_query_niche_207_123,Zhuang-ABCA-1.099,Zhuang-ABCA-3.004,3
141,gene_expr,Zhuang-ABCA-1.099_query_niche_207_123,Zhuang-ABCA-1.099,Zhuang-ABCA-3.004,3
142,gene_expr_quest,Zhuang-ABCA-1.099_query_niche_207_123,Zhuang-ABCA-1.099,Zhuang-ABCA-3.005,3
143,scgpt,Zhuang-ABCA-1.099_query_niche_207_123,Zhuang-ABCA-1.099,Zhuang-ABCA-3.005,3
144,gene_expr,Zhuang-ABCA-1.099_query_niche_207_123,Zhuang-ABCA-1.099,Zhuang-ABCA-3.005,3
145,gene_expr_quest,C57BL6J-638850.28_query_niche_9_15,C57BL6J-638850.28,C57BL6J-638850.28,3
146,scgpt,C57BL6J-638850.28_query_niche_9_15,C57BL6J-638850.28,C57BL6J-638850.28,3
147,gene_expr,C57BL6J-638850.28_query_niche_9_15,C57BL6J-638850.28,C57BL6J-638850.28,3
148,gene_expr_quest,C57BL6J-638850.28_query_niche_9_15,C57BL6J-638850.28,C57BL6J-638850.29,3
149,scgpt,C57BL6J-638850.28_query_niche_9_15,C57BL6J-638850.28,C57BL6J-638850.29,3
150,gene_expr,C57BL6J-638850.28_query_niche_9_15,C57BL6J-638850.28,C57BL6J-638850.29,3
151,gene_expr_quest,C57BL6J-638850.28_query_niche_9_15,C57BL6J-638850.28,C57BL6J-638850.30,3
152,scgpt,C57BL6J-638850.28_query_niche_9_15,C57BL6J-638850.28,C57BL6J-638850.30,3
153,gene_expr,C57BL6J-638850.28_query_niche_9_15,C57BL6J-638850.28,C57BL6J-638850.30,3
154,gene_expr_quest,C57BL6J-638850.28_query_niche_9_15,C57BL6J-638850.28,C57BL6J-638850.31,3
155,scgpt,C57BL6J-638850.28_query_niche_9_15,C57BL6J-638850.28,C57BL6J-638850.31,3
156,gene_expr,C57BL6J-638850.28_query_niche_9_15,C57BL6J-638850.28,C57BL6J-638850.31,3
157,gene_expr_quest,C57BL6J-638850.28_query_niche_9_15,C57BL6J-638850.28,Zhuang-ABCA-1.096,3
158,scgpt,C57BL6J-638850.28_query_niche_9_15,C57BL6J-638850.28,Zhuang-ABCA-1.096,3
159,gene_expr,C57BL6J-638850.28_query_niche_9_15,C57BL6J-638850.28,Zhuang-ABCA-1.096,3
160,gene_expr_quest,C57BL6J-638850.28_query_niche_9_15,C57BL6J-638850.28,Zhuang-ABCA-1.097,3
161,scgpt,C57BL6J-638850.28_query_niche_9_15,C57BL6J-638850.28,Zhuang-ABCA-1.097,3
162,gene_expr,C57BL6J-638850.28_query_niche_9_15,C57BL6J-638850.28,Zhuang-ABCA-1.097,3
163,gene_expr_quest,C57BL6J-638850.28_query_niche_9_15,C57BL6J-638850.28,Zhuang-ABCA-1.098,3
164,scgpt,C57BL6J-638850.28_query_niche_9_15,C57BL6J-638850.28,Zhuang-ABCA-1.098,3
165,gene_expr,C57BL6J-638850.28_query_niche_9_15,C57BL6J-638850.28,Zhuang-ABCA-1.098,3
166,gene_expr_quest,C57BL6J-638850.28_query_niche_9_15,C57BL6J-638850.28,Zhuang-ABCA-1.099,3
167,scgpt,C57BL6J-638850.28_query_niche_9_15,C57BL6J-638850.28,Zhuang-ABCA-1.099,3
168,gene_expr,C57BL6J-638850.28_query_niche_9_15,C57BL6J-638850.28,Zhuang-ABCA-1.099,3
169,gene_expr_quest,C57BL6J-638850.28_query_niche_9_15,C57BL6J-638850.28,Zhuang-ABCA-3.001,3
170,scgpt,C57BL6J-638850.28_query_niche_9_15,C57BL6J-638850.28,Zhuang-ABCA-3.001,3
171,gene_expr,C57BL6J-638850.28_query_niche_9_15,C57BL6J-638850.28,Zhuang-ABCA-3.001,3
172,gene_expr_quest,C57BL6J-638850.28_query_niche_9_15,C57BL6J-638850.28,Zhuang-ABCA-3.002,3
173,scgpt,C57BL6J-638850.28_query_niche_9_15,C57BL6J-638850.28,Zhuang-ABCA-3.002,3
174,gene_expr,C57BL6J-638850.28_query_niche_9_15,C57BL6J-638850.28,Zhuang-ABCA-3.002,3
175,gene_expr_quest,C57BL6J-638850.28_query_niche_9_15,C57BL6J-638850.28,Zhuang-ABCA-3.004,3
176,scgpt,C57BL6J-638850.28_query_niche_9_15,C57BL6J-638850.28,Zhuang-ABCA-3.004,3
177,gene_expr,C57BL6J-638850.28_query_niche_9_15,C57BL6J-638850.28,Zhuang-ABCA-3.004,3
178,gene_expr_quest,C57BL6J-638850.28_query_niche_9_15,C57BL6J-638850.28,Zhuang-ABCA-3.005,3
179,scgpt,C57BL6J-638850.28_query_niche_9_15,C57BL6J-638850.28,Zhuang-ABCA-3.005,3
180,gene_expr,C57BL6J-638850.28_query_niche_9_15,C57BL6J-638850.28,Zhuang-ABCA-3.005,3
181,gene_expr_quest,C57BL6J-638850.29_query_niche_9_15,C57BL6J-638850.29,C57BL6J-638850.28,3
182,scgpt,C57BL6J-638850.29_query_niche_9_15,C57BL6J-638850.29,C57BL6J-638850.28,3
183,gene_expr,C57BL6J-638850.29_query_niche_9_15,C57BL6J-638850.29,C57BL6J-638850.28,3
184,gene_expr_quest,C57BL6J-638850.29_query_niche_9_15,C57BL6J-638850.29,C57BL6J-638850.29,3
185,scgpt,C57BL6J-638850.29_query_niche_9_15,C57BL6J-638850.29,C57BL6J-638850.29,3
186,gene_expr,C57BL6J-638850.29_query_niche_9_15,C57BL6J-638850.29,C57BL6J-638850.29,3
187,gene_expr_quest,C57BL6J-638850.29_query_niche_9_15,C57BL6J-638850.29,C57BL6J-638850.30,3
188,scgpt,C57BL6J-638850.29_query_niche_9_15,C57BL6J-638850.29,C57BL6J-638850.30,3
189,gene_expr,C57BL6J-638850.29_query_niche_9_15,C57BL6J-638850.29,C57BL6J-638850.30,3
190,gene_expr_quest,C57BL6J-638850.29_query_niche_9_15,C57BL6J-638850.29,C57BL6J-638850.31,3
191,scgpt,C57BL6J-638850.29_query_niche_9_15,C57BL6J-638850.29,C57BL6J-638850.31,3
192,gene_expr,C57BL6J-638850.29_query_niche_9_15,C57BL6J-638850.29,C57BL6J-638850.31,3
193,gene_expr_quest,C57BL6J-638850.29_query_niche_9_15,C57BL6J-638850.29,Zhuang-ABCA-1.096,3
194,scgpt,C57BL6J-638850.29_query_niche_9_15,C57BL6J-638850.29,Zhuang-ABCA-1.096,3
195,gene_expr,C57BL6J-638850.29_query_niche_9_15,C57BL6J-638850.29,Zhuang-ABCA-1.096,3
196,gene_expr_quest,C57BL6J-638850.29_query_niche_9_15,C57BL6J-638850.29,Zhuang-ABCA-1.097,3
197,scgpt,C57BL6J-638850.29_query_niche_9_15,C57BL6J-638850.29,Zhuang-ABCA-1.097,3
198,gene_expr,C57BL6J-638850.29_query_niche_9_15,C57BL6J-638850.29,Zhuang-ABCA-1.097,3
199,gene_expr_quest,C57BL6J-638850.29_query_niche_9_15,C57BL6J-638850.29,Zhuang-ABCA-1.098,3
200,scgpt,C57BL6J-638850.29_query_niche_9_15,C57BL6J-638850.29,Zhuang-ABCA-1.098,3
201,gene_expr,C57BL6J-638850.29_query_niche_9_15,C57BL6J-638850.29,Zhuang-ABCA-1.098,3
202,gene_expr_quest,C57BL6J-638850.29_query_niche_9_15,C57BL6J-638850.29,Zhuang-ABCA-1.099,3
203,scgpt,C57BL6J-638850.29_query_niche_9_15,C57BL6J-638850.29,Zhuang-ABCA-1.099,3
204,gene_expr,C57BL6J-638850.29_query_niche_9_15,C57BL6J-638850.29,Zhuang-ABCA-1.099,3
205,gene_expr_quest,C57BL6J-638850.29_query_niche_9_15,C57BL6J-638850.29,Zhuang-ABCA-3.001,3
206,scgpt,C57BL6J-638850.29_query_niche_9_15,C57BL6J-638850.29,Zhuang-ABCA-3.001,3
207,gene_expr,C57BL6J-638850.29_query_niche_9_15,C57BL6J-638850.29,Zhuang-ABCA-3.001,3
208,gene_expr_quest,C57BL6J-638850.29_query_niche_9_15,C57BL6J-638850.29,Zhuang-ABCA-3.002,3
209,scgpt,C57BL6J-638850.29_query_niche_9_15,C57BL6J-638850.29,Zhuang-ABCA-3.002,3
210,gene_expr,C57BL6J-638850.29_query_niche_9_15,C57BL6J-638850.29,Zhuang-ABCA-3.002,3
211,gene_expr_quest,C57BL6J-638850.29_query_niche_9_15,C57BL6J-638850.29,Zhuang-ABCA-3.004,3
212,scgpt,C57BL6J-638850.29_query_niche_9_15,C57BL6J-638850.29,Zhuang-ABCA-3.004,3
213,gene_expr,C57BL6J-638850.29_query_niche_9_15,C57BL6J-638850.29,Zhuang-ABCA-3.004,3
214,gene_expr_quest,C57BL6J-638850.29_query_niche_9_15,C57BL6J-638850.29,Zhuang-ABCA-3.005,3
215,scgpt,C57BL6J-638850.29_query_niche_9_15,C57BL6J-638850.29,Zhuang-ABCA-3.005,3
216,gene_expr,C57BL6J-638850.29_query_niche_9_15,C57BL6J-638850.29,Zhuang-ABCA-3.005,3
217,gene_expr_quest,C57BL6J-638850.30_query_niche_9_15,C57BL6J-638850.30,C57BL6J-638850.28,3
218,scgpt,C57BL6J-638850.30_query_niche_9_15,C57BL6J-638850.30,C57BL6J-638850.28,3
219,gene_expr,C57BL6J-638850.30_query_niche_9_15,C57BL6J-638850.30,C57BL6J-638850.28,3
220,gene_expr_quest,C57BL6J-638850.30_query_niche_9_15,C57BL6J-638850.30,C57BL6J-638850.29,3
221,scgpt,C57BL6J-638850.30_query_niche_9_15,C57BL6J-638850.30,C57BL6J-638850.29,3
222,gene_expr,C57BL6J-638850.30_query_niche_9_15,C57BL6J-638850.30,C57BL6J-638850.29,3
223,gene_expr_quest,C57BL6J-638850.30_query_niche_9_15,C57BL6J-638850.30,C57BL6J-638850.30,3
224,scgpt,C57BL6J-638850.30_query_niche_9_15,C57BL6J-638850.30,C57BL6J-638850.30,3
225,gene_expr,C57BL6J-638850.30_query_niche_9_15,C57BL6J-638850.30,C57BL6J-638850.30,3
226,gene_expr_quest,C57BL6J-638850.30_query_niche_9_15,C57BL6J-638850.30,C57BL6J-638850.31,3
227,scgpt,C57BL6J-638850.30_query_niche_9_15,C57BL6J-638850.30,C57BL6J-638850.31,3
228,gene_expr,C57BL6J-638850.30_query_niche_9_15,C57BL6J-638850.30,C57BL6J-638850.31,3
229,gene_expr_quest,C57BL6J-638850.30_query_niche_9_15,C57BL6J-638850.30,Zhuang-ABCA-1.096,3
230,scgpt,C57BL6J-638850.30_query_niche_9_15,C57BL6J-638850.30,Zhuang-ABCA-1.096,3
231,gene_expr,C57BL6J-638850.30_query_niche_9_15,C57BL6J-638850.30,Zhuang-ABCA-1.096,3
232,gene_expr_quest,C57BL6J-638850.30_query_niche_9_15,C57BL6J-638850.30,Zhuang-ABCA-1.097,3
233,scgpt,C57BL6J-638850.30_query_niche_9_15,C57BL6J-638850.30,Zhuang-ABCA-1.097,3
234,gene_expr,C57BL6J-638850.30_query_niche_9_15,C57BL6J-638850.30,Zhuang-ABCA-1.097,3
235,gene_expr_quest,C57BL6J-638850.30_query_niche_9_15,C57BL6J-638850.30,Zhuang-ABCA-1.098,3
236,scgpt,C57BL6J-638850.30_query_niche_9_15,C57BL6J-638850.30,Zhuang-ABCA-1.098,3
237,gene_expr,C57BL6J-638850.30_query_niche_9_15,C57BL6J-638850.30,Zhuang-ABCA-1.098,3
238,gene_expr_quest,C57BL6J-638850.30_query_niche_9_15,C57BL6J-638850.30,Zhuang-ABCA-1.099,3
239,scgpt,C57BL6J-638850.30_query_niche_9_15,C57BL6J-638850.30,Zhuang-ABCA-1.099,3
240,gene_expr,C57BL6J-638850.30_query_niche_9_15,C57BL6J-638850.30,Zhuang-ABCA-1.099,3
241,gene_expr_quest,C57BL6J-638850.30_query_niche_9_15,C57BL6J-638850.30,Zhuang-ABCA-3.001,3
242,scgpt,C57BL6J-638850.30_query_niche_9_15,C57BL6J-638850.30,Zhuang-ABCA-3.001,3
243,gene_expr,C57BL6J-638850.30_query_niche_9_15,C57BL6J-638850.30,Zhuang-ABCA-3.001,3
244,gene_expr_quest,C57BL6J-638850.30_query_niche_9_15,C57BL6J-638850.30,Zhuang-ABCA-3.002,3
245,scgpt,C57BL6J-638850.30_query_niche_9_15,C57BL6J-638850.30,Zhuang-ABCA-3.002,3
246,gene_expr,C57BL6J-638850.30_query_niche_9_15,C57BL6J-638850.30,Zhuang-ABCA-3.002,3
247,gene_expr_quest,C57BL6J-638850.30_query_niche_9_15,C57BL6J-638850.30,Zhuang-ABCA-3.004,3
248,scgpt,C57BL6J-638850.30_query_niche_9_15,C57BL6J-638850.30,Zhuang-ABCA-3.004,3
249,gene_expr,C57BL6J-638850.30_query_niche_9_15,C57BL6J-638850.30,Zhuang-ABCA-3.004,3
250,gene_expr_quest,C57BL6J-638850.30_query_niche_9_15,C57BL6J-638850.30,Zhuang-ABCA-3.005,3
251,scgpt,C57BL6J-638850.30_query_niche_9_15,C57BL6J-638850.30,Zhuang-ABCA-3.005,3
252,gene_expr,C57BL6J-638850.30_query_niche_9_15,C57BL6J-638850.30,Zhuang-ABCA-3.005,3
253,gene_expr_quest,C57BL6J-638850.31_query_niche_9_15,C57BL6J-638850.31,C57BL6J-638850.28,3
254,scgpt,C57BL6J-638850.31_query_niche_9_15,C57BL6J-638850.31,C57BL6J-638850.28,3
255,gene_expr,C57BL6J-638850.31_query_niche_9_15,C57BL6J-638850.31,C57BL6J-638850.28,3
256,gene_expr_quest,C57BL6J-638850.31_query_niche_9_15,C57BL6J-638850.31,C57BL6J-638850.29,3
257,scgpt,C57BL6J-638850.31_query_niche_9_15,C57BL6J-638850.31,C57BL6J-638850.29,3
258,gene_expr,C57BL6J-638850.31_query_niche_9_15,C57BL6J-638850.31,C57BL6J-638850.29,3
259,gene_expr_quest,C57BL6J-638850.31_query_niche_9_15,C57BL6J-638850.31,C57BL6J-638850.30,3
260,scgpt,C57BL6J-638850.31_query_niche_9_15,C57BL6J-638850.31,C57BL6J-638850.30,3
261,gene_expr,C57BL6J-638850.31_query_niche_9_15,C57BL6J-638850.31,C57BL6J-638850.30,3
262,gene_expr_quest,C57BL6J-638850.31_query_niche_9_15,C57BL6J-638850.31,C57BL6J-638850.31,3
263,scgpt,C57BL6J-638850.31_query_niche_9_15,C57BL6J-638850.31,C57BL6J-638850.31,3
264,gene_expr,C57BL6J-638850.31_query_niche_9_15,C57BL6J-638850.31,C57BL6J-638850.31,3
265,gene_expr_quest,C57BL6J-638850.31_query_niche_9_15,C57BL6J-638850.31,Zhuang-ABCA-1.096,3
266,scgpt,C57BL6J-638850.31_query_niche_9_15,C57BL6J-638850.31,Zhuang-ABCA-1.096,3
267,gene_expr,C57BL6J-638850.31_query_niche_9_15,C57BL6J-638850.31,Zhuang-ABCA-1.096,3
268,gene_expr_quest,C57BL6J-638850.31_query_niche_9_15,C57BL6J-638850.31,Zhuang-ABCA-1.097,3
269,scgpt,C57BL6J-638850.31_query_niche_9_15,C57BL6J-638850.31,Zhuang-ABCA-1.097,3
270,gene_expr,C57BL6J-638850.31_query_niche_9_15,C57BL6J-638850.31,Zhuang-ABCA-1.097,3
271,gene_expr_quest,C57BL6J-638850.31_query_niche_9_15,C57BL6J-638850.31,Zhuang-ABCA-1.098,3
272,scgpt,C57BL6J-638850.31_query_niche_9_15,C57BL6J-638850.31,Zhuang-ABCA-1.098,3
273,gene_expr,C57BL6J-638850.31_query_niche_9_15,C57BL6J-638850.31,Zhuang-ABCA-1.098,3
274,gene_expr_quest,C57BL6J-638850.31_query_niche_9_15,C57BL6J-638850.31,Zhuang-ABCA-1.099,3
275,scgpt,C57BL6J-638850.31_query_niche_9_15,C57BL6J-638850.31,Zhuang-ABCA-1.099,3
276,gene_expr,C57BL6J-638850.31_query_niche_9_15,C57BL6J-638850.31,Zhuang-ABCA-1.099,3
277,gene_expr_quest,C57BL6J-638850.31_query_niche_9_15,C57BL6J-638850.31,Zhuang-ABCA-3.001,3
278,scgpt,C57BL6J-638850.31_query_niche_9_15,C57BL6J-638850.31,Zhuang-ABCA-3.001,3
279,gene_expr,C57BL6J-638850.31_query_niche_9_15,C57BL6J-638850.31,Zhuang-ABCA-3.001,3
280,gene_expr_quest,C57BL6J-638850.31_query_niche_9_15,C57BL6J-638850.31,Zhuang-ABCA-3.002,3
281,scgpt,C57BL6J-638850.31_query_niche_9_15,C57BL6J-638850.31,Zhuang-ABCA-3.002,3
282,gene_expr,C57BL6J-638850.31_query_niche_9_15,C57BL6J-638850.31,Zhuang-ABCA-3.002,3
283,gene_expr_quest,C57BL6J-638850.31_query_niche_9_15,C57BL6J-638850.31,Zhuang-ABCA-3.004,3
284,scgpt,C57BL6J-638850.31_query_niche_9_15,C57BL6J-638850.31,Zhuang-ABCA-3.004,3
285,gene_expr,C57BL6J-638850.31_query_niche_9_15,C57BL6J-638850.31,Zhuang-ABCA-3.004,3
286,gene_expr_quest,C57BL6J-638850.31_query_niche_9_15,C57BL6J-638850.31,Zhuang-ABCA-3.005,3
287,scgpt,C57BL6J-638850.31_query_niche_9_15,C57BL6J-638850.31,Zhuang-ABCA-3.005,3
288,gene_expr,C57BL6J-638850.31_query_niche_9_15,C57BL6J-638850.31,Zhuang-ABCA-3.005,3
289,quest_scgpt,Zhuang-ABCA-1.096_query_niche_207_123,Zhuang-ABCA-1.096,C57BL6J-638850.28,3
290,quest_scgpt,Zhuang-ABCA-1.096_query_niche_207_123,Zhuang-ABCA-1.096,C57BL6J-638850.29,3
291,quest_scgpt,Zhuang-ABCA-1.096_query_niche_207_123,Zhuang-ABCA-1.096,C57BL6J-638850.30,3
292,quest_scgpt,Zhuang-ABCA-1.096_query_niche_207_123,Zhuang-ABCA-1.096,C57BL6J-638850.31,3
293,quest_scgpt,Zhuang-ABCA-1.096_query_niche_207_123,Zhuang-ABCA-1.096,Zhuang-ABCA-1.096,3
294,quest_scgpt,Zhuang-ABCA-1.096_query_niche_207_123,Zhuang-ABCA-1.096,Zhuang-ABCA-1.097,3
295,quest_scgpt,Zhuang-ABCA-1.096_query_niche_207_123,Zhuang-ABCA-1.096,Zhuang-ABCA-1.098,3
296,quest_scgpt,Zhuang-ABCA-1.096_query_niche_207_123,Zhuang-ABCA-1.096,Zhuang-ABCA-1.099,3
297,quest_scgpt,Zhuang-ABCA-1.096_query_niche_207_123,Zhuang-ABCA-1.096,Zhuang-ABCA-3.001,3
298,quest_scgpt,Zhuang-ABCA-1.096_query_niche_207_123,Zhuang-ABCA-1.096,Zhuang-ABCA-3.002,3
299,quest_scgpt,Zhuang-ABCA-1.096_query_niche_207_123,Zhuang-ABCA-1.096,Zhuang-ABCA-3.004,3
300,quest_scgpt,Zhuang-ABCA-1.096_query_niche_207_123,Zhuang-ABCA-1.096,Zhuang-ABCA-3.005,3
301,quest_scgpt,Zhuang-ABCA-1.097_query_niche_207_123,Zhuang-ABCA-1.097,C57BL6J-638850.28,3
302,quest_scgpt,Zhuang-ABCA-1.097_query_niche_207_123,Zhuang-ABCA-1.097,C57BL6J-638850.29,3
303,quest_scgpt,Zhuang-ABCA-1.097_query_niche_207_123,Zhuang-ABCA-1.097,C57BL6J-638850.30,3
304,quest_scgpt,Zhuang-ABCA-1.097_query_niche_207_123,Zhuang-ABCA-1.097,C57BL6J-638850.31,3
305,quest_scgpt,Zhuang-ABCA-1.097_query_niche_207_123,Zhuang-ABCA-1.097,Zhuang-ABCA-1.096,3
306,quest_scgpt,Zhuang-ABCA-1.097_query_niche_207_123,Zhuang-ABCA-1.097,Zhuang-ABCA-1.097,3
307,quest_scgpt,Zhuang-ABCA-1.097_query_niche_207_123,Zhuang-ABCA-1.097,Zhuang-ABCA-1.098,3
308,quest_scgpt,Zhuang-ABCA-1.097_query_niche_207_123,Zhuang-ABCA-1.097,Zhuang-ABCA-1.099,3
309,quest_scgpt,Zhuang-ABCA-1.097_query_niche_207_123,Zhuang-ABCA-1.097,Zhuang-ABCA-3.001,3
310,quest_scgpt,Zhuang-ABCA-1.097_query_niche_207_123,Zhuang-ABCA-1.097,Zhuang-ABCA-3.002,3
311,quest_scgpt,Zhuang-ABCA-1.097_query_niche_207_123,Zhuang-ABCA-1.097,Zhuang-ABCA-3.004,3
312,quest_scgpt,Zhuang-ABCA-1.097_query_niche_207_123,Zhuang-ABCA-1.097,Zhuang-ABCA-3.005,3
313,quest_scgpt,Zhuang-ABCA-1.098_query_niche_207_123,Zhuang-ABCA-1.098,C57BL6J-638850.28,3
314,quest_scgpt,Zhuang-ABCA-1.098_query_niche_207_123,Zhuang-ABCA-1.098,C57BL6J-638850.29,3
315,quest_scgpt,Zhuang-ABCA-1.098_query_niche_207_123,Zhuang-ABCA-1.098,C57BL6J-638850.30,3
316,quest_scgpt,Zhuang-ABCA-1.098_query_niche_207_123,Zhuang-ABCA-1.098,C57BL6J-638850.31,3
317,quest_scgpt,Zhuang-ABCA-1.098_query_niche_207_123,Zhuang-ABCA-1.098,Zhuang-ABCA-1.096,3
318,quest_scgpt,Zhuang-ABCA-1.098_query_niche_207_123,Zhuang-ABCA-1.098,Zhuang-ABCA-1.097,3
319,quest_scgpt,Zhuang-ABCA-1.098_query_niche_207_123,Zhuang-ABCA-1.098,Zhuang-ABCA-1.098,3
320,quest_scgpt,Zhuang-ABCA-1.098_query_niche_207_123,Zhuang-ABCA-1.098,Zhuang-ABCA-1.099,3
321,quest_scgpt,Zhuang-ABCA-1.098_query_niche_207_123,Zhuang-ABCA-1.098,Zhuang-ABCA-3.001,3
322,quest_scgpt,Zhuang-ABCA-1.098_query_niche_207_123,Zhuang-ABCA-1.098,Zhuang-ABCA-3.002,3
323,quest_scgpt,Zhuang-ABCA-1.098_query_niche_207_123,Zhuang-ABCA-1.098,Zhuang-ABCA-3.004,3
324,quest_scgpt,Zhuang-ABCA-1.098_query_niche_207_123,Zhuang-ABCA-1.098,Zhuang-ABCA-3.005,3
325,quest_scgpt,Zhuang-ABCA-1.099_query_niche_207_123,Zhuang-ABCA-1.099,C57BL6J-638850.28,3
326,quest_scgpt,Zhuang-ABCA-1.099_query_niche_207_123,Zhuang-ABCA-1.099,C57BL6J-638850.29,3
327,quest_scgpt,Zhuang-ABCA-1.099_query_niche_207_123,Zhuang-ABCA-1.099,C57BL6J-638850.30,3
328,quest_scgpt,Zhuang-ABCA-1.099_query_niche_207_123,Zhuang-ABCA-1.099,C57BL6J-638850.31,3
329,quest_scgpt,Zhuang-ABCA-1.099_query_niche_207_123,Zhuang-ABCA-1.099,Zhuang-ABCA-1.096,3
330,quest_scgpt,Zhuang-ABCA-1.099_query_niche_207_123,Zhuang-ABCA-1.099,Zhuang-ABCA-1.097,3
331,quest_scgpt,Zhuang-ABCA-1.099_query_niche_207_123,Zhuang-ABCA-1.099,Zhuang-ABCA-1.098,3
332,quest_scgpt,Zhuang-ABCA-1.099_query_niche_207_123,Zhuang-ABCA-1.099,Zhuang-ABCA-1.099,3
333,quest_scgpt,Zhuang-ABCA-1.099_query_niche_207_123,Zhuang-ABCA-1.099,Zhuang-ABCA-3.001,3
334,quest_scgpt,Zhuang-ABCA-1.099_query_niche_207_123,Zhuang-ABCA-1.099,Zhuang-ABCA-3.002,3
335,quest_scgpt,Zhuang-ABCA-1.099_query_niche_207_123,Zhuang-ABCA-1.099,Zhuang-ABCA-3.004,3
336,quest_scgpt,Zhuang-ABCA-1.099_query_niche_207_123,Zhuang-ABCA-1.099,Zhuang-ABCA-3.005,3
337,quest_scgpt,C57BL6J-638850.28_query_niche_9_15,C57BL6J-638850.28,C57BL6J-638850.28,3
338,quest_scgpt,C57BL6J-638850.28_query_niche_9_15,C57BL6J-638850.28,C57BL6J-638850.29,3
339,quest_scgpt,C57BL6J-638850.28_query_niche_9_15,C57BL6J-638850.28,C57BL6J-638850.30,3
340,quest_scgpt,C57BL6J-638850.28_query_niche_9_15,C57BL6J-638850.28,C57BL6J-638850.31,3
341,quest_scgpt,C57BL6J-638850.28_query_niche_9_15,C57BL6J-638850.28,Zhuang-ABCA-1.096,3
342,quest_scgpt,C57BL6J-638850.28_query_niche_9_15,C57BL6J-638850.28,Zhuang-ABCA-1.097,3
343,quest_scgpt,C57BL6J-638850.28_query_niche_9_15,C57BL6J-638850.28,Zhuang-ABCA-1.098,3
344,quest_scgpt,C57BL6J-638850.28_query_niche_9_15,C57BL6J-638850.28,Zhuang-ABCA-1.099,3
345,quest_scgpt,C57BL6J-638850.28_query_niche_9_15,C57BL6J-638850.28,Zhuang-ABCA-3.001,3
346,quest_scgpt,C57BL6J-638850.28_query_niche_9_15,C57BL6J-638850.28,Zhuang-ABCA-3.002,3
347,quest_scgpt,C57BL6J-638850.28_query_niche_9_15,C57BL6J-638850.28,Zhuang-ABCA-3.004,3
348,quest_scgpt,C57BL6J-638850.28_query_niche_9_15,C57BL6J-638850.28,Zhuang-ABCA-3.005,3
349,quest_scgpt,C57BL6J-638850.29_query_niche_9_15,C57BL6J-638850.29,C57BL6J-638850.28,3
350,quest_scgpt,C57BL6J-638850.29_query_niche_9_15,C57BL6J-638850.29,C57BL6J-638850.29,3
351,quest_scgpt,C57BL6J-638850.29_query_niche_9_15,C57BL6J-638850.29,C57BL6J-638850.30,3
352,quest_scgpt,C57BL6J-638850.29_query_niche_9_15,C57BL6J-638850.29,C57BL6J-638850.31,3
353,quest_scgpt,C57BL6J-638850.29_query_niche_9_15,C57BL6J-638850.29,Zhuang-ABCA-1.096,3
354,quest_scgpt,C57BL6J-638850.29_query_niche_9_15,C57BL6J-638850.29,Zhuang-ABCA-1.097,3
355,quest_scgpt,C57BL6J-638850.29_query_niche_9_15,C57BL6J-638850.29,Zhuang-ABCA-1.098,3
356,quest_scgpt,C57BL6J-638850.29_query_niche_9_15,C57BL6J-638850.29,Zhuang-ABCA-1.099,3
357,quest_scgpt,C57BL6J-638850.29_query_niche_9_15,C57BL6J-638850.29,Zhuang-ABCA-3.001,3
358,quest_scgpt,C57BL6J-638850.29_query_niche_9_15,C57BL6J-638850.29,Zhuang-ABCA-3.002,3
359,quest_scgpt,C57BL6J-638850.29_query_niche_9_15,C57BL6J-638850.29,Zhuang-ABCA-3.004,3
360,quest_scgpt,C57BL6J-638850.29_query_niche_9_15,C57BL6J-638850.29,Zhuang-ABCA-3.005,3
361,quest_scgpt,C57BL6J-638850.30_query_niche_9_15,C57BL6J-638850.30,C57BL6J-638850.28,3
362,quest_scgpt,C57BL6J-638850.30_query_niche_9_15,C57BL6J-638850.30,C57BL6J-638850.29,3
363,quest_scgpt,C57BL6J-638850.30_query_niche_9_15,C57BL6J-638850.30,C57BL6J-638850.30,3
364,quest_scgpt,C57BL6J-638850.30_query_niche_9_15,C57BL6J-638850.30,C57BL6J-638850.31,3
365,quest_scgpt,C57BL6J-638850.30_query_niche_9_15,C57BL6J-638850.30,Zhuang-ABCA-1.096,3
366,quest_scgpt,C57BL6J-638850.30_query_niche_9_15,C57BL6J-638850.30,Zhuang-ABCA-1.097,3
367,quest_scgpt,C57BL6J-638850.30_query_niche_9_15,C57BL6J-638850.30,Zhuang-ABCA-1.098,3
368,quest_scgpt,C57BL6J-638850.30_query_niche_9_15,C57BL6J-638850.30,Zhuang-ABCA-1.099,3
369,quest_scgpt,C57BL6J-638850.30_query_niche_9_15,C57BL6J-638850.30,Zhuang-ABCA-3.001,3
370,quest_scgpt,C57BL6J-638850.30_query_niche_9_15,C57BL6J-638850.30,Zhuang-ABCA-3.002,3
371,quest_scgpt,C57BL6J-638850.30_query_niche_9_15,C57BL6J-638850.30,Zhuang-ABCA-3.004,3
372,quest_scgpt,C57BL6J-638850.30_query_niche_9_15,C57BL6J-638850.30,Zhuang-ABCA-3.005,3
373,quest_scgpt,C57BL6J-638850.31_query_niche_9_15,C57BL6J-638850.31,C57BL6J-638850.28,3
374,quest_scgpt,C57BL6J-638850.31_query_niche_9_15,C57BL6J-638850.31,C57BL6J-638850.29,3
375,quest_scgpt,C57BL6J-638850.31_query_niche_9_15,C57BL6J-638850.31,C57BL6J-638850.30,3
376,quest_scgpt,C57BL6J-638850.31_query_niche_9_15,C57BL6J-638850.31,C57BL6J-638850.31,3
377,quest_scgpt,C57BL6J-638850.31_query_niche_9_15,C57BL6J-638850.31,Zhuang-ABCA-1.096,3
378,quest_scgpt,C57BL6J-638850.31_query_niche_9_15,C57BL6J-638850.31,Zhuang-ABCA-1.097,3
379,quest_scgpt,C57BL6J-638850.31_query_niche_9_15,C57BL6J-638850.31,Zhuang-ABCA-1.098,3
380,quest_scgpt,C57BL6J-638850.31_query_niche_9_15,C57BL6J-638850.31,Zhuang-ABCA-1.099,3
381,quest_scgpt,C57BL6J-638850.31_query_niche_9_15,C57BL6J-638850.31,Zhuang-ABCA-3.001,3
382,quest_scgpt,C57BL6J-638850.31_query_niche_9_15,C57BL6J-638850.31,Zhuang-ABCA-3.002,3
383,quest_scgpt,C57BL6J-638850.31_query_niche_9_15,C57BL6J-638850.31,Zhuang-ABCA-3.004,3
384,quest_scgpt,C57BL6J-638850.31_query_niche_9_15,C57BL6J-638850.31,Zhuang-ABCA-3.005,3
385,gene_expr_quest,Zhuang-ABCA-3.001_query_niche_9_841,Zhuang-ABCA-3.001,Zhuang-ABCA-1.096,3
386,scgpt,Zhuang-ABCA-3.001_query_niche_9_841,Zhuang-ABCA-3.001,Zhuang-ABCA-1.096,3
387,gene_expr,Zhuang-ABCA-3.001_query_niche_9_841,Zhuang-ABCA-3.001,Zhuang-ABCA-1.096,3
388,quest_scgpt,Zhuang-ABCA-3.001_query_niche_9_841,Zhuang-ABCA-3.001,Zhuang-ABCA-1.096,3
389,gene_expr_quest,Zhuang-ABCA-3.001_query_niche_9_841,Zhuang-ABCA-3.001,Zhuang-ABCA-1.097,3
390,scgpt,Zhuang-ABCA-3.001_query_niche_9_841,Zhuang-ABCA-3.001,Zhuang-ABCA-1.097,3
391,gene_expr,Zhuang-ABCA-3.001_query_niche_9_841,Zhuang-ABCA-3.001,Zhuang-ABCA-1.097,3
392,quest_scgpt,Zhuang-ABCA-3.001_query_niche_9_841,Zhuang-ABCA-3.001,Zhuang-ABCA-1.097,3
393,gene_expr_quest,Zhuang-ABCA-3.001_query_niche_9_841,Zhuang-ABCA-3.001,Zhuang-ABCA-1.098,3
394,scgpt,Zhuang-ABCA-3.001_query_niche_9_841,Zhuang-ABCA-3.001,Zhuang-ABCA-1.098,3
395,gene_expr,Zhuang-ABCA-3.001_query_niche_9_841,Zhuang-ABCA-3.001,Zhuang-ABCA-1.098,3
396,quest_scgpt,Zhuang-ABCA-3.001_query_niche_9_841,Zhuang-ABCA-3.001,Zhuang-ABCA-1.098,3
397,gene_expr_quest,Zhuang-ABCA-3.001_query_niche_9_841,Zhuang-ABCA-3.001,Zhuang-ABCA-1.099,3
398,scgpt,Zhuang-ABCA-3.001_query_niche_9_841,Zhuang-ABCA-3.001,Zhuang-ABCA-1.099,3
399,gene_expr,Zhuang-ABCA-3.001_query_niche_9_841,Zhuang-ABCA-3.001,Zhuang-ABCA-1.099,3
400,quest_scgpt,Zhuang-ABCA-3.001_query_niche_9_841,Zhuang-ABCA-3.001,Zhuang-ABCA-1.099,3
401,gene_expr_quest,Zhuang-ABCA-3.001_query_niche_9_841,Zhuang-ABCA-3.001,C57BL6J-638850.28,3
402,scgpt,Zhuang-ABCA-3.001_query_niche_9_841,Zhuang-ABCA-3.001,C57BL6J-638850.28,3
403,gene_expr,Zhuang-ABCA-3.001_query_niche_9_841,Zhuang-ABCA-3.001,C57BL6J-638850.28,3
404,quest_scgpt,Zhuang-ABCA-3.001_query_niche_9_841,Zhuang-ABCA-3.001,C57BL6J-638850.28,3
405,gene_expr_quest,Zhuang-ABCA-3.001_query_niche_9_841,Zhuang-ABCA-3.001,C57BL6J-638850.29,3
406,scgpt,Zhuang-ABCA-3.001_query_niche_9_841,Zhuang-ABCA-3.001,C57BL6J-638850.29,3
407,gene_expr,Zhuang-ABCA-3.001_query_niche_9_841,Zhuang-ABCA-3.001,C57BL6J-638850.29,3
408,quest_scgpt,Zhuang-ABCA-3.001_query_niche_9_841,Zhuang-ABCA-3.001,C57BL6J-638850.29,3
409,gene_expr_quest,Zhuang-ABCA-3.001_query_niche_9_841,Zhuang-ABCA-3.001,C57BL6J-638850.30,3
410,scgpt,Zhuang-ABCA-3.001_query_niche_9_841,Zhuang-ABCA-3.001,C57BL6J-638850.30,3
411,gene_expr,Zhuang-ABCA-3.001_query_niche_9_841,Zhuang-ABCA-3.001,C57BL6J-638850.30,3
412,quest_scgpt,Zhuang-ABCA-3.001_query_niche_9_841,Zhuang-ABCA-3.001,C57BL6J-638850.30,3
413,gene_expr_quest,Zhuang-ABCA-3.001_query_niche_9_841,Zhuang-ABCA-3.001,C57BL6J-638850.31,3
414,scgpt,Zhuang-ABCA-3.001_query_niche_9_841,Zhuang-ABCA-3.001,C57BL6J-638850.31,3
415,gene_expr,Zhuang-ABCA-3.001_query_niche_9_841,Zhuang-ABCA-3.001,C57BL6J-638850.31,3
416,quest_scgpt,Zhuang-ABCA-3.001_query_niche_9_841,Zhuang-ABCA-3.001,C57BL6J-638850.31,3
417,gene_expr_quest,Zhuang-ABCA-3.001_query_niche_9_841,Zhuang-ABCA-3.001,Zhuang-ABCA-3.001,3
418,scgpt,Zhuang-ABCA-3.001_query_niche_9_841,Zhuang-ABCA-3.001,Zhuang-ABCA-3.001,3
419,gene_expr,Zhuang-ABCA-3.001_query_niche_9_841,Zhuang-ABCA-3.001,Zhuang-ABCA-3.001,3
420,quest_scgpt,Zhuang-ABCA-3.001_query_niche_9_841,Zhuang-ABCA-3.001,Zhuang-ABCA-3.001,3
421,gene_expr_quest,Zhuang-ABCA-3.001_query_niche_9_841,Zhuang-ABCA-3.001,Zhuang-ABCA-3.002,3
422,scgpt,Zhuang-ABCA-3.001_query_niche_9_841,Zhuang-ABCA-3.001,Zhuang-ABCA-3.002,3
423,gene_expr,Zhuang-ABCA-3.001_query_niche_9_841,Zhuang-ABCA-3.001,Zhuang-ABCA-3.002,3
424,quest_scgpt,Zhuang-ABCA-3.001_query_niche_9_841,Zhuang-ABCA-3.001,Zhuang-ABCA-3.002,3
425,gene_expr_quest,Zhuang-ABCA-3.001_query_niche_9_841,Zhuang-ABCA-3.001,Zhuang-ABCA-3.004,3
426,scgpt,Zhuang-ABCA-3.001_query_niche_9_841,Zhuang-ABCA-3.001,Zhuang-ABCA-3.004,3
427,gene_expr,Zhuang-ABCA-3.001_query_niche_9_841,Zhuang-ABCA-3.001,Zhuang-ABCA-3.004,3
428,quest_scgpt,Zhuang-ABCA-3.001_query_niche_9_841,Zhuang-ABCA-3.001,Zhuang-ABCA-3.004,3
429,gene_expr_quest,Zhuang-ABCA-3.001_query_niche_9_841,Zhuang-ABCA-3.001,Zhuang-ABCA-3.005,3
430,scgpt,Zhuang-ABCA-3.001_query_niche_9_841,Zhuang-ABCA-3.001,Zhuang-ABCA-3.005,3
431,gene_expr,Zhuang-ABCA-3.001_query_niche_9_841,Zhuang-ABCA-3.001,Zhuang-ABCA-3.005,3
432,quest_scgpt,Zhuang-ABCA-3.001_query_niche_9_841,Zhuang-ABCA-3.001,Zhuang-ABCA-3.005,3
433,gene_expr_quest,Zhuang-ABCA-3.002_query_niche_9_841,Zhuang-ABCA-3.002,Zhuang-ABCA-1.096,3
434,scgpt,Zhuang-ABCA-3.002_query_niche_9_841,Zhuang-ABCA-3.002,Zhuang-ABCA-1.096,3
435,gene_expr,Zhuang-ABCA-3.002_query_niche_9_841,Zhuang-ABCA-3.002,Zhuang-ABCA-1.096,3
436,quest_scgpt,Zhuang-ABCA-3.002_query_niche_9_841,Zhuang-ABCA-3.002,Zhuang-ABCA-1.096,3
437,gene_expr_quest,Zhuang-ABCA-3.002_query_niche_9_841,Zhuang-ABCA-3.002,Zhuang-ABCA-1.097,3
438,scgpt,Zhuang-ABCA-3.002_query_niche_9_841,Zhuang-ABCA-3.002,Zhuang-ABCA-1.097,3
439,gene_expr,Zhuang-ABCA-3.002_query_niche_9_841,Zhuang-ABCA-3.002,Zhuang-ABCA-1.097,3
440,quest_scgpt,Zhuang-ABCA-3.002_query_niche_9_841,Zhuang-ABCA-3.002,Zhuang-ABCA-1.097,3
441,gene_expr_quest,Zhuang-ABCA-3.002_query_niche_9_841,Zhuang-ABCA-3.002,Zhuang-ABCA-1.098,3
442,scgpt,Zhuang-ABCA-3.002_query_niche_9_841,Zhuang-ABCA-3.002,Zhuang-ABCA-1.098,3
443,gene_expr,Zhuang-ABCA-3.002_query_niche_9_841,Zhuang-ABCA-3.002,Zhuang-ABCA-1.098,3
444,quest_scgpt,Zhuang-ABCA-3.002_query_niche_9_841,Zhuang-ABCA-3.002,Zhuang-ABCA-1.098,3
445,gene_expr_quest,Zhuang-ABCA-3.002_query_niche_9_841,Zhuang-ABCA-3.002,Zhuang-ABCA-1.099,3
446,scgpt,Zhuang-ABCA-3.002_query_niche_9_841,Zhuang-ABCA-3.002,Zhuang-ABCA-1.099,3
447,gene_expr,Zhuang-ABCA-3.002_query_niche_9_841,Zhuang-ABCA-3.002,Zhuang-ABCA-1.099,3
448,quest_scgpt,Zhuang-ABCA-3.002_query_niche_9_841,Zhuang-ABCA-3.002,Zhuang-ABCA-1.099,3
449,gene_expr_quest,Zhuang-ABCA-3.002_query_niche_9_841,Zhuang-ABCA-3.002,C57BL6J-638850.28,3
450,scgpt,Zhuang-ABCA-3.002_query_niche_9_841,Zhuang-ABCA-3.002,C57BL6J-638850.28,3
451,gene_expr,Zhuang-ABCA-3.002_query_niche_9_841,Zhuang-ABCA-3.002,C57BL6J-638850.28,3
452,quest_scgpt,Zhuang-ABCA-3.002_query_niche_9_841,Zhuang-ABCA-3.002,C57BL6J-638850.28,3
453,gene_expr_quest,Zhuang-ABCA-3.002_query_niche_9_841,Zhuang-ABCA-3.002,C57BL6J-638850.29,3
454,scgpt,Zhuang-ABCA-3.002_query_niche_9_841,Zhuang-ABCA-3.002,C57BL6J-638850.29,3
455,gene_expr,Zhuang-ABCA-3.002_query_niche_9_841,Zhuang-ABCA-3.002,C57BL6J-638850.29,3
456,quest_scgpt,Zhuang-ABCA-3.002_query_niche_9_841,Zhuang-ABCA-3.002,C57BL6J-638850.29,3
457,gene_expr_quest,Zhuang-ABCA-3.002_query_niche_9_841,Zhuang-ABCA-3.002,C57BL6J-638850.30,3
458,scgpt,Zhuang-ABCA-3.002_query_niche_9_841,Zhuang-ABCA-3.002,C57BL6J-638850.30,3
459,gene_expr,Zhuang-ABCA-3.002_query_niche_9_841,Zhuang-ABCA-3.002,C57BL6J-638850.30,3
460,quest_scgpt,Zhuang-ABCA-3.002_query_niche_9_841,Zhuang-ABCA-3.002,C57BL6J-638850.30,3
461,gene_expr_quest,Zhuang-ABCA-3.002_query_niche_9_841,Zhuang-ABCA-3.002,C57BL6J-638850.31,3
462,scgpt,Zhuang-ABCA-3.002_query_niche_9_841,Zhuang-ABCA-3.002,C57BL6J-638850.31,3
463,gene_expr,Zhuang-ABCA-3.002_query_niche_9_841,Zhuang-ABCA-3.002,C57BL6J-638850.31,3
464,quest_scgpt,Zhuang-ABCA-3.002_query_niche_9_841,Zhuang-ABCA-3.002,C57BL6J-638850.31,3
465,gene_expr_quest,Zhuang-ABCA-3.002_query_niche_9_841,Zhuang-ABCA-3.002,Zhuang-ABCA-3.001,3
466,scgpt,Zhuang-ABCA-3.002_query_niche_9_841,Zhuang-ABCA-3.002,Zhuang-ABCA-3.001,3
467,gene_expr,Zhuang-ABCA-3.002_query_niche_9_841,Zhuang-ABCA-3.002,Zhuang-ABCA-3.001,3
468,quest_scgpt,Zhuang-ABCA-3.002_query_niche_9_841,Zhuang-ABCA-3.002,Zhuang-ABCA-3.001,3
469,gene_expr_quest,Zhuang-ABCA-3.002_query_niche_9_841,Zhuang-ABCA-3.002,Zhuang-ABCA-3.002,3
470,scgpt,Zhuang-ABCA-3.002_query_niche_9_841,Zhuang-ABCA-3.002,Zhuang-ABCA-3.002,3
471,gene_expr,Zhuang-ABCA-3.002_query_niche_9_841,Zhuang-ABCA-3.002,Zhuang-ABCA-3.002,3
472,quest_scgpt,Zhuang-ABCA-3.002_query_niche_9_841,Zhuang-ABCA-3.002,Zhuang-ABCA-3.002,3
473,gene_expr_quest,Zhuang-ABCA-3.002_query_niche_9_841,Zhuang-ABCA-3.002,Zhuang-ABCA-3.004,3
474,scgpt,Zhuang-ABCA-3.002_query_niche_9_841,Zhuang-ABCA-3.002,Zhuang-ABCA-3.004,3
475,gene_expr,Zhuang-ABCA-3.002_query_niche_9_841,Zhuang-ABCA-3.002,Zhuang-ABCA-3.004,3
476,quest_scgpt,Zhuang-ABCA-3.002_query_niche_9_841,Zhuang-ABCA-3.002,Zhuang-ABCA-3.004,3
477,gene_expr_quest,Zhuang-ABCA-3.002_query_niche_9_841,Zhuang-ABCA-3.002,Zhuang-ABCA-3.005,3
478,scgpt,Zhuang-ABCA-3.002_query_niche_9_841,Zhuang-ABCA-3.002,Zhuang-ABCA-3.005,3
479,gene_expr,Zhuang-ABCA-3.002_query_niche_9_841,Zhuang-ABCA-3.002,Zhuang-ABCA-3.005,3
480,quest_scgpt,Zhuang-ABCA-3.002_query_niche_9_841,Zhuang-ABCA-3.002,Zhuang-ABCA-3.005,3
481,gene_expr_quest,Zhuang-ABCA-3.004_query_niche_9_841,Zhuang-ABCA-3.004,Zhuang-ABCA-1.096,3
482,scgpt,Zhuang-ABCA-3.004_query_niche_9_841,Zhuang-ABCA-3.004,Zhuang-ABCA-1.096,3
483,gene_expr,Zhuang-ABCA-3.004_query_niche_9_841,Zhuang-ABCA-3.004,Zhuang-ABCA-1.096,3
484,quest_scgpt,Zhuang-ABCA-3.004_query_niche_9_841,Zhuang-ABCA-3.004,Zhuang-ABCA-1.096,3
485,gene_expr_quest,Zhuang-ABCA-3.004_query_niche_9_841,Zhuang-ABCA-3.004,Zhuang-ABCA-1.097,3
486,scgpt,Zhuang-ABCA-3.004_query_niche_9_841,Zhuang-ABCA-3.004,Zhuang-ABCA-1.097,3
487,gene_expr,Zhuang-ABCA-3.004_query_niche_9_841,Zhuang-ABCA-3.004,Zhuang-ABCA-1.097,3
488,quest_scgpt,Zhuang-ABCA-3.004_query_niche_9_841,Zhuang-ABCA-3.004,Zhuang-ABCA-1.097,3
489,gene_expr_quest,Zhuang-ABCA-3.004_query_niche_9_841,Zhuang-ABCA-3.004,Zhuang-ABCA-1.098,3
490,scgpt,Zhuang-ABCA-3.004_query_niche_9_841,Zhuang-ABCA-3.004,Zhuang-ABCA-1.098,3
491,gene_expr,Zhuang-ABCA-3.004_query_niche_9_841,Zhuang-ABCA-3.004,Zhuang-ABCA-1.098,3
492,quest_scgpt,Zhuang-ABCA-3.004_query_niche_9_841,Zhuang-ABCA-3.004,Zhuang-ABCA-1.098,3
493,gene_expr_quest,Zhuang-ABCA-3.004_query_niche_9_841,Zhuang-ABCA-3.004,Zhuang-ABCA-1.099,3
494,scgpt,Zhuang-ABCA-3.004_query_niche_9_841,Zhuang-ABCA-3.004,Zhuang-ABCA-1.099,3
495,gene_expr,Zhuang-ABCA-3.004_query_niche_9_841,Zhuang-ABCA-3.004,Zhuang-ABCA-1.099,3
496,quest_scgpt,Zhuang-ABCA-3.004_query_niche_9_841,Zhuang-ABCA-3.004,Zhuang-ABCA-1.099,3
497,gene_expr_quest,Zhuang-ABCA-3.004_query_niche_9_841,Zhuang-ABCA-3.004,C57BL6J-638850.28,3
498,scgpt,Zhuang-ABCA-3.004_query_niche_9_841,Zhuang-ABCA-3.004,C57BL6J-638850.28,3
499,gene_expr,Zhuang-ABCA-3.004_query_niche_9_841,Zhuang-ABCA-3.004,C57BL6J-638850.28,3
500,quest_scgpt,Zhuang-ABCA-3.004_query_niche_9_841,Zhuang-ABCA-3.004,C57BL6J-638850.28,3
501,gene_expr_quest,Zhuang-ABCA-3.004_query_niche_9_841,Zhuang-ABCA-3.004,C57BL6J-638850.29,3
502,scgpt,Zhuang-ABCA-3.004_query_niche_9_841,Zhuang-ABCA-3.004,C57BL6J-638850.29,3
503,gene_expr,Zhuang-ABCA-3.004_query_niche_9_841,Zhuang-ABCA-3.004,C57BL6J-638850.29,3
504,quest_scgpt,Zhuang-ABCA-3.004_query_niche_9_841,Zhuang-ABCA-3.004,C57BL6J-638850.29,3
505,gene_expr_quest,Zhuang-ABCA-3.004_query_niche_9_841,Zhuang-ABCA-3.004,C57BL6J-638850.30,3
506,scgpt,Zhuang-ABCA-3.004_query_niche_9_841,Zhuang-ABCA-3.004,C57BL6J-638850.30,3
507,gene_expr,Zhuang-ABCA-3.004_query_niche_9_841,Zhuang-ABCA-3.004,C57BL6J-638850.30,3
508,quest_scgpt,Zhuang-ABCA-3.004_query_niche_9_841,Zhuang-ABCA-3.004,C57BL6J-638850.30,3
509,gene_expr_quest,Zhuang-ABCA-3.004_query_niche_9_841,Zhuang-ABCA-3.004,C57BL6J-638850.31,3
510,scgpt,Zhuang-ABCA-3.004_query_niche_9_841,Zhuang-ABCA-3.004,C57BL6J-638850.31,3
511,gene_expr,Zhuang-ABCA-3.004_query_niche_9_841,Zhuang-ABCA-3.004,C57BL6J-638850.31,3
512,quest_scgpt,Zhuang-ABCA-3.004_query_niche_9_841,Zhuang-ABCA-3.004,C57BL6J-638850.31,3
513,gene_expr_quest,Zhuang-ABCA-3.004_query_niche_9_841,Zhuang-ABCA-3.004,Zhuang-ABCA-3.001,3
514,scgpt,Zhuang-ABCA-3.004_query_niche_9_841,Zhuang-ABCA-3.004,Zhuang-ABCA-3.001,3
515,gene_expr,Zhuang-ABCA-3.004_query_niche_9_841,Zhuang-ABCA-3.004,Zhuang-ABCA-3.001,3
516,quest_scgpt,Zhuang-ABCA-3.004_query_niche_9_841,Zhuang-ABCA-3.004,Zhuang-ABCA-3.001,3
517,gene_expr_quest,Zhuang-ABCA-3.004_query_niche_9_841,Zhuang-ABCA-3.004,Zhuang-ABCA-3.002,3
518,scgpt,Zhuang-ABCA-3.004_query_niche_9_841,Zhuang-ABCA-3.004,Zhuang-ABCA-3.002,3
519,gene_expr,Zhuang-ABCA-3.004_query_niche_9_841,Zhuang-ABCA-3.004,Zhuang-ABCA-3.002,3
520,quest_scgpt,Zhuang-ABCA-3.004_query_niche_9_841,Zhuang-ABCA-3.004,Zhuang-ABCA-3.002,3
521,gene_expr_quest,Zhuang-ABCA-3.004_query_niche_9_841,Zhuang-ABCA-3.004,Zhuang-ABCA-3.004,3
522,scgpt,Zhuang-ABCA-3.004_query_niche_9_841,Zhuang-ABCA-3.004,Zhuang-ABCA-3.004,3
523,gene_expr,Zhuang-ABCA-3.004_query_niche_9_841,Zhuang-ABCA-3.004,Zhuang-ABCA-3.004,3
524,quest_scgpt,Zhuang-ABCA-3.004_query_niche_9_841,Zhuang-ABCA-3.004,Zhuang-ABCA-3.004,3
525,gene_expr_quest,Zhuang-ABCA-3.004_query_niche_9_841,Zhuang-ABCA-3.004,Zhuang-ABCA-3.005,3
526,scgpt,Zhuang-ABCA-3.004_query_niche_9_841,Zhuang-ABCA-3.004,Zhuang-ABCA-3.005,3
527,gene_expr,Zhuang-ABCA-3.004_query_niche_9_841,Zhuang-ABCA-3.004,Zhuang-ABCA-3.005,3
528,quest_scgpt,Zhuang-ABCA-3.004_query_niche_9_841,Zhuang-ABCA-3.004,Zhuang-ABCA-3.005,3
529,gene_expr_quest,Zhuang-ABCA-3.005_query_niche_9_841,Zhuang-ABCA-3.005,Zhuang-ABCA-1.096,3
530,scgpt,Zhuang-ABCA-3.005_query_niche_9_841,Zhuang-ABCA-3.005,Zhuang-ABCA-1.096,3
531,gene_expr,Zhuang-ABCA-3.005_query_niche_9_841,Zhuang-ABCA-3.005,Zhuang-ABCA-1.096,3
532,quest_scgpt,Zhuang-ABCA-3.005_query_niche_9_841,Zhuang-ABCA-3.005,Zhuang-ABCA-1.096,3
533,gene_expr_quest,Zhuang-ABCA-3.005_query_niche_9_841,Zhuang-ABCA-3.005,Zhuang-ABCA-1.097,3
534,scgpt,Zhuang-ABCA-3.005_query_niche_9_841,Zhuang-ABCA-3.005,Zhuang-ABCA-1.097,3
535,gene_expr,Zhuang-ABCA-3.005_query_niche_9_841,Zhuang-ABCA-3.005,Zhuang-ABCA-1.097,3
536,quest_scgpt,Zhuang-ABCA-3.005_query_niche_9_841,Zhuang-ABCA-3.005,Zhuang-ABCA-1.097,3
537,gene_expr_quest,Zhuang-ABCA-3.005_query_niche_9_841,Zhuang-ABCA-3.005,Zhuang-ABCA-1.098,3
538,scgpt,Zhuang-ABCA-3.005_query_niche_9_841,Zhuang-ABCA-3.005,Zhuang-ABCA-1.098,3
539,gene_expr,Zhuang-ABCA-3.005_query_niche_9_841,Zhuang-ABCA-3.005,Zhuang-ABCA-1.098,3
540,quest_scgpt,Zhuang-ABCA-3.005_query_niche_9_841,Zhuang-ABCA-3.005,Zhuang-ABCA-1.098,3
541,gene_expr_quest,Zhuang-ABCA-3.005_query_niche_9_841,Zhuang-ABCA-3.005,Zhuang-ABCA-1.099,3
542,scgpt,Zhuang-ABCA-3.005_query_niche_9_841,Zhuang-ABCA-3.005,Zhuang-ABCA-1.099,3
543,gene_expr,Zhuang-ABCA-3.005_query_niche_9_841,Zhuang-ABCA-3.005,Zhuang-ABCA-1.099,3
544,quest_scgpt,Zhuang-ABCA-3.005_query_niche_9_841,Zhuang-ABCA-3.005,Zhuang-ABCA-1.099,3
545,gene_expr_quest,Zhuang-ABCA-3.005_query_niche_9_841,Zhuang-ABCA-3.005,C57BL6J-638850.28,3
546,scgpt,Zhuang-ABCA-3.005_query_niche_9_841,Zhuang-ABCA-3.005,C57BL6J-638850.28,3
547,gene_expr,Zhuang-ABCA-3.005_query_niche_9_841,Zhuang-ABCA-3.005,C57BL6J-638850.28,3
548,quest_scgpt,Zhuang-ABCA-3.005_query_niche_9_841,Zhuang-ABCA-3.005,C57BL6J-638850.28,3
549,gene_expr_quest,Zhuang-ABCA-3.005_query_niche_9_841,Zhuang-ABCA-3.005,C57BL6J-638850.29,3
550,scgpt,Zhuang-ABCA-3.005_query_niche_9_841,Zhuang-ABCA-3.005,C57BL6J-638850.29,3
551,gene_expr,Zhuang-ABCA-3.005_query_niche_9_841,Zhuang-ABCA-3.005,C57BL6J-638850.29,3
552,quest_scgpt,Zhuang-ABCA-3.005_query_niche_9_841,Zhuang-ABCA-3.005,C57BL6J-638850.29,3
553,gene_expr_quest,Zhuang-ABCA-3.005_query_niche_9_841,Zhuang-ABCA-3.005,C57BL6J-638850.30,3
554,scgpt,Zhuang-ABCA-3.005_query_niche_9_841,Zhuang-ABCA-3.005,C57BL6J-638850.30,3
555,gene_expr,Zhuang-ABCA-3.005_query_niche_9_841,Zhuang-ABCA-3.005,C57BL6J-638850.30,3
556,quest_scgpt,Zhuang-ABCA-3.005_query_niche_9_841,Zhuang-ABCA-3.005,C57BL6J-638850.30,3
557,gene_expr_quest,Zhuang-ABCA-3.005_query_niche_9_841,Zhuang-ABCA-3.005,C57BL6J-638850.31,3
558,scgpt,Zhuang-ABCA-3.005_query_niche_9_841,Zhuang-ABCA-3.005,C57BL6J-638850.31,3
559,gene_expr,Zhuang-ABCA-3.005_query_niche_9_841,Zhuang-ABCA-3.005,C57BL6J-638850.31,3
560,quest_scgpt,Zhuang-ABCA-3.005_query_niche_9_841,Zhuang-ABCA-3.005,C57BL6J-638850.31,3
561,gene_expr_quest,Zhuang-ABCA-3.005_query_niche_9_841,Zhuang-ABCA-3.005,Zhuang-ABCA-3.001,3
562,scgpt,Zhuang-ABCA-3.005_query_niche_9_841,Zhuang-ABCA-3.005,Zhuang-ABCA-3.001,3
563,gene_expr,Zhuang-ABCA-3.005_query_niche_9_841,Zhuang-ABCA-3.005,Zhuang-ABCA-3.001,3
564,quest_scgpt,Zhuang-ABCA-3.005_query_niche_9_841,Zhuang-ABCA-3.005,Zhuang-ABCA-3.001,3
565,gene_expr_quest,Zhuang-ABCA-3.005_query_niche_9_841,Zhuang-ABCA-3.005,Zhuang-ABCA-3.002,3
566,scgpt,Zhuang-ABCA-3.005_query_niche_9_841,Zhuang-ABCA-3.005,Zhuang-ABCA-3.002,3
567,gene_expr,Zhuang-ABCA-3.005_query_niche_9_841,Zhuang-ABCA-3.005,Zhuang-ABCA-3.002,3
568,quest_scgpt,Zhuang-ABCA-3.005_query_niche_9_841,Zhuang-ABCA-3.005,Zhuang-ABCA-3.002,3
569,gene_expr_quest,Zhuang-ABCA-3.005_query_niche_9_841,Zhuang-ABCA-3.005,Zhuang-ABCA-3.004,3
570,scgpt,Zhuang-ABCA-3.005_query_niche_9_841,Zhuang-ABCA-3.005,Zhuang-ABCA-3.004,3
571,gene_expr,Zhuang-ABCA-3.005_query_niche_9_841,Zhuang-ABCA-3.005,Zhuang-ABCA-3.004,3
572,quest_scgpt,Zhuang-ABCA-3.005_query_niche_9_841,Zhuang-ABCA-3.005,Zhuang-ABCA-3.004,3
573,gene_expr_quest,Zhuang-ABCA-3.005_query_niche_9_841,Zhuang-ABCA-3.005,Zhuang-ABCA-3.005,3
574,scgpt,Zhuang-ABCA-3.005_query_niche_9_841,Zhuang-ABCA-3.005,Zhuang-ABCA-3.005,3
575,gene_expr,Zhuang-ABCA-3.005_query_niche_9_841,Zhuang-ABCA-3.005,Zhuang-ABCA-3.005,3
576,quest_scgpt,Zhuang-ABCA-3.005_query_niche_9_841,Zhuang-ABCA-3.005,Zhuang-ABCA-3.005,3
577,gene_expr_quest,Zhuang-ABCA-3.001_query_niche_207_123,Zhuang-ABCA-3.001,Zhuang-ABCA-1.096,3
578,scgpt,Zhuang-ABCA-3.001_query_niche_207_123,Zhuang-ABCA-3.001,Zhuang-ABCA-1.096,3
579,gene_expr,Zhuang-ABCA-3.001_query_niche_207_123,Zhuang-ABCA-3.001,Zhuang-ABCA-1.096,3
580,quest_scgpt,Zhuang-ABCA-3.001_query_niche_207_123,Zhuang-ABCA-3.001,Zhuang-ABCA-1.096,3
581,gene_expr_quest,Zhuang-ABCA-3.001_query_niche_207_123,Zhuang-ABCA-3.001,Zhuang-ABCA-1.097,3
582,scgpt,Zhuang-ABCA-3.001_query_niche_207_123,Zhuang-ABCA-3.001,Zhuang-ABCA-1.097,3
583,gene_expr,Zhuang-ABCA-3.001_query_niche_207_123,Zhuang-ABCA-3.001,Zhuang-ABCA-1.097,3
584,quest_scgpt,Zhuang-ABCA-3.001_query_niche_207_123,Zhuang-ABCA-3.001,Zhuang-ABCA-1.097,3
585,gene_expr_quest,Zhuang-ABCA-3.001_query_niche_207_123,Zhuang-ABCA-3.001,Zhuang-ABCA-1.098,3
586,scgpt,Zhuang-ABCA-3.001_query_niche_207_123,Zhuang-ABCA-3.001,Zhuang-ABCA-1.098,3
587,gene_expr,Zhuang-ABCA-3.001_query_niche_207_123,Zhuang-ABCA-3.001,Zhuang-ABCA-1.098,3
588,quest_scgpt,Zhuang-ABCA-3.001_query_niche_207_123,Zhuang-ABCA-3.001,Zhuang-ABCA-1.098,3
589,gene_expr_quest,Zhuang-ABCA-3.001_query_niche_207_123,Zhuang-ABCA-3.001,Zhuang-ABCA-1.099,3
590,scgpt,Zhuang-ABCA-3.001_query_niche_207_123,Zhuang-ABCA-3.001,Zhuang-ABCA-1.099,3
591,gene_expr,Zhuang-ABCA-3.001_query_niche_207_123,Zhuang-ABCA-3.001,Zhuang-ABCA-1.099,3
592,quest_scgpt,Zhuang-ABCA-3.001_query_niche_207_123,Zhuang-ABCA-3.001,Zhuang-ABCA-1.099,3
593,gene_expr_quest,Zhuang-ABCA-3.001_query_niche_207_123,Zhuang-ABCA-3.001,C57BL6J-638850.28,3
594,scgpt,Zhuang-ABCA-3.001_query_niche_207_123,Zhuang-ABCA-3.001,C57BL6J-638850.28,3
595,gene_expr,Zhuang-ABCA-3.001_query_niche_207_123,Zhuang-ABCA-3.001,C57BL6J-638850.28,3
596,quest_scgpt,Zhuang-ABCA-3.001_query_niche_207_123,Zhuang-ABCA-3.001,C57BL6J-638850.28,3
597,gene_expr_quest,Zhuang-ABCA-3.001_query_niche_207_123,Zhuang-ABCA-3.001,C57BL6J-638850.29,3
598,scgpt,Zhuang-ABCA-3.001_query_niche_207_123,Zhuang-ABCA-3.001,C57BL6J-638850.29,3
599,gene_expr,Zhuang-ABCA-3.001_query_niche_207_123,Zhuang-ABCA-3.001,C57BL6J-638850.29,3
600,quest_scgpt,Zhuang-ABCA-3.001_query_niche_207_123,Zhuang-ABCA-3.001,C57BL6J-638850.29,3
601,gene_expr_quest,Zhuang-ABCA-3.001_query_niche_207_123,Zhuang-ABCA-3.001,C57BL6J-638850.30,3
602,scgpt,Zhuang-ABCA-3.001_query_niche_207_123,Zhuang-ABCA-3.001,C57BL6J-638850.30,3
603,gene_expr,Zhuang-ABCA-3.001_query_niche_207_123,Zhuang-ABCA-3.001,C57BL6J-638850.30,3
604,quest_scgpt,Zhuang-ABCA-3.001_query_niche_207_123,Zhuang-ABCA-3.001,C57BL6J-638850.30,3
605,gene_expr_quest,Zhuang-ABCA-3.001_query_niche_207_123,Zhuang-ABCA-3.001,C57BL6J-638850.31,3
606,scgpt,Zhuang-ABCA-3.001_query_niche_207_123,Zhuang-ABCA-3.001,C57BL6J-638850.31,3
607,gene_expr,Zhuang-ABCA-3.001_query_niche_207_123,Zhuang-ABCA-3.001,C57BL6J-638850.31,3
608,quest_scgpt,Zhuang-ABCA-3.001_query_niche_207_123,Zhuang-ABCA-3.001,C57BL6J-638850.31,3
609,gene_expr_quest,Zhuang-ABCA-3.001_query_niche_207_123,Zhuang-ABCA-3.001,Zhuang-ABCA-3.001,3
610,scgpt,Zhuang-ABCA-3.001_query_niche_207_123,Zhuang-ABCA-3.001,Zhuang-ABCA-3.001,3
611,gene_expr,Zhuang-ABCA-3.001_query_niche_207_123,Zhuang-ABCA-3.001,Zhuang-ABCA-3.001,3
612,quest_scgpt,Zhuang-ABCA-3.001_query_niche_207_123,Zhuang-ABCA-3.001,Zhuang-ABCA-3.001,3
613,gene_expr_quest,Zhuang-ABCA-3.001_query_niche_207_123,Zhuang-ABCA-3.001,Zhuang-ABCA-3.002,3
614,scgpt,Zhuang-ABCA-3.001_query_niche_207_123,Zhuang-ABCA-3.001,Zhuang-ABCA-3.002,3
615,gene_expr,Zhuang-ABCA-3.001_query_niche_207_123,Zhuang-ABCA-3.001,Zhuang-ABCA-3.002,3
616,quest_scgpt,Zhuang-ABCA-3.001_query_niche_207_123,Zhuang-ABCA-3.001,Zhuang-ABCA-3.002,3
617,gene_expr_quest,Zhuang-ABCA-3.001_query_niche_207_123,Zhuang-ABCA-3.001,Zhuang-ABCA-3.004,3
618,scgpt,Zhuang-ABCA-3.001_query_niche_207_123,Zhuang-ABCA-3.001,Zhuang-ABCA-3.004,3
619,gene_expr,Zhuang-ABCA-3.001_query_niche_207_123,Zhuang-ABCA-3.001,Zhuang-ABCA-3.004,3
620,quest_scgpt,Zhuang-ABCA-3.001_query_niche_207_123,Zhuang-ABCA-3.001,Zhuang-ABCA-3.004,3
621,gene_expr_quest,Zhuang-ABCA-3.001_query_niche_207_123,Zhuang-ABCA-3.001,Zhuang-ABCA-3.005,3
622,scgpt,Zhuang-ABCA-3.001_query_niche_207_123,Zhuang-ABCA-3.001,Zhuang-ABCA-3.005,3
623,gene_expr,Zhuang-ABCA-3.001_query_niche_207_123,Zhuang-ABCA-3.001,Zhuang-ABCA-3.005,3
624,quest_scgpt,Zhuang-ABCA-3.001_query_niche_207_123,Zhuang-ABCA-3.001,Zhuang-ABCA-3.005,3
625,gene_expr_quest,Zhuang-ABCA-3.002_query_niche_207_123,Zhuang-ABCA-3.002,Zhuang-ABCA-1.096,3
626,scgpt,Zhuang-ABCA-3.002_query_niche_207_123,Zhuang-ABCA-3.002,Zhuang-ABCA-1.096,3
627,gene_expr,Zhuang-ABCA-3.002_query_niche_207_123,Zhuang-ABCA-3.002,Zhuang-ABCA-1.096,3
628,quest_scgpt,Zhuang-ABCA-3.002_query_niche_207_123,Zhuang-ABCA-3.002,Zhuang-ABCA-1.096,3
629,gene_expr_quest,Zhuang-ABCA-3.002_query_niche_207_123,Zhuang-ABCA-3.002,Zhuang-ABCA-1.097,3
630,scgpt,Zhuang-ABCA-3.002_query_niche_207_123,Zhuang-ABCA-3.002,Zhuang-ABCA-1.097,3
631,gene_expr,Zhuang-ABCA-3.002_query_niche_207_123,Zhuang-ABCA-3.002,Zhuang-ABCA-1.097,3
632,quest_scgpt,Zhuang-ABCA-3.002_query_niche_207_123,Zhuang-ABCA-3.002,Zhuang-ABCA-1.097,3
633,gene_expr_quest,Zhuang-ABCA-3.002_query_niche_207_123,Zhuang-ABCA-3.002,Zhuang-ABCA-1.098,3
634,scgpt,Zhuang-ABCA-3.002_query_niche_207_123,Zhuang-ABCA-3.002,Zhuang-ABCA-1.098,3
635,gene_expr,Zhuang-ABCA-3.002_query_niche_207_123,Zhuang-ABCA-3.002,Zhuang-ABCA-1.098,3
636,quest_scgpt,Zhuang-ABCA-3.002_query_niche_207_123,Zhuang-ABCA-3.002,Zhuang-ABCA-1.098,3
637,gene_expr_quest,Zhuang-ABCA-3.002_query_niche_207_123,Zhuang-ABCA-3.002,Zhuang-ABCA-1.099,3
638,scgpt,Zhuang-ABCA-3.002_query_niche_207_123,Zhuang-ABCA-3.002,Zhuang-ABCA-1.099,3
639,gene_expr,Zhuang-ABCA-3.002_query_niche_207_123,Zhuang-ABCA-3.002,Zhuang-ABCA-1.099,3
640,quest_scgpt,Zhuang-ABCA-3.002_query_niche_207_123,Zhuang-ABCA-3.002,Zhuang-ABCA-1.099,3
641,gene_expr_quest,Zhuang-ABCA-3.002_query_niche_207_123,Zhuang-ABCA-3.002,C57BL6J-638850.28,3
642,scgpt,Zhuang-ABCA-3.002_query_niche_207_123,Zhuang-ABCA-3.002,C57BL6J-638850.28,3
643,gene_expr,Zhuang-ABCA-3.002_query_niche_207_123,Zhuang-ABCA-3.002,C57BL6J-638850.28,3
644,quest_scgpt,Zhuang-ABCA-3.002_query_niche_207_123,Zhuang-ABCA-3.002,C57BL6J-638850.28,3
645,gene_expr_quest,Zhuang-ABCA-3.002_query_niche_207_123,Zhuang-ABCA-3.002,C57BL6J-638850.29,3
646,scgpt,Zhuang-ABCA-3.002_query_niche_207_123,Zhuang-ABCA-3.002,C57BL6J-638850.29,3
647,gene_expr,Zhuang-ABCA-3.002_query_niche_207_123,Zhuang-ABCA-3.002,C57BL6J-638850.29,3
648,quest_scgpt,Zhuang-ABCA-3.002_query_niche_207_123,Zhuang-ABCA-3.002,C57BL6J-638850.29,3
649,gene_expr_quest,Zhuang-ABCA-3.002_query_niche_207_123,Zhuang-ABCA-3.002,C57BL6J-638850.30,3
650,scgpt,Zhuang-ABCA-3.002_query_niche_207_123,Zhuang-ABCA-3.002,C57BL6J-638850.30,3
651,gene_expr,Zhuang-ABCA-3.002_query_niche_207_123,Zhuang-ABCA-3.002,C57BL6J-638850.30,3
652,quest_scgpt,Zhuang-ABCA-3.002_query_niche_207_123,Zhuang-ABCA-3.002,C57BL6J-638850.30,3
653,gene_expr_quest,Zhuang-ABCA-3.002_query_niche_207_123,Zhuang-ABCA-3.002,C57BL6J-638850.31,3
654,scgpt,Zhuang-ABCA-3.002_query_niche_207_123,Zhuang-ABCA-3.002,C57BL6J-638850.31,3
655,gene_expr,Zhuang-ABCA-3.002_query_niche_207_123,Zhuang-ABCA-3.002,C57BL6J-638850.31,3
656,quest_scgpt,Zhuang-ABCA-3.002_query_niche_207_123,Zhuang-ABCA-3.002,C57BL6J-638850.31,3
657,gene_expr_quest,Zhuang-ABCA-3.002_query_niche_207_123,Zhuang-ABCA-3.002,Zhuang-ABCA-3.001,3
658,scgpt,Zhuang-ABCA-3.002_query_niche_207_123,Zhuang-ABCA-3.002,Zhuang-ABCA-3.001,3
659,gene_expr,Zhuang-ABCA-3.002_query_niche_207_123,Zhuang-ABCA-3.002,Zhuang-ABCA-3.001,3
660,quest_scgpt,Zhuang-ABCA-3.002_query_niche_207_123,Zhuang-ABCA-3.002,Zhuang-ABCA-3.001,3
661,gene_expr_quest,Zhuang-ABCA-3.002_query_niche_207_123,Zhuang-ABCA-3.002,Zhuang-ABCA-3.002,3
662,scgpt,Zhuang-ABCA-3.002_query_niche_207_123,Zhuang-ABCA-3.002,Zhuang-ABCA-3.002,3
663,gene_expr,Zhuang-ABCA-3.002_query_niche_207_123,Zhuang-ABCA-3.002,Zhuang-ABCA-3.002,3
664,quest_scgpt,Zhuang-ABCA-3.002_query_niche_207_123,Zhuang-ABCA-3.002,Zhuang-ABCA-3.002,3
665,gene_expr_quest,Zhuang-ABCA-3.002_query_niche_207_123,Zhuang-ABCA-3.002,Zhuang-ABCA-3.004,3
666,scgpt,Zhuang-ABCA-3.002_query_niche_207_123,Zhuang-ABCA-3.002,Zhuang-ABCA-3.004,3
667,gene_expr,Zhuang-ABCA-3.002_query_niche_207_123,Zhuang-ABCA-3.002,Zhuang-ABCA-3.004,3
668,quest_scgpt,Zhuang-ABCA-3.002_query_niche_207_123,Zhuang-ABCA-3.002,Zhuang-ABCA-3.004,3
669,gene_expr_quest,Zhuang-ABCA-3.002_query_niche_207_123,Zhuang-ABCA-3.002,Zhuang-ABCA-3.005,3
670,scgpt,Zhuang-ABCA-3.002_query_niche_207_123,Zhuang-ABCA-3.002,Zhuang-ABCA-3.005,3
671,gene_expr,Zhuang-ABCA-3.002_query_niche_207_123,Zhuang-ABCA-3.002,Zhuang-ABCA-3.005,3
672,quest_scgpt,Zhuang-ABCA-3.002_query_niche_207_123,Zhuang-ABCA-3.002,Zhuang-ABCA-3.005,3
673,gene_expr_quest,Zhuang-ABCA-3.004_query_niche_207_123,Zhuang-ABCA-3.004,Zhuang-ABCA-1.096,3
674,scgpt,Zhuang-ABCA-3.004_query_niche_207_123,Zhuang-ABCA-3.004,Zhuang-ABCA-1.096,3
675,gene_expr,Zhuang-ABCA-3.004_query_niche_207_123,Zhuang-ABCA-3.004,Zhuang-ABCA-1.096,3
676,quest_scgpt,Zhuang-ABCA-3.004_query_niche_207_123,Zhuang-ABCA-3.004,Zhuang-ABCA-1.096,3
677,gene_expr_quest,Zhuang-ABCA-3.004_query_niche_207_123,Zhuang-ABCA-3.004,Zhuang-ABCA-1.097,3
678,scgpt,Zhuang-ABCA-3.004_query_niche_207_123,Zhuang-ABCA-3.004,Zhuang-ABCA-1.097,3
679,gene_expr,Zhuang-ABCA-3.004_query_niche_207_123,Zhuang-ABCA-3.004,Zhuang-ABCA-1.097,3
680,quest_scgpt,Zhuang-ABCA-3.004_query_niche_207_123,Zhuang-ABCA-3.004,Zhuang-ABCA-1.097,3
681,gene_expr_quest,Zhuang-ABCA-3.004_query_niche_207_123,Zhuang-ABCA-3.004,Zhuang-ABCA-1.098,3
682,scgpt,Zhuang-ABCA-3.004_query_niche_207_123,Zhuang-ABCA-3.004,Zhuang-ABCA-1.098,3
683,gene_expr,Zhuang-ABCA-3.004_query_niche_207_123,Zhuang-ABCA-3.004,Zhuang-ABCA-1.098,3
684,quest_scgpt,Zhuang-ABCA-3.004_query_niche_207_123,Zhuang-ABCA-3.004,Zhuang-ABCA-1.098,3
685,gene_expr_quest,Zhuang-ABCA-3.004_query_niche_207_123,Zhuang-ABCA-3.004,Zhuang-ABCA-1.099,3
686,scgpt,Zhuang-ABCA-3.004_query_niche_207_123,Zhuang-ABCA-3.004,Zhuang-ABCA-1.099,3
687,gene_expr,Zhuang-ABCA-3.004_query_niche_207_123,Zhuang-ABCA-3.004,Zhuang-ABCA-1.099,3
688,quest_scgpt,Zhuang-ABCA-3.004_query_niche_207_123,Zhuang-ABCA-3.004,Zhuang-ABCA-1.099,3
689,gene_expr_quest,Zhuang-ABCA-3.004_query_niche_207_123,Zhuang-ABCA-3.004,C57BL6J-638850.28,3
690,scgpt,Zhuang-ABCA-3.004_query_niche_207_123,Zhuang-ABCA-3.004,C57BL6J-638850.28,3
691,gene_expr,Zhuang-ABCA-3.004_query_niche_207_123,Zhuang-ABCA-3.004,C57BL6J-638850.28,3
692,quest_scgpt,Zhuang-ABCA-3.004_query_niche_207_123,Zhuang-ABCA-3.004,C57BL6J-638850.28,3
693,gene_expr_quest,Zhuang-ABCA-3.004_query_niche_207_123,Zhuang-ABCA-3.004,C57BL6J-638850.29,3
694,scgpt,Zhuang-ABCA-3.004_query_niche_207_123,Zhuang-ABCA-3.004,C57BL6J-638850.29,3
695,gene_expr,Zhuang-ABCA-3.004_query_niche_207_123,Zhuang-ABCA-3.004,C57BL6J-638850.29,3
696,quest_scgpt,Zhuang-ABCA-3.004_query_niche_207_123,Zhuang-ABCA-3.004,C57BL6J-638850.29,3
697,gene_expr_quest,Zhuang-ABCA-3.004_query_niche_207_123,Zhuang-ABCA-3.004,C57BL6J-638850.30,3
698,scgpt,Zhuang-ABCA-3.004_query_niche_207_123,Zhuang-ABCA-3.004,C57BL6J-638850.30,3
699,gene_expr,Zhuang-ABCA-3.004_query_niche_207_123,Zhuang-ABCA-3.004,C57BL6J-638850.30,3
700,quest_scgpt,Zhuang-ABCA-3.004_query_niche_207_123,Zhuang-ABCA-3.004,C57BL6J-638850.30,3
701,gene_expr_quest,Zhuang-ABCA-3.004_query_niche_207_123,Zhuang-ABCA-3.004,C57BL6J-638850.31,3
702,scgpt,Zhuang-ABCA-3.004_query_niche_207_123,Zhuang-ABCA-3.004,C57BL6J-638850.31,3
703,gene_expr,Zhuang-ABCA-3.004_query_niche_207_123,Zhuang-ABCA-3.004,C57BL6J-638850.31,3
704,quest_scgpt,Zhuang-ABCA-3.004_query_niche_207_123,Zhuang-ABCA-3.004,C57BL6J-638850.31,3
705,gene_expr_quest,Zhuang-ABCA-3.004_query_niche_207_123,Zhuang-ABCA-3.004,Zhuang-ABCA-3.001,3
706,scgpt,Zhuang-ABCA-3.004_query_niche_207_123,Zhuang-ABCA-3.004,Zhuang-ABCA-3.001,3
707,gene_expr,Zhuang-ABCA-3.004_query_niche_207_123,Zhuang-ABCA-3.004,Zhuang-ABCA-3.001,3
708,quest_scgpt,Zhuang-ABCA-3.004_query_niche_207_123,Zhuang-ABCA-3.004,Zhuang-ABCA-3.001,3
709,gene_expr_quest,Zhuang-ABCA-3.004_query_niche_207_123,Zhuang-ABCA-3.004,Zhuang-ABCA-3.002,3
710,scgpt,Zhuang-ABCA-3.004_query_niche_207_123,Zhuang-ABCA-3.004,Zhuang-ABCA-3.002,3
711,gene_expr,Zhuang-ABCA-3.004_query_niche_207_123,Zhuang-ABCA-3.004,Zhuang-ABCA-3.002,3
712,quest_scgpt,Zhuang-ABCA-3.004_query_niche_207_123,Zhuang-ABCA-3.004,Zhuang-ABCA-3.002,3
713,gene_expr_quest,Zhuang-ABCA-3.004_query_niche_207_123,Zhuang-ABCA-3.004,Zhuang-ABCA-3.004,3
714,scgpt,Zhuang-ABCA-3.004_query_niche_207_123,Zhuang-ABCA-3.004,Zhuang-ABCA-3.004,3
715,gene_expr,Zhuang-ABCA-3.004_query_niche_207_123,Zhuang-ABCA-3.004,Zhuang-ABCA-3.004,3
716,quest_scgpt,Zhuang-ABCA-3.004_query_niche_207_123,Zhuang-ABCA-3.004,Zhuang-ABCA-3.004,3
717,gene_expr_quest,Zhuang-ABCA-3.004_query_niche_207_123,Zhuang-ABCA-3.004,Zhuang-ABCA-3.005,3
718,scgpt,Zhuang-ABCA-3.004_query_niche_207_123,Zhuang-ABCA-3.004,Zhuang-ABCA-3.005,3
719,gene_expr,Zhuang-ABCA-3.004_query_niche_207_123,Zhuang-ABCA-3.004,Zhuang-ABCA-3.005,3
720,quest_scgpt,Zhuang-ABCA-3.004_query_niche_207_123,Zhuang-ABCA-3.004,Zhuang-ABCA-3.005,3
721,gene_expr_quest,Zhuang-ABCA-3.005_query_niche_207_123,Zhuang-ABCA-3.005,Zhuang-ABCA-1.096,3
722,scgpt,Zhuang-ABCA-3.005_query_niche_207_123,Zhuang-ABCA-3.005,Zhuang-ABCA-1.096,3
723,gene_expr,Zhuang-ABCA-3.005_query_niche_207_123,Zhuang-ABCA-3.005,Zhuang-ABCA-1.096,3
724,quest_scgpt,Zhuang-ABCA-3.005_query_niche_207_123,Zhuang-ABCA-3.005,Zhuang-ABCA-1.096,3
725,gene_expr_quest,Zhuang-ABCA-3.005_query_niche_207_123,Zhuang-ABCA-3.005,Zhuang-ABCA-1.097,3
726,scgpt,Zhuang-ABCA-3.005_query_niche_207_123,Zhuang-ABCA-3.005,Zhuang-ABCA-1.097,3
727,gene_expr,Zhuang-ABCA-3.005_query_niche_207_123,Zhuang-ABCA-3.005,Zhuang-ABCA-1.097,3
728,quest_scgpt,Zhuang-ABCA-3.005_query_niche_207_123,Zhuang-ABCA-3.005,Zhuang-ABCA-1.097,3
729,gene_expr_quest,Zhuang-ABCA-3.005_query_niche_207_123,Zhuang-ABCA-3.005,Zhuang-ABCA-1.098,3
730,scgpt,Zhuang-ABCA-3.005_query_niche_207_123,Zhuang-ABCA-3.005,Zhuang-ABCA-1.098,3
731,gene_expr,Zhuang-ABCA-3.005_query_niche_207_123,Zhuang-ABCA-3.005,Zhuang-ABCA-1.098,3
732,quest_scgpt,Zhuang-ABCA-3.005_query_niche_207_123,Zhuang-ABCA-3.005,Zhuang-ABCA-1.098,3
733,gene_expr_quest,Zhuang-ABCA-3.005_query_niche_207_123,Zhuang-ABCA-3.005,Zhuang-ABCA-1.099,3
734,scgpt,Zhuang-ABCA-3.005_query_niche_207_123,Zhuang-ABCA-3.005,Zhuang-ABCA-1.099,3
735,gene_expr,Zhuang-ABCA-3.005_query_niche_207_123,Zhuang-ABCA-3.005,Zhuang-ABCA-1.099,3
736,quest_scgpt,Zhuang-ABCA-3.005_query_niche_207_123,Zhuang-ABCA-3.005,Zhuang-ABCA-1.099,3
737,gene_expr_quest,Zhuang-ABCA-3.005_query_niche_207_123,Zhuang-ABCA-3.005,C57BL6J-638850.28,3
738,scgpt,Zhuang-ABCA-3.005_query_niche_207_123,Zhuang-ABCA-3.005,C57BL6J-638850.28,3
739,gene_expr,Zhuang-ABCA-3.005_query_niche_207_123,Zhuang-ABCA-3.005,C57BL6J-638850.28,3
740,quest_scgpt,Zhuang-ABCA-3.005_query_niche_207_123,Zhuang-ABCA-3.005,C57BL6J-638850.28,3
741,gene_expr_quest,Zhuang-ABCA-3.005_query_niche_207_123,Zhuang-ABCA-3.005,C57BL6J-638850.29,3
742,scgpt,Zhuang-ABCA-3.005_query_niche_207_123,Zhuang-ABCA-3.005,C57BL6J-638850.29,3
743,gene_expr,Zhuang-ABCA-3.005_query_niche_207_123,Zhuang-ABCA-3.005,C57BL6J-638850.29,3
744,quest_scgpt,Zhuang-ABCA-3.005_query_niche_207_123,Zhuang-ABCA-3.005,C57BL6J-638850.29,3
745,gene_expr_quest,Zhuang-ABCA-3.005_query_niche_207_123,Zhuang-ABCA-3.005,C57BL6J-638850.30,3
746,scgpt,Zhuang-ABCA-3.005_query_niche_207_123,Zhuang-ABCA-3.005,C57BL6J-638850.30,3
747,gene_expr,Zhuang-ABCA-3.005_query_niche_207_123,Zhuang-ABCA-3.005,C57BL6J-638850.30,3
748,quest_scgpt,Zhuang-ABCA-3.005_query_niche_207_123,Zhuang-ABCA-3.005,C57BL6J-638850.30,3
749,gene_expr_quest,Zhuang-ABCA-3.005_query_niche_207_123,Zhuang-ABCA-3.005,C57BL6J-638850.31,3
750,scgpt,Zhuang-ABCA-3.005_query_niche_207_123,Zhuang-ABCA-3.005,C57BL6J-638850.31,3
751,gene_expr,Zhuang-ABCA-3.005_query_niche_207_123,Zhuang-ABCA-3.005,C57BL6J-638850.31,3
752,quest_scgpt,Zhuang-ABCA-3.005_query_niche_207_123,Zhuang-ABCA-3.005,C57BL6J-638850.31,3
753,gene_expr_quest,Zhuang-ABCA-3.005_query_niche_207_123,Zhuang-ABCA-3.005,Zhuang-ABCA-3.001,3
754,scgpt,Zhuang-ABCA-3.005_query_niche_207_123,Zhuang-ABCA-3.005,Zhuang-ABCA-3.001,3
755,gene_expr,Zhuang-ABCA-3.005_query_niche_207_123,Zhuang-ABCA-3.005,Zhuang-ABCA-3.001,3
756,quest_scgpt,Zhuang-ABCA-3.005_query_niche_207_123,Zhuang-ABCA-3.005,Zhuang-ABCA-3.001,3
757,gene_expr_quest,Zhuang-ABCA-3.005_query_niche_207_123,Zhuang-ABCA-3.005,Zhuang-ABCA-3.002,3
758,scgpt,Zhuang-ABCA-3.005_query_niche_207_123,Zhuang-ABCA-3.005,Zhuang-ABCA-3.002,3
759,gene_expr,Zhuang-ABCA-3.005_query_niche_207_123,Zhuang-ABCA-3.005,Zhuang-ABCA-3.002,3
760,quest_scgpt,Zhuang-ABCA-3.005_query_niche_207_123,Zhuang-ABCA-3.005,Zhuang-ABCA-3.002,3
761,gene_expr_quest,Zhuang-ABCA-3.005_query_niche_207_123,Zhuang-ABCA-3.005,Zhuang-ABCA-3.004,3
762,scgpt,Zhuang-ABCA-3.005_query_niche_207_123,Zhuang-ABCA-3.005,Zhuang-ABCA-3.004,3
763,gene_expr,Zhuang-ABCA-3.005_query_niche_207_123,Zhuang-ABCA-3.005,Zhuang-ABCA-3.004,3
764,quest_scgpt,Zhuang-ABCA-3.005_query_niche_207_123,Zhuang-ABCA-3.005,Zhuang-ABCA-3.004,3
765,gene_expr_quest,Zhuang-ABCA-3.005_query_niche_207_123,Zhuang-ABCA-3.005,Zhuang-ABCA-3.005,3
766,scgpt,Zhuang-ABCA-3.005_query_niche_207_123,Zhuang-ABCA-3.005,Zhuang-ABCA-3.005,3
767,gene_expr,Zhuang-ABCA-3.005_query_niche_207_123,Zhuang-ABCA-3.005,Zhuang-ABCA-3.005,3
768,quest_scgpt,Zhuang-ABCA-3.005_query_niche_207_123,Zhuang-ABCA-3.005,Zhuang-ABCA-3.005,3
769,gene_expr_quest,C57BL6J-638850.31_query_niche_207_123,C57BL6J-638850.31,Zhuang-ABCA-1.096,3
770,scgpt,C57BL6J-638850.31_query_niche_207_123,C57BL6J-638850.31,Zhuang-ABCA-1.096,3
771,gene_expr,C57BL6J-638850.31_query_niche_207_123,C57BL6J-638850.31,Zhuang-ABCA-1.096,3
772,quest_scgpt,C57BL6J-638850.31_query_niche_207_123,C57BL6J-638850.31,Zhuang-ABCA-1.096,3
773,gene_expr_quest,C57BL6J-638850.31_query_niche_207_123,C57BL6J-638850.31,Zhuang-ABCA-1.097,3
774,scgpt,C57BL6J-638850.31_query_niche_207_123,C57BL6J-638850.31,Zhuang-ABCA-1.097,3
775,gene_expr,C57BL6J-638850.31_query_niche_207_123,C57BL6J-638850.31,Zhuang-ABCA-1.097,3
776,quest_scgpt,C57BL6J-638850.31_query_niche_207_123,C57BL6J-638850.31,Zhuang-ABCA-1.097,3
777,gene_expr_quest,C57BL6J-638850.31_query_niche_207_123,C57BL6J-638850.31,Zhuang-ABCA-1.098,3
778,scgpt,C57BL6J-638850.31_query_niche_207_123,C57BL6J-638850.31,Zhuang-ABCA-1.098,3
779,gene_expr,C57BL6J-638850.31_query_niche_207_123,C57BL6J-638850.31,Zhuang-ABCA-1.098,3
780,quest_scgpt,C57BL6J-638850.31_query_niche_207_123,C57BL6J-638850.31,Zhuang-ABCA-1.098,3
781,gene_expr_quest,C57BL6J-638850.31_query_niche_207_123,C57BL6J-638850.31,Zhuang-ABCA-1.099,3
782,scgpt,C57BL6J-638850.31_query_niche_207_123,C57BL6J-638850.31,Zhuang-ABCA-1.099,3
783,gene_expr,C57BL6J-638850.31_query_niche_207_123,C57BL6J-638850.31,Zhuang-ABCA-1.099,3
784,quest_scgpt,C57BL6J-638850.31_query_niche_207_123,C57BL6J-638850.31,Zhuang-ABCA-1.099,3
785,gene_expr_quest,C57BL6J-638850.31_query_niche_207_123,C57BL6J-638850.31,C57BL6J-638850.28,3
786,scgpt,C57BL6J-638850.31_query_niche_207_123,C57BL6J-638850.31,C57BL6J-638850.28,3
787,gene_expr,C57BL6J-638850.31_query_niche_207_123,C57BL6J-638850.31,C57BL6J-638850.28,3
788,quest_scgpt,C57BL6J-638850.31_query_niche_207_123,C57BL6J-638850.31,C57BL6J-638850.28,3
789,gene_expr_quest,C57BL6J-638850.31_query_niche_207_123,C57BL6J-638850.31,C57BL6J-638850.29,3
790,scgpt,C57BL6J-638850.31_query_niche_207_123,C57BL6J-638850.31,C57BL6J-638850.29,3
791,gene_expr,C57BL6J-638850.31_query_niche_207_123,C57BL6J-638850.31,C57BL6J-638850.29,3
792,quest_scgpt,C57BL6J-638850.31_query_niche_207_123,C57BL6J-638850.31,C57BL6J-638850.29,3
793,gene_expr_quest,C57BL6J-638850.31_query_niche_207_123,C57BL6J-638850.31,C57BL6J-638850.30,3
794,scgpt,C57BL6J-638850.31_query_niche_207_123,C57BL6J-638850.31,C57BL6J-638850.30,3
795,gene_expr,C57BL6J-638850.31_query_niche_207_123,C57BL6J-638850.31,C57BL6J-638850.30,3
796,quest_scgpt,C57BL6J-638850.31_query_niche_207_123,C57BL6J-638850.31,C57BL6J-638850.30,3
797,gene_expr_quest,C57BL6J-638850.31_query_niche_207_123,C57BL6J-638850.31,C57BL6J-638850.31,3
798,scgpt,C57BL6J-638850.31_query_niche_207_123,C57BL6J-638850.31,C57BL6J-638850.31,3
799,gene_expr,C57BL6J-638850.31_query_niche_207_123,C57BL6J-638850.31,C57BL6J-638850.31,3
800,quest_scgpt,C57BL6J-638850.31_query_niche_207_123,C57BL6J-638850.31,C57BL6J-638850.31,3
801,gene_expr_quest,C57BL6J-638850.31_query_niche_207_123,C57BL6J-638850.31,Zhuang-ABCA-3.001,3
802,scgpt,C57BL6J-638850.31_query_niche_207_123,C57BL6J-638850.31,Zhuang-ABCA-3.001,3
803,gene_expr,C57BL6J-638850.31_query_niche_207_123,C57BL6J-638850.31,Zhuang-ABCA-3.001,3
804,quest_scgpt,C57BL6J-638850.31_query_niche_207_123,C57BL6J-638850.31,Zhuang-ABCA-3.001,3
805,gene_expr_quest,C57BL6J-638850.31_query_niche_207_123,C57BL6J-638850.31,Zhuang-ABCA-3.002,3
806,scgpt,C57BL6J-638850.31_query_niche_207_123,C57BL6J-638850.31,Zhuang-ABCA-3.002,3
807,gene_expr,C57BL6J-638850.31_query_niche_207_123,C57BL6J-638850.31,Zhuang-ABCA-3.002,3
808,quest_scgpt,C57BL6J-638850.31_query_niche_207_123,C57BL6J-638850.31,Zhuang-ABCA-3.002,3
809,gene_expr_quest,C57BL6J-638850.31_query_niche_207_123,C57BL6J-638850.31,Zhuang-ABCA-3.004,3
810,scgpt,C57BL6J-638850.31_query_niche_207_123,C57BL6J-638850.31,Zhuang-ABCA-3.004,3
811,gene_expr,C57BL6J-638850.31_query_niche_207_123,C57BL6J-638850.31,Zhuang-ABCA-3.004,3
812,quest_scgpt,C57BL6J-638850.31_query_niche_207_123,C57BL6J-638850.31,Zhuang-ABCA-3.004,3
813,gene_expr_quest,C57BL6J-638850.31_query_niche_207_123,C57BL6J-638850.31,Zhuang-ABCA-3.005,3
814,scgpt,C57BL6J-638850.31_query_niche_207_123,C57BL6J-638850.31,Zhuang-ABCA-3.005,3
815,gene_expr,C57BL6J-638850.31_query_niche_207_123,C57BL6J-638850.31,Zhuang-ABCA-3.005,3
816,quest_scgpt,C57BL6J-638850.31_query_niche_207_123,C57BL6J-638850.31,Zhuang-ABCA-3.005,3
817,gene_expr_quest,C57BL6J-638850.28_query_niche_9_841,C57BL6J-638850.28,Zhuang-ABCA-1.096,3
818,scgpt,C57BL6J-638850.28_query_niche_9_841,C57BL6J-638850.28,Zhuang-ABCA-1.096,3
819,gene_expr,C57BL6J-638850.28_query_niche_9_841,C57BL6J-638850.28,Zhuang-ABCA-1.096,3
820,quest_scgpt,C57BL6J-638850.28_query_niche_9_841,C57BL6J-638850.28,Zhuang-ABCA-1.096,3
821,gene_expr_quest,C57BL6J-638850.28_query_niche_9_841,C57BL6J-638850.28,Zhuang-ABCA-1.097,3
822,scgpt,C57BL6J-638850.28_query_niche_9_841,C57BL6J-638850.28,Zhuang-ABCA-1.097,3
823,gene_expr,C57BL6J-638850.28_query_niche_9_841,C57BL6J-638850.28,Zhuang-ABCA-1.097,3
824,quest_scgpt,C57BL6J-638850.28_query_niche_9_841,C57BL6J-638850.28,Zhuang-ABCA-1.097,3
825,gene_expr_quest,C57BL6J-638850.28_query_niche_9_841,C57BL6J-638850.28,Zhuang-ABCA-1.098,3
826,scgpt,C57BL6J-638850.28_query_niche_9_841,C57BL6J-638850.28,Zhuang-ABCA-1.098,3
827,gene_expr,C57BL6J-638850.28_query_niche_9_841,C57BL6J-638850.28,Zhuang-ABCA-1.098,3
828,quest_scgpt,C57BL6J-638850.28_query_niche_9_841,C57BL6J-638850.28,Zhuang-ABCA-1.098,3
829,gene_expr_quest,C57BL6J-638850.28_query_niche_9_841,C57BL6J-638850.28,Zhuang-ABCA-1.099,3
830,scgpt,C57BL6J-638850.28_query_niche_9_841,C57BL6J-638850.28,Zhuang-ABCA-1.099,3
831,gene_expr,C57BL6J-638850.28_query_niche_9_841,C57BL6J-638850.28,Zhuang-ABCA-1.099,3
832,quest_scgpt,C57BL6J-638850.28_query_niche_9_841,C57BL6J-638850.28,Zhuang-ABCA-1.099,3
833,gene_expr_quest,C57BL6J-638850.28_query_niche_9_841,C57BL6J-638850.28,C57BL6J-638850.28,3
834,scgpt,C57BL6J-638850.28_query_niche_9_841,C57BL6J-638850.28,C57BL6J-638850.28,3
835,gene_expr,C57BL6J-638850.28_query_niche_9_841,C57BL6J-638850.28,C57BL6J-638850.28,3
836,quest_scgpt,C57BL6J-638850.28_query_niche_9_841,C57BL6J-638850.28,C57BL6J-638850.28,3
837,gene_expr_quest,C57BL6J-638850.28_query_niche_9_841,C57BL6J-638850.28,C57BL6J-638850.29,3
838,scgpt,C57BL6J-638850.28_query_niche_9_841,C57BL6J-638850.28,C57BL6J-638850.29,3
839,gene_expr,C57BL6J-638850.28_query_niche_9_841,C57BL6J-638850.28,C57BL6J-638850.29,3
840,quest_scgpt,C57BL6J-638850.28_query_niche_9_841,C57BL6J-638850.28,C57BL6J-638850.29,3
841,gene_expr_quest,C57BL6J-638850.28_query_niche_9_841,C57BL6J-638850.28,C57BL6J-638850.30,3
842,scgpt,C57BL6J-638850.28_query_niche_9_841,C57BL6J-638850.28,C57BL6J-638850.30,3
843,gene_expr,C57BL6J-638850.28_query_niche_9_841,C57BL6J-638850.28,C57BL6J-638850.30,3
844,quest_scgpt,C57BL6J-638850.28_query_niche_9_841,C57BL6J-638850.28,C57BL6J-638850.30,3
845,gene_expr_quest,C57BL6J-638850.28_query_niche_9_841,C57BL6J-638850.28,C57BL6J-638850.31,3
846,scgpt,C57BL6J-638850.28_query_niche_9_841,C57BL6J-638850.28,C57BL6J-638850.31,3
847,gene_expr,C57BL6J-638850.28_query_niche_9_841,C57BL6J-638850.28,C57BL6J-638850.31,3
848,quest_scgpt,C57BL6J-638850.28_query_niche_9_841,C57BL6J-638850.28,C57BL6J-638850.31,3
849,gene_expr_quest,C57BL6J-638850.28_query_niche_9_841,C57BL6J-638850.28,Zhuang-ABCA-3.001,3
850,scgpt,C57BL6J-638850.28_query_niche_9_841,C57BL6J-638850.28,Zhuang-ABCA-3.001,3
851,gene_expr,C57BL6J-638850.28_query_niche_9_841,C57BL6J-638850.28,Zhuang-ABCA-3.001,3
852,quest_scgpt,C57BL6J-638850.28_query_niche_9_841,C57BL6J-638850.28,Zhuang-ABCA-3.001,3
853,gene_expr_quest,C57BL6J-638850.28_query_niche_9_841,C57BL6J-638850.28,Zhuang-ABCA-3.002,3
854,scgpt,C57BL6J-638850.28_query_niche_9_841,C57BL6J-638850.28,Zhuang-ABCA-3.002,3
855,gene_expr,C57BL6J-638850.28_query_niche_9_841,C57BL6J-638850.28,Zhuang-ABCA-3.002,3
856,quest_scgpt,C57BL6J-638850.28_query_niche_9_841,C57BL6J-638850.28,Zhuang-ABCA-3.002,3
857,gene_expr_quest,C57BL6J-638850.28_query_niche_9_841,C57BL6J-638850.28,Zhuang-ABCA-3.004,3
858,scgpt,C57BL6J-638850.28_query_niche_9_841,C57BL6J-638850.28,Zhuang-ABCA-3.004,3
859,gene_expr,C57BL6J-638850.28_query_niche_9_841,C57BL6J-638850.28,Zhuang-ABCA-3.004,3
860,quest_scgpt,C57BL6J-638850.28_query_niche_9_841,C57BL6J-638850.28,Zhuang-ABCA-3.004,3
861,gene_expr_quest,C57BL6J-638850.28_query_niche_9_841,C57BL6J-638850.28,Zhuang-ABCA-3.005,3
862,scgpt,C57BL6J-638850.28_query_niche_9_841,C57BL6J-638850.28,Zhuang-ABCA-3.005,3
863,gene_expr,C57BL6J-638850.28_query_niche_9_841,C57BL6J-638850.28,Zhuang-ABCA-3.005,3
864,quest_scgpt,C57BL6J-638850.28_query_niche_9_841,C57BL6J-638850.28,Zhuang-ABCA-3.005,3
865,gene_expr_quest,C57BL6J-638850.28_query_niche_15_785,C57BL6J-638850.28,Zhuang-ABCA-1.096,3
866,scgpt,C57BL6J-638850.28_query_niche_15_785,C57BL6J-638850.28,Zhuang-ABCA-1.096,3
867,gene_expr,C57BL6J-638850.28_query_niche_15_785,C57BL6J-638850.28,Zhuang-ABCA-1.096,3
868,quest_scgpt,C57BL6J-638850.28_query_niche_15_785,C57BL6J-638850.28,Zhuang-ABCA-1.096,3
869,gene_expr_quest,C57BL6J-638850.28_query_niche_15_785,C57BL6J-638850.28,Zhuang-ABCA-1.097,3
870,scgpt,C57BL6J-638850.28_query_niche_15_785,C57BL6J-638850.28,Zhuang-ABCA-1.097,3
871,gene_expr,C57BL6J-638850.28_query_niche_15_785,C57BL6J-638850.28,Zhuang-ABCA-1.097,3
872,quest_scgpt,C57BL6J-638850.28_query_niche_15_785,C57BL6J-638850.28,Zhuang-ABCA-1.097,3
873,gene_expr_quest,C57BL6J-638850.28_query_niche_15_785,C57BL6J-638850.28,Zhuang-ABCA-1.098,3
874,scgpt,C57BL6J-638850.28_query_niche_15_785,C57BL6J-638850.28,Zhuang-ABCA-1.098,3
875,gene_expr,C57BL6J-638850.28_query_niche_15_785,C57BL6J-638850.28,Zhuang-ABCA-1.098,3
876,quest_scgpt,C57BL6J-638850.28_query_niche_15_785,C57BL6J-638850.28,Zhuang-ABCA-1.098,3
877,gene_expr_quest,C57BL6J-638850.28_query_niche_15_785,C57BL6J-638850.28,Zhuang-ABCA-1.099,3
878,scgpt,C57BL6J-638850.28_query_niche_15_785,C57BL6J-638850.28,Zhuang-ABCA-1.099,3
879,gene_expr,C57BL6J-638850.28_query_niche_15_785,C57BL6J-638850.28,Zhuang-ABCA-1.099,3
880,quest_scgpt,C57BL6J-638850.28_query_niche_15_785,C57BL6J-638850.28,Zhuang-ABCA-1.099,3
881,gene_expr_quest,C57BL6J-638850.28_query_niche_15_785,C57BL6J-638850.28,C57BL6J-638850.28,3
882,scgpt,C57BL6J-638850.28_query_niche_15_785,C57BL6J-638850.28,C57BL6J-638850.28,3
883,gene_expr,C57BL6J-638850.28_query_niche_15_785,C57BL6J-638850.28,C57BL6J-638850.28,3
884,quest_scgpt,C57BL6J-638850.28_query_niche_15_785,C57BL6J-638850.28,C57BL6J-638850.28,3
885,gene_expr_quest,C57BL6J-638850.28_query_niche_15_785,C57BL6J-638850.28,C57BL6J-638850.29,3
886,scgpt,C57BL6J-638850.28_query_niche_15_785,C57BL6J-638850.28,C57BL6J-638850.29,3
887,gene_expr,C57BL6J-638850.28_query_niche_15_785,C57BL6J-638850.28,C57BL6J-638850.29,3
888,quest_scgpt,C57BL6J-638850.28_query_niche_15_785,C57BL6J-638850.28,C57BL6J-638850.29,3
889,gene_expr_quest,C57BL6J-638850.28_query_niche_15_785,C57BL6J-638850.28,C57BL6J-638850.30,3
890,scgpt,C57BL6J-638850.28_query_niche_15_785,C57BL6J-638850.28,C57BL6J-638850.30,3
891,gene_expr,C57BL6J-638850.28_query_niche_15_785,C57BL6J-638850.28,C57BL6J-638850.30,3
892,quest_scgpt,C57BL6J-638850.28_query_niche_15_785,C57BL6J-638850.28,C57BL6J-638850.30,3
893,gene_expr_quest,C57BL6J-638850.28_query_niche_15_785,C57BL6J-638850.28,C57BL6J-638850.31,3
894,scgpt,C57BL6J-638850.28_query_niche_15_785,C57BL6J-638850.28,C57BL6J-638850.31,3
895,gene_expr,C57BL6J-638850.28_query_niche_15_785,C57BL6J-638850.28,C57BL6J-638850.31,3
896,quest_scgpt,C57BL6J-638850.28_query_niche_15_785,C57BL6J-638850.28,C57BL6J-638850.31,3
897,gene_expr_quest,C57BL6J-638850.28_query_niche_15_785,C57BL6J-638850.28,Zhuang-ABCA-3.001,3
898,scgpt,C57BL6J-638850.28_query_niche_15_785,C57BL6J-638850.28,Zhuang-ABCA-3.001,3
899,gene_expr,C57BL6J-638850.28_query_niche_15_785,C57BL6J-638850.28,Zhuang-ABCA-3.001,3
900,quest_scgpt,C57BL6J-638850.28_query_niche_15_785,C57BL6J-638850.28,Zhuang-ABCA-3.001,3
901,gene_expr_quest,C57BL6J-638850.28_query_niche_15_785,C57BL6J-638850.28,Zhuang-ABCA-3.002,3
902,scgpt,C57BL6J-638850.28_query_niche_15_785,C57BL6J-638850.28,Zhuang-ABCA-3.002,3
903,gene_expr,C57BL6J-638850.28_query_niche_15_785,C57BL6J-638850.28,Zhuang-ABCA-3.002,3
904,quest_scgpt,C57BL6J-638850.28_query_niche_15_785,C57BL6J-638850.28,Zhuang-ABCA-3.002,3
905,gene_expr_quest,C57BL6J-638850.28_query_niche_15_785,C57BL6J-638850.28,Zhuang-ABCA-3.004,3
906,scgpt,C57BL6J-638850.28_query_niche_15_785,C57BL6J-638850.28,Zhuang-ABCA-3.004,3
907,gene_expr,C57BL6J-638850.28_query_niche_15_785,C57BL6J-638850.28,Zhuang-ABCA-3.004,3
908,quest_scgpt,C57BL6J-638850.28_query_niche_15_785,C57BL6J-638850.28,Zhuang-ABCA-3.004,3
909,gene_expr_quest,C57BL6J-638850.28_query_niche_15_785,C57BL6J-638850.28,Zhuang-ABCA-3.005,3
910,scgpt,C57BL6J-638850.28_query_niche_15_785,C57BL6J-638850.28,Zhuang-ABCA-3.005,3
911,gene_expr,C57BL6J-638850.28_query_niche_15_785,C57BL6J-638850.28,Zhuang-ABCA-3.005,3
912,quest_scgpt,C57BL6J-638850.28_query_niche_15_785,C57BL6J-638850.28,Zhuang-ABCA-3.005,3
913,gene_expr_quest,C57BL6J-638850.29_query_niche_9_841,C57BL6J-638850.29,Zhuang-ABCA-1.096,3
914,scgpt,C57BL6J-638850.29_query_niche_9_841,C57BL6J-638850.29,Zhuang-ABCA-1.096,3
915,gene_expr,C57BL6J-638850.29_query_niche_9_841,C57BL6J-638850.29,Zhuang-ABCA-1.096,3
916,quest_scgpt,C57BL6J-638850.29_query_niche_9_841,C57BL6J-638850.29,Zhuang-ABCA-1.096,3
917,gene_expr_quest,C57BL6J-638850.29_query_niche_9_841,C57BL6J-638850.29,Zhuang-ABCA-1.097,3
918,scgpt,C57BL6J-638850.29_query_niche_9_841,C57BL6J-638850.29,Zhuang-ABCA-1.097,3
919,gene_expr,C57BL6J-638850.29_query_niche_9_841,C57BL6J-638850.29,Zhuang-ABCA-1.097,3
920,quest_scgpt,C57BL6J-638850.29_query_niche_9_841,C57BL6J-638850.29,Zhuang-ABCA-1.097,3
921,gene_expr_quest,C57BL6J-638850.29_query_niche_9_841,C57BL6J-638850.29,Zhuang-ABCA-1.098,3
922,scgpt,C57BL6J-638850.29_query_niche_9_841,C57BL6J-638850.29,Zhuang-ABCA-1.098,3
923,gene_expr,C57BL6J-638850.29_query_niche_9_841,C57BL6J-638850.29,Zhuang-ABCA-1.098,3
924,quest_scgpt,C57BL6J-638850.29_query_niche_9_841,C57BL6J-638850.29,Zhuang-ABCA-1.098,3
925,gene_expr_quest,C57BL6J-638850.29_query_niche_9_841,C57BL6J-638850.29,Zhuang-ABCA-1.099,3
926,scgpt,C57BL6J-638850.29_query_niche_9_841,C57BL6J-638850.29,Zhuang-ABCA-1.099,3
927,gene_expr,C57BL6J-638850.29_query_niche_9_841,C57BL6J-638850.29,Zhuang-ABCA-1.099,3
928,quest_scgpt,C57BL6J-638850.29_query_niche_9_841,C57BL6J-638850.29,Zhuang-ABCA-1.099,3
929,gene_expr_quest,C57BL6J-638850.29_query_niche_9_841,C57BL6J-638850.29,C57BL6J-638850.28,3
930,scgpt,C57BL6J-638850.29_query_niche_9_841,C57BL6J-638850.29,C57BL6J-638850.28,3
931,gene_expr,C57BL6J-638850.29_query_niche_9_841,C57BL6J-638850.29,C57BL6J-638850.28,3
932,quest_scgpt,C57BL6J-638850.29_query_niche_9_841,C57BL6J-638850.29,C57BL6J-638850.28,3
933,gene_expr_quest,C57BL6J-638850.29_query_niche_9_841,C57BL6J-638850.29,C57BL6J-638850.29,3
934,scgpt,C57BL6J-638850.29_query_niche_9_841,C57BL6J-638850.29,C57BL6J-638850.29,3
935,gene_expr,C57BL6J-638850.29_query_niche_9_841,C57BL6J-638850.29,C57BL6J-638850.29,3
936,quest_scgpt,C57BL6J-638850.29_query_niche_9_841,C57BL6J-638850.29,C57BL6J-638850.29,3
937,gene_expr_quest,C57BL6J-638850.29_query_niche_9_841,C57BL6J-638850.29,C57BL6J-638850.30,3
938,scgpt,C57BL6J-638850.29_query_niche_9_841,C57BL6J-638850.29,C57BL6J-638850.30,3
939,gene_expr,C57BL6J-638850.29_query_niche_9_841,C57BL6J-638850.29,C57BL6J-638850.30,3
940,quest_scgpt,C57BL6J-638850.29_query_niche_9_841,C57BL6J-638850.29,C57BL6J-638850.30,3
941,gene_expr_quest,C57BL6J-638850.29_query_niche_9_841,C57BL6J-638850.29,C57BL6J-638850.31,3
942,scgpt,C57BL6J-638850.29_query_niche_9_841,C57BL6J-638850.29,C57BL6J-638850.31,3
943,gene_expr,C57BL6J-638850.29_query_niche_9_841,C57BL6J-638850.29,C57BL6J-638850.31,3
944,quest_scgpt,C57BL6J-638850.29_query_niche_9_841,C57BL6J-638850.29,C57BL6J-638850.31,3
945,gene_expr_quest,C57BL6J-638850.29_query_niche_9_841,C57BL6J-638850.29,Zhuang-ABCA-3.001,3
946,scgpt,C57BL6J-638850.29_query_niche_9_841,C57BL6J-638850.29,Zhuang-ABCA-3.001,3
947,gene_expr,C57BL6J-638850.29_query_niche_9_841,C57BL6J-638850.29,Zhuang-ABCA-3.001,3
948,quest_scgpt,C57BL6J-638850.29_query_niche_9_841,C57BL6J-638850.29,Zhuang-ABCA-3.001,3
949,gene_expr_quest,C57BL6J-638850.29_query_niche_9_841,C57BL6J-638850.29,Zhuang-ABCA-3.002,3
950,scgpt,C57BL6J-638850.29_query_niche_9_841,C57BL6J-638850.29,Zhuang-ABCA-3.002,3
951,gene_expr,C57BL6J-638850.29_query_niche_9_841,C57BL6J-638850.29,Zhuang-ABCA-3.002,3
952,quest_scgpt,C57BL6J-638850.29_query_niche_9_841,C57BL6J-638850.29,Zhuang-ABCA-3.002,3
953,gene_expr_quest,C57BL6J-638850.29_query_niche_9_841,C57BL6J-638850.29,Zhuang-ABCA-3.004,3
954,scgpt,C57BL6J-638850.29_query_niche_9_841,C57BL6J-638850.29,Zhuang-ABCA-3.004,3
955,gene_expr,C57BL6J-638850.29_query_niche_9_841,C57BL6J-638850.29,Zhuang-ABCA-3.004,3
956,quest_scgpt,C57BL6J-638850.29_query_niche_9_841,C57BL6J-638850.29,Zhuang-ABCA-3.004,3
957,gene_expr_quest,C57BL6J-638850.29_query_niche_9_841,C57BL6J-638850.29,Zhuang-ABCA-3.005,3
958,scgpt,C57BL6J-638850.29_query_niche_9_841,C57BL6J-638850.29,Zhuang-ABCA-3.005,3
959,gene_expr,C57BL6J-638850.29_query_niche_9_841,C57BL6J-638850.29,Zhuang-ABCA-3.005,3
960,quest_scgpt,C57BL6J-638850.29_query_niche_9_841,C57BL6J-638850.29,Zhuang-ABCA-3.005,3
961,gene_expr_quest,C57BL6J-638850.29_query_niche_15_785,C57BL6J-638850.29,Zhuang-ABCA-1.096,3
962,scgpt,C57BL6J-638850.29_query_niche_15_785,C57BL6J-638850.29,Zhuang-ABCA-1.096,3
963,gene_expr,C57BL6J-638850.29_query_niche_15_785,C57BL6J-638850.29,Zhuang-ABCA-1.096,3
964,quest_scgpt,C57BL6J-638850.29_query_niche_15_785,C57BL6J-638850.29,Zhuang-ABCA-1.096,3
965,gene_expr_quest,C57BL6J-638850.29_query_niche_15_785,C57BL6J-638850.29,Zhuang-ABCA-1.097,3
966,scgpt,C57BL6J-638850.29_query_niche_15_785,C57BL6J-638850.29,Zhuang-ABCA-1.097,3
967,gene_expr,C57BL6J-638850.29_query_niche_15_785,C57BL6J-638850.29,Zhuang-ABCA-1.097,3
968,quest_scgpt,C57BL6J-638850.29_query_niche_15_785,C57BL6J-638850.29,Zhuang-ABCA-1.097,3
969,gene_expr_quest,C57BL6J-638850.29_query_niche_15_785,C57BL6J-638850.29,Zhuang-ABCA-1.098,3
970,scgpt,C57BL6J-638850.29_query_niche_15_785,C57BL6J-638850.29,Zhuang-ABCA-1.098,3
971,gene_expr,C57BL6J-638850.29_query_niche_15_785,C57BL6J-638850.29,Zhuang-ABCA-1.098,3
972,quest_scgpt,C57BL6J-638850.29_query_niche_15_785,C57BL6J-638850.29,Zhuang-ABCA-1.098,3
973,gene_expr_quest,C57BL6J-638850.29_query_niche_15_785,C57BL6J-638850.29,Zhuang-ABCA-1.099,3
974,scgpt,C57BL6J-638850.29_query_niche_15_785,C57BL6J-638850.29,Zhuang-ABCA-1.099,3
975,gene_expr,C57BL6J-638850.29_query_niche_15_785,C57BL6J-638850.29,Zhuang-ABCA-1.099,3
976,quest_scgpt,C57BL6J-638850.29_query_niche_15_785,C57BL6J-638850.29,Zhuang-ABCA-1.099,3
977,gene_expr_quest,C57BL6J-638850.29_query_niche_15_785,C57BL6J-638850.29,C57BL6J-638850.28,3
978,scgpt,C57BL6J-638850.29_query_niche_15_785,C57BL6J-638850.29,C57BL6J-638850.28,3
979,gene_expr,C57BL6J-638850.29_query_niche_15_785,C57BL6J-638850.29,C57BL6J-638850.28,3
980,quest_scgpt,C57BL6J-638850.29_query_niche_15_785,C57BL6J-638850.29,C57BL6J-638850.28,3
981,gene_expr_quest,C57BL6J-638850.29_query_niche_15_785,C57BL6J-638850.29,C57BL6J-638850.29,3
982,scgpt,C57BL6J-638850.29_query_niche_15_785,C57BL6J-638850.29,C57BL6J-638850.29,3
983,gene_expr,C57BL6J-638850.29_query_niche_15_785,C57BL6J-638850.29,C57BL6J-638850.29,3
984,quest_scgpt,C57BL6J-638850.29_query_niche_15_785,C57BL6J-638850.29,C57BL6J-638850.29,3
985,gene_expr_quest,C57BL6J-638850.29_query_niche_15_785,C57BL6J-638850.29,C57BL6J-638850.30,3
986,scgpt,C57BL6J-638850.29_query_niche_15_785,C57BL6J-638850.29,C57BL6J-638850.30,3
987,gene_expr,C57BL6J-638850.29_query_niche_15_785,C57BL6J-638850.29,C57BL6J-638850.30,3
988,quest_scgpt,C57BL6J-638850.29_query_niche_15_785,C57BL6J-638850.29,C57BL6J-638850.30,3
989,gene_expr_quest,C57BL6J-638850.29_query_niche_15_785,C57BL6J-638850.29,C57BL6J-638850.31,3
990,scgpt,C57BL6J-638850.29_query_niche_15_785,C57BL6J-638850.29,C57BL6J-638850.31,3
991,gene_expr,C57BL6J-638850.29_query_niche_15_785,C57BL6J-638850.29,C57BL6J-638850.31,3
992,quest_scgpt,C57BL6J-638850.29_query_niche_15_785,C57BL6J-638850.29,C57BL6J-638850.31,3
993,gene_expr_quest,C57BL6J-638850.29_query_niche_15_785,C57BL6J-638850.29,Zhuang-ABCA-3.001,3
994,scgpt,C57BL6J-638850.29_query_niche_15_785,C57BL6J-638850.29,Zhuang-ABCA-3.001,3
995,gene_expr,C57BL6J-638850.29_query_niche_15_785,C57BL6J-638850.29,Zhuang-ABCA-3.001,3
996,quest_scgpt,C57BL6J-638850.29_query_niche_15_785,C57BL6J-638850.29,Zhuang-ABCA-3.001,3
997,gene_expr_quest,C57BL6J-638850.29_query_niche_15_785,C57BL6J-638850.29,Zhuang-ABCA-3.002,3
998,scgpt,C57BL6J-638850.29_query_niche_15_785,C57BL6J-638850.29,Zhuang-ABCA-3.002,3
999,gene_expr,C57BL6J-638850.29_query_niche_15_785,C57BL6J-638850.29,Zhuang-ABCA-3.002,3
1000,quest_scgpt,C57BL6J-638850.29_query_niche_15_785,C57BL6J-638850.29,Zhuang-ABCA-3.002,3
1001,gene_expr_quest,C57BL6J-638850.29_query_niche_15_785,C57BL6J-638850.29,Zhuang-ABCA-3.004,3
1002,scgpt,C57BL6J-638850.29_query_niche_15_785,C57BL6J-638850.29,Zhuang-ABCA-3.004,3
1003,gene_expr,C57BL6J-638850.29_query_niche_15_785,C57BL6J-638850.29,Zhuang-ABCA-3.004,3
1004,quest_scgpt,C57BL6J-638850.29_query_niche_15_785,C57BL6J-638850.29,Zhuang-ABCA-3.004,3
1005,gene_expr_quest,C57BL6J-638850.29_query_niche_15_785,C57BL6J-638850.29,Zhuang-ABCA-3.005,3
1006,scgpt,C57BL6J-638850.29_query_niche_15_785,C57BL6J-638850.29,Zhuang-ABCA-3.005,3
1007,gene_expr,C57BL6J-638850.29_query_niche_15_785,C57BL6J-638850.29,Zhuang-ABCA-3.005,3
1008,quest_scgpt,C57BL6J-638850.29_query_niche_15_785,C57BL6J-638850.29,Zhuang-ABCA-3.005,3
1009,gene_expr_quest,C57BL6J-638850.30_query_niche_9_841,C57BL6J-638850.30,Zhuang-ABCA-1.096,3
1010,scgpt,C57BL6J-638850.30_query_niche_9_841,C57BL6J-638850.30,Zhuang-ABCA-1.096,3
1011,gene_expr,C57BL6J-638850.30_query_niche_9_841,C57BL6J-638850.30,Zhuang-ABCA-1.096,3
1012,quest_scgpt,C57BL6J-638850.30_query_niche_9_841,C57BL6J-638850.30,Zhuang-ABCA-1.096,3
1013,gene_expr_quest,C57BL6J-638850.30_query_niche_9_841,C57BL6J-638850.30,Zhuang-ABCA-1.097,3
1014,scgpt,C57BL6J-638850.30_query_niche_9_841,C57BL6J-638850.30,Zhuang-ABCA-1.097,3
1015,gene_expr,C57BL6J-638850.30_query_niche_9_841,C57BL6J-638850.30,Zhuang-ABCA-1.097,3
1016,quest_scgpt,C57BL6J-638850.30_query_niche_9_841,C57BL6J-638850.30,Zhuang-ABCA-1.097,3
1017,gene_expr_quest,C57BL6J-638850.30_query_niche_9_841,C57BL6J-638850.30,Zhuang-ABCA-1.098,3
1018,scgpt,C57BL6J-638850.30_query_niche_9_841,C57BL6J-638850.30,Zhuang-ABCA-1.098,3
1019,gene_expr,C57BL6J-638850.30_query_niche_9_841,C57BL6J-638850.30,Zhuang-ABCA-1.098,3
1020,quest_scgpt,C57BL6J-638850.30_query_niche_9_841,C57BL6J-638850.30,Zhuang-ABCA-1.098,3
1021,gene_expr_quest,C57BL6J-638850.30_query_niche_9_841,C57BL6J-638850.30,Zhuang-ABCA-1.099,3
1022,scgpt,C57BL6J-638850.30_query_niche_9_841,C57BL6J-638850.30,Zhuang-ABCA-1.099,3
1023,gene_expr,C57BL6J-638850.30_query_niche_9_841,C57BL6J-638850.30,Zhuang-ABCA-1.099,3
1024,quest_scgpt,C57BL6J-638850.30_query_niche_9_841,C57BL6J-638850.30,Zhuang-ABCA-1.099,3
1025,gene_expr_quest,C57BL6J-638850.30_query_niche_9_841,C57BL6J-638850.30,C57BL6J-638850.28,3
1026,scgpt,C57BL6J-638850.30_query_niche_9_841,C57BL6J-638850.30,C57BL6J-638850.28,3
1027,gene_expr,C57BL6J-638850.30_query_niche_9_841,C57BL6J-638850.30,C57BL6J-638850.28,3
1028,quest_scgpt,C57BL6J-638850.30_query_niche_9_841,C57BL6J-638850.30,C57BL6J-638850.28,3
1029,gene_expr_quest,C57BL6J-638850.30_query_niche_9_841,C57BL6J-638850.30,C57BL6J-638850.29,3
1030,scgpt,C57BL6J-638850.30_query_niche_9_841,C57BL6J-638850.30,C57BL6J-638850.29,3
1031,gene_expr,C57BL6J-638850.30_query_niche_9_841,C57BL6J-638850.30,C57BL6J-638850.29,3
1032,quest_scgpt,C57BL6J-638850.30_query_niche_9_841,C57BL6J-638850.30,C57BL6J-638850.29,3
1033,gene_expr_quest,C57BL6J-638850.30_query_niche_9_841,C57BL6J-638850.30,C57BL6J-638850.30,3
1034,scgpt,C57BL6J-638850.30_query_niche_9_841,C57BL6J-638850.30,C57BL6J-638850.30,3
1035,gene_expr,C57BL6J-638850.30_query_niche_9_841,C57BL6J-638850.30,C57BL6J-638850.30,3
1036,quest_scgpt,C57BL6J-638850.30_query_niche_9_841,C57BL6J-638850.30,C57BL6J-638850.30,3
1037,gene_expr_quest,C57BL6J-638850.30_query_niche_9_841,C57BL6J-638850.30,C57BL6J-638850.31,3
1038,scgpt,C57BL6J-638850.30_query_niche_9_841,C57BL6J-638850.30,C57BL6J-638850.31,3
1039,gene_expr,C57BL6J-638850.30_query_niche_9_841,C57BL6J-638850.30,C57BL6J-638850.31,3
1040,quest_scgpt,C57BL6J-638850.30_query_niche_9_841,C57BL6J-638850.30,C57BL6J-638850.31,3
1041,gene_expr_quest,C57BL6J-638850.30_query_niche_9_841,C57BL6J-638850.30,Zhuang-ABCA-3.001,3
1042,scgpt,C57BL6J-638850.30_query_niche_9_841,C57BL6J-638850.30,Zhuang-ABCA-3.001,3
1043,gene_expr,C57BL6J-638850.30_query_niche_9_841,C57BL6J-638850.30,Zhuang-ABCA-3.001,3
1044,quest_scgpt,C57BL6J-638850.30_query_niche_9_841,C57BL6J-638850.30,Zhuang-ABCA-3.001,3
1045,gene_expr_quest,C57BL6J-638850.30_query_niche_9_841,C57BL6J-638850.30,Zhuang-ABCA-3.002,3
1046,scgpt,C57BL6J-638850.30_query_niche_9_841,C57BL6J-638850.30,Zhuang-ABCA-3.002,3
1047,gene_expr,C57BL6J-638850.30_query_niche_9_841,C57BL6J-638850.30,Zhuang-ABCA-3.002,3
1048,quest_scgpt,C57BL6J-638850.30_query_niche_9_841,C57BL6J-638850.30,Zhuang-ABCA-3.002,3
1049,gene_expr_quest,C57BL6J-638850.30_query_niche_9_841,C57BL6J-638850.30,Zhuang-ABCA-3.004,3
1050,scgpt,C57BL6J-638850.30_query_niche_9_841,C57BL6J-638850.30,Zhuang-ABCA-3.004,3
1051,gene_expr,C57BL6J-638850.30_query_niche_9_841,C57BL6J-638850.30,Zhuang-ABCA-3.004,3
1052,quest_scgpt,C57BL6J-638850.30_query_niche_9_841,C57BL6J-638850.30,Zhuang-ABCA-3.004,3
1053,gene_expr_quest,C57BL6J-638850.30_query_niche_9_841,C57BL6J-638850.30,Zhuang-ABCA-3.005,3
1054,scgpt,C57BL6J-638850.30_query_niche_9_841,C57BL6J-638850.30,Zhuang-ABCA-3.005,3
1055,gene_expr,C57BL6J-638850.30_query_niche_9_841,C57BL6J-638850.30,Zhuang-ABCA-3.005,3
1056,quest_scgpt,C57BL6J-638850.30_query_niche_9_841,C57BL6J-638850.30,Zhuang-ABCA-3.005,3
1057,gene_expr_quest,C57BL6J-638850.30_query_niche_15_785,C57BL6J-638850.30,Zhuang-ABCA-1.096,3
1058,scgpt,C57BL6J-638850.30_query_niche_15_785,C57BL6J-638850.30,Zhuang-ABCA-1.096,3
1059,gene_expr,C57BL6J-638850.30_query_niche_15_785,C57BL6J-638850.30,Zhuang-ABCA-1.096,3
1060,quest_scgpt,C57BL6J-638850.30_query_niche_15_785,C57BL6J-638850.30,Zhuang-ABCA-1.096,3
1061,gene_expr_quest,C57BL6J-638850.30_query_niche_15_785,C57BL6J-638850.30,Zhuang-ABCA-1.097,3
1062,scgpt,C57BL6J-638850.30_query_niche_15_785,C57BL6J-638850.30,Zhuang-ABCA-1.097,3
1063,gene_expr,C57BL6J-638850.30_query_niche_15_785,C57BL6J-638850.30,Zhuang-ABCA-1.097,3
1064,quest_scgpt,C57BL6J-638850.30_query_niche_15_785,C57BL6J-638850.30,Zhuang-ABCA-1.097,3
1065,gene_expr_quest,C57BL6J-638850.30_query_niche_15_785,C57BL6J-638850.30,Zhuang-ABCA-1.098,3
1066,scgpt,C57BL6J-638850.30_query_niche_15_785,C57BL6J-638850.30,Zhuang-ABCA-1.098,3
1067,gene_expr,C57BL6J-638850.30_query_niche_15_785,C57BL6J-638850.30,Zhuang-ABCA-1.098,3
1068,quest_scgpt,C57BL6J-638850.30_query_niche_15_785,C57BL6J-638850.30,Zhuang-ABCA-1.098,3
1069,gene_expr_quest,C57BL6J-638850.30_query_niche_15_785,C57BL6J-638850.30,Zhuang-ABCA-1.099,3
1070,scgpt,C57BL6J-638850.30_query_niche_15_785,C57BL6J-638850.30,Zhuang-ABCA-1.099,3
1071,gene_expr,C57BL6J-638850.30_query_niche_15_785,C57BL6J-638850.30,Zhuang-ABCA-1.099,3
1072,quest_scgpt,C57BL6J-638850.30_query_niche_15_785,C57BL6J-638850.30,Zhuang-ABCA-1.099,3
1073,gene_expr_quest,C57BL6J-638850.30_query_niche_15_785,C57BL6J-638850.30,C57BL6J-638850.28,3
1074,scgpt,C57BL6J-638850.30_query_niche_15_785,C57BL6J-638850.30,C57BL6J-638850.28,3
1075,gene_expr,C57BL6J-638850.30_query_niche_15_785,C57BL6J-638850.30,C57BL6J-638850.28,3
1076,quest_scgpt,C57BL6J-638850.30_query_niche_15_785,C57BL6J-638850.30,C57BL6J-638850.28,3
1077,gene_expr_quest,C57BL6J-638850.30_query_niche_15_785,C57BL6J-638850.30,C57BL6J-638850.29,3
1078,scgpt,C57BL6J-638850.30_query_niche_15_785,C57BL6J-638850.30,C57BL6J-638850.29,3
1079,gene_expr,C57BL6J-638850.30_query_niche_15_785,C57BL6J-638850.30,C57BL6J-638850.29,3
1080,quest_scgpt,C57BL6J-638850.30_query_niche_15_785,C57BL6J-638850.30,C57BL6J-638850.29,3
1081,gene_expr_quest,C57BL6J-638850.30_query_niche_15_785,C57BL6J-638850.30,C57BL6J-638850.30,3
1082,scgpt,C57BL6J-638850.30_query_niche_15_785,C57BL6J-638850.30,C57BL6J-638850.30,3
1083,gene_expr,C57BL6J-638850.30_query_niche_15_785,C57BL6J-638850.30,C57BL6J-638850.30,3
1084,quest_scgpt,C57BL6J-638850.30_query_niche_15_785,C57BL6J-638850.30,C57BL6J-638850.30,3
1085,gene_expr_quest,C57BL6J-638850.30_query_niche_15_785,C57BL6J-638850.30,C57BL6J-638850.31,3
1086,scgpt,C57BL6J-638850.30_query_niche_15_785,C57BL6J-638850.30,C57BL6J-638850.31,3
1087,gene_expr,C57BL6J-638850.30_query_niche_15_785,C57BL6J-638850.30,C57BL6J-638850.31,3
1088,quest_scgpt,C57BL6J-638850.30_query_niche_15_785,C57BL6J-638850.30,C57BL6J-638850.31,3
1089,gene_expr_quest,C57BL6J-638850.30_query_niche_15_785,C57BL6J-638850.30,Zhuang-ABCA-3.001,3
1090,scgpt,C57BL6J-638850.30_query_niche_15_785,C57BL6J-638850.30,Zhuang-ABCA-3.001,3
1091,gene_expr,C57BL6J-638850.30_query_niche_15_785,C57BL6J-638850.30,Zhuang-ABCA-3.001,3
1092,quest_scgpt,C57BL6J-638850.30_query_niche_15_785,C57BL6J-638850.30,Zhuang-ABCA-3.001,3
1093,gene_expr_quest,C57BL6J-638850.30_query_niche_15_785,C57BL6J-638850.30,Zhuang-ABCA-3.002,3
1094,scgpt,C57BL6J-638850.30_query_niche_15_785,C57BL6J-638850.30,Zhuang-ABCA-3.002,3
1095,gene_expr,C57BL6J-638850.30_query_niche_15_785,C57BL6J-638850.30,Zhuang-ABCA-3.002,3
1096,quest_scgpt,C57BL6J-638850.30_query_niche_15_785,C57BL6J-638850.30,Zhuang-ABCA-3.002,3
1097,gene_expr_quest,C57BL6J-638850.30_query_niche_15_785,C57BL6J-638850.30,Zhuang-ABCA-3.004,3
1098,scgpt,C57BL6J-638850.30_query_niche_15_785,C57BL6J-638850.30,Zhuang-ABCA-3.004,3
1099,gene_expr,C57BL6J-638850.30_query_niche_15_785,C57BL6J-638850.30,Zhuang-ABCA-3.004,3
1100,quest_scgpt,C57BL6J-638850.30_query_niche_15_785,C57BL6J-638850.30,Zhuang-ABCA-3.004,3
1101,gene_expr_quest,C57BL6J-638850.30_query_niche_15_785,C57BL6J-638850.30,Zhuang-ABCA-3.005,3
1102,scgpt,C57BL6J-638850.30_query_niche_15_785,C57BL6J-638850.30,Zhuang-ABCA-3.005,3
1103,gene_expr,C57BL6J-638850.30_query_niche_15_785,C57BL6J-638850.30,Zhuang-ABCA-3.005,3
1104,quest_scgpt,C57BL6J-638850.30_query_niche_15_785,C57BL6J-638850.30,Zhuang-ABCA-3.005,3
1105,gene_expr_quest,C57BL6J-638850.31_query_niche_9_841,C57BL6J-638850.31,Zhuang-ABCA-1.096,3
1106,scgpt,C57BL6J-638850.31_query_niche_9_841,C57BL6J-638850.31,Zhuang-ABCA-1.096,3
1107,gene_expr,C57BL6J-638850.31_query_niche_9_841,C57BL6J-638850.31,Zhuang-ABCA-1.096,3
1108,quest_scgpt,C57BL6J-638850.31_query_niche_9_841,C57BL6J-638850.31,Zhuang-ABCA-1.096,3
1109,gene_expr_quest,C57BL6J-638850.31_query_niche_9_841,C57BL6J-638850.31,Zhuang-ABCA-1.097,3
1110,scgpt,C57BL6J-638850.31_query_niche_9_841,C57BL6J-638850.31,Zhuang-ABCA-1.097,3
1111,gene_expr,C57BL6J-638850.31_query_niche_9_841,C57BL6J-638850.31,Zhuang-ABCA-1.097,3
1112,quest_scgpt,C57BL6J-638850.31_query_niche_9_841,C57BL6J-638850.31,Zhuang-ABCA-1.097,3
1113,gene_expr_quest,C57BL6J-638850.31_query_niche_9_841,C57BL6J-638850.31,Zhuang-ABCA-1.098,3
1114,scgpt,C57BL6J-638850.31_query_niche_9_841,C57BL6J-638850.31,Zhuang-ABCA-1.098,3
1115,gene_expr,C57BL6J-638850.31_query_niche_9_841,C57BL6J-638850.31,Zhuang-ABCA-1.098,3
1116,quest_scgpt,C57BL6J-638850.31_query_niche_9_841,C57BL6J-638850.31,Zhuang-ABCA-1.098,3
1117,gene_expr_quest,C57BL6J-638850.31_query_niche_9_841,C57BL6J-638850.31,Zhuang-ABCA-1.099,3
1118,scgpt,C57BL6J-638850.31_query_niche_9_841,C57BL6J-638850.31,Zhuang-ABCA-1.099,3
1119,gene_expr,C57BL6J-638850.31_query_niche_9_841,C57BL6J-638850.31,Zhuang-ABCA-1.099,3
1120,quest_scgpt,C57BL6J-638850.31_query_niche_9_841,C57BL6J-638850.31,Zhuang-ABCA-1.099,3
1121,gene_expr_quest,C57BL6J-638850.31_query_niche_9_841,C57BL6J-638850.31,C57BL6J-638850.28,3
1122,scgpt,C57BL6J-638850.31_query_niche_9_841,C57BL6J-638850.31,C57BL6J-638850.28,3
1123,gene_expr,C57BL6J-638850.31_query_niche_9_841,C57BL6J-638850.31,C57BL6J-638850.28,3
1124,quest_scgpt,C57BL6J-638850.31_query_niche_9_841,C57BL6J-638850.31,C57BL6J-638850.28,3
1125,gene_expr_quest,C57BL6J-638850.31_query_niche_9_841,C57BL6J-638850.31,C57BL6J-638850.29,3
1126,scgpt,C57BL6J-638850.31_query_niche_9_841,C57BL6J-638850.31,C57BL6J-638850.29,3
1127,gene_expr,C57BL6J-638850.31_query_niche_9_841,C57BL6J-638850.31,C57BL6J-638850.29,3
1128,quest_scgpt,C57BL6J-638850.31_query_niche_9_841,C57BL6J-638850.31,C57BL6J-638850.29,3
1129,gene_expr_quest,C57BL6J-638850.31_query_niche_9_841,C57BL6J-638850.31,C57BL6J-638850.30,3
1130,scgpt,C57BL6J-638850.31_query_niche_9_841,C57BL6J-638850.31,C57BL6J-638850.30,3
1131,gene_expr,C57BL6J-638850.31_query_niche_9_841,C57BL6J-638850.31,C57BL6J-638850.30,3
1132,quest_scgpt,C57BL6J-638850.31_query_niche_9_841,C57BL6J-638850.31,C57BL6J-638850.30,3
1133,gene_expr_quest,C57BL6J-638850.31_query_niche_9_841,C57BL6J-638850.31,C57BL6J-638850.31,3
1134,scgpt,C57BL6J-638850.31_query_niche_9_841,C57BL6J-638850.31,C57BL6J-638850.31,3
1135,gene_expr,C57BL6J-638850.31_query_niche_9_841,C57BL6J-638850.31,C57BL6J-638850.31,3
1136,quest_scgpt,C57BL6J-638850.31_query_niche_9_841,C57BL6J-638850.31,C57BL6J-638850.31,3
1137,gene_expr_quest,C57BL6J-638850.31_query_niche_9_841,C57BL6J-638850.31,Zhuang-ABCA-3.001,3
1138,scgpt,C57BL6J-638850.31_query_niche_9_841,C57BL6J-638850.31,Zhuang-ABCA-3.001,3
1139,gene_expr,C57BL6J-638850.31_query_niche_9_841,C57BL6J-638850.31,Zhuang-ABCA-3.001,3
1140,quest_scgpt,C57BL6J-638850.31_query_niche_9_841,C57BL6J-638850.31,Zhuang-ABCA-3.001,3
1141,gene_expr_quest,C57BL6J-638850.31_query_niche_9_841,C57BL6J-638850.31,Zhuang-ABCA-3.002,3
1142,scgpt,C57BL6J-638850.31_query_niche_9_841,C57BL6J-638850.31,Zhuang-ABCA-3.002,3
1143,gene_expr,C57BL6J-638850.31_query_niche_9_841,C57BL6J-638850.31,Zhuang-ABCA-3.002,3
1144,quest_scgpt,C57BL6J-638850.31_query_niche_9_841,C57BL6J-638850.31,Zhuang-ABCA-3.002,3
1145,gene_expr_quest,C57BL6J-638850.31_query_niche_9_841,C57BL6J-638850.31,Zhuang-ABCA-3.004,3
1146,scgpt,C57BL6J-638850.31_query_niche_9_841,C57BL6J-638850.31,Zhuang-ABCA-3.004,3
1147,gene_expr,C57BL6J-638850.31_query_niche_9_841,C57BL6J-638850.31,Zhuang-ABCA-3.004,3
1148,quest_scgpt,C57BL6J-638850.31_query_niche_9_841,C57BL6J-638850.31,Zhuang-ABCA-3.004,3
1149,gene_expr_quest,C57BL6J-638850.31_query_niche_9_841,C57BL6J-638850.31,Zhuang-ABCA-3.005,3
1150,scgpt,C57BL6J-638850.31_query_niche_9_841,C57BL6J-638850.31,Zhuang-ABCA-3.005,3
1151,gene_expr,C57BL6J-638850.31_query_niche_9_841,C57BL6J-638850.31,Zhuang-ABCA-3.005,3
1152,quest_scgpt,C57BL6J-638850.31_query_niche_9_841,C57BL6J-638850.31,Zhuang-ABCA-3.005,3
1153,gene_expr_quest,C57BL6J-638850.31_query_niche_15_785,C57BL6J-638850.31,Zhuang-ABCA-1.096,3
1154,scgpt,C57BL6J-638850.31_query_niche_15_785,C57BL6J-638850.31,Zhuang-ABCA-1.096,3
1155,gene_expr,C57BL6J-638850.31_query_niche_15_785,C57BL6J-638850.31,Zhuang-ABCA-1.096,3
1156,quest_scgpt,C57BL6J-638850.31_query_niche_15_785,C57BL6J-638850.31,Zhuang-ABCA-1.096,3
1157,gene_expr_quest,C57BL6J-638850.31_query_niche_15_785,C57BL6J-638850.31,Zhuang-ABCA-1.097,3
1158,scgpt,C57BL6J-638850.31_query_niche_15_785,C57BL6J-638850.31,Zhuang-ABCA-1.097,3
1159,gene_expr,C57BL6J-638850.31_query_niche_15_785,C57BL6J-638850.31,Zhuang-ABCA-1.097,3
1160,quest_scgpt,C57BL6J-638850.31_query_niche_15_785,C57BL6J-638850.31,Zhuang-ABCA-1.097,3
1161,gene_expr_quest,C57BL6J-638850.31_query_niche_15_785,C57BL6J-638850.31,Zhuang-ABCA-1.098,3
1162,scgpt,C57BL6J-638850.31_query_niche_15_785,C57BL6J-638850.31,Zhuang-ABCA-1.098,3
1163,gene_expr,C57BL6J-638850.31_query_niche_15_785,C57BL6J-638850.31,Zhuang-ABCA-1.098,3
1164,quest_scgpt,C57BL6J-638850.31_query_niche_15_785,C57BL6J-638850.31,Zhuang-ABCA-1.098,3
1165,gene_expr_quest,C57BL6J-638850.31_query_niche_15_785,C57BL6J-638850.31,Zhuang-ABCA-1.099,3
1166,scgpt,C57BL6J-638850.31_query_niche_15_785,C57BL6J-638850.31,Zhuang-ABCA-1.099,3
1167,gene_expr,C57BL6J-638850.31_query_niche_15_785,C57BL6J-638850.31,Zhuang-ABCA-1.099,3
1168,quest_scgpt,C57BL6J-638850.31_query_niche_15_785,C57BL6J-638850.31,Zhuang-ABCA-1.099,3
1169,gene_expr_quest,C57BL6J-638850.31_query_niche_15_785,C57BL6J-638850.31,C57BL6J-638850.28,3
1170,scgpt,C57BL6J-638850.31_query_niche_15_785,C57BL6J-638850.31,C57BL6J-638850.28,3
1171,gene_expr,C57BL6J-638850.31_query_niche_15_785,C57BL6J-638850.31,C57BL6J-638850.28,3
1172,quest_scgpt,C57BL6J-638850.31_query_niche_15_785,C57BL6J-638850.31,C57BL6J-638850.28,3
1173,gene_expr_quest,C57BL6J-638850.31_query_niche_15_785,C57BL6J-638850.31,C57BL6J-638850.29,3
1174,scgpt,C57BL6J-638850.31_query_niche_15_785,C57BL6J-638850.31,C57BL6J-638850.29,3
1175,gene_expr,C57BL6J-638850.31_query_niche_15_785,C57BL6J-638850.31,C57BL6J-638850.29,3
1176,quest_scgpt,C57BL6J-638850.31_query_niche_15_785,C57BL6J-638850.31,C57BL6J-638850.29,3
1177,gene_expr_quest,C57BL6J-638850.31_query_niche_15_785,C57BL6J-638850.31,C57BL6J-638850.30,3
1178,scgpt,C57BL6J-638850.31_query_niche_15_785,C57BL6J-638850.31,C57BL6J-638850.30,3
1179,gene_expr,C57BL6J-638850.31_query_niche_15_785,C57BL6J-638850.31,C57BL6J-638850.30,3
1180,quest_scgpt,C57BL6J-638850.31_query_niche_15_785,C57BL6J-638850.31,C57BL6J-638850.30,3
1181,gene_expr_quest,C57BL6J-638850.31_query_niche_15_785,C57BL6J-638850.31,C57BL6J-638850.31,3
1182,scgpt,C57BL6J-638850.31_query_niche_15_785,C57BL6J-638850.31,C57BL6J-638850.31,3
1183,gene_expr,C57BL6J-638850.31_query_niche_15_785,C57BL6J-638850.31,C57BL6J-638850.31,3
1184,quest_scgpt,C57BL6J-638850.31_query_niche_15_785,C57BL6J-638850.31,C57BL6J-638850.31,3
1185,gene_expr_quest,C57BL6J-638850.31_query_niche_15_785,C57BL6J-638850.31,Zhuang-ABCA-3.001,3
1186,scgpt,C57BL6J-638850.31_query_niche_15_785,C57BL6J-638850.31,Zhuang-ABCA-3.001,3
1187,gene_expr,C57BL6J-638850.31_query_niche_15_785,C57BL6J-638850.31,Zhuang-ABCA-3.001,3
1188,quest_scgpt,C57BL6J-638850.31_query_niche_15_785,C57BL6J-638850.31,Zhuang-ABCA-3.001,3
1189,gene_expr_quest,C57BL6J-638850.31_query_niche_15_785,C57BL6J-638850.31,Zhuang-ABCA-3.002,3
1190,scgpt,C57BL6J-638850.31_query_niche_15_785,C57BL6J-638850.31,Zhuang-ABCA-3.002,3
1191,gene_expr,C57BL6J-638850.31_query_niche_15_785,C57BL6J-638850.31,Zhuang-ABCA-3.002,3
1192,quest_scgpt,C57BL6J-638850.31_query_niche_15_785,C57BL6J-638850.31,Zhuang-ABCA-3.002,3
1193,gene_expr_quest,C57BL6J-638850.31_query_niche_15_785,C57BL6J-638850.31,Zhuang-ABCA-3.004,3
1194,scgpt,C57BL6J-638850.31_query_niche_15_785,C57BL6J-638850.31,Zhuang-ABCA-3.004,3
1195,gene_expr,C57BL6J-638850.31_query_niche_15_785,C57BL6J-638850.31,Zhuang-ABCA-3.004,3
1196,quest_scgpt,C57BL6J-638850.31_query_niche_15_785,C57BL6J-638850.31,Zhuang-ABCA-3.004,3
1197,gene_expr_quest,C57BL6J-638850.31_query_niche_15_785,C57BL6J-638850.31,Zhuang-ABCA-3.005,3
1198,scgpt,C57BL6J-638850.31_query_niche_15_785,C57BL6J-638850.31,Zhuang-ABCA-3.005,3
1199,gene_expr,C57BL6J-638850.31_query_niche_15_785,C57BL6J-638850.31,Zhuang-ABCA-3.005,3
1200,quest_scgpt,C57BL6J-638850.31_query_niche_15_785,C57BL6J-638850.31,Zhuang-ABCA-3.005,3
1201,gene_expr_quest,Zhuang-ABCA-3.001_query_niche_9_15,Zhuang-ABCA-3.001,Zhuang-ABCA-1.096,3
1202,scgpt,Zhuang-ABCA-3.001_query_niche_9_15,Zhuang-ABCA-3.001,Zhuang-ABCA-1.096,3
1203,gene_expr,Zhuang-ABCA-3.001_query_niche_9_15,Zhuang-ABCA-3.001,Zhuang-ABCA-1.096,3
1204,quest_scgpt,Zhuang-ABCA-3.001_query_niche_9_15,Zhuang-ABCA-3.001,Zhuang-ABCA-1.096,3
1205,gene_expr_quest,Zhuang-ABCA-3.001_query_niche_9_15,Zhuang-ABCA-3.001,Zhuang-ABCA-1.097,3
1206,scgpt,Zhuang-ABCA-3.001_query_niche_9_15,Zhuang-ABCA-3.001,Zhuang-ABCA-1.097,3
1207,gene_expr,Zhuang-ABCA-3.001_query_niche_9_15,Zhuang-ABCA-3.001,Zhuang-ABCA-1.097,3
1208,quest_scgpt,Zhuang-ABCA-3.001_query_niche_9_15,Zhuang-ABCA-3.001,Zhuang-ABCA-1.097,3
1209,gene_expr_quest,Zhuang-ABCA-3.001_query_niche_9_15,Zhuang-ABCA-3.001,Zhuang-ABCA-1.098,3
1210,scgpt,Zhuang-ABCA-3.001_query_niche_9_15,Zhuang-ABCA-3.001,Zhuang-ABCA-1.098,3
1211,gene_expr,Zhuang-ABCA-3.001_query_niche_9_15,Zhuang-ABCA-3.001,Zhuang-ABCA-1.098,3
1212,quest_scgpt,Zhuang-ABCA-3.001_query_niche_9_15,Zhuang-ABCA-3.001,Zhuang-ABCA-1.098,3
1213,gene_expr_quest,Zhuang-ABCA-3.001_query_niche_9_15,Zhuang-ABCA-3.001,Zhuang-ABCA-1.099,3
1214,scgpt,Zhuang-ABCA-3.001_query_niche_9_15,Zhuang-ABCA-3.001,Zhuang-ABCA-1.099,3
1215,gene_expr,Zhuang-ABCA-3.001_query_niche_9_15,Zhuang-ABCA-3.001,Zhuang-ABCA-1.099,3
1216,quest_scgpt,Zhuang-ABCA-3.001_query_niche_9_15,Zhuang-ABCA-3.001,Zhuang-ABCA-1.099,3
1217,gene_expr_quest,Zhuang-ABCA-3.001_query_niche_9_15,Zhuang-ABCA-3.001,C57BL6J-638850.28,3
1218,scgpt,Zhuang-ABCA-3.001_query_niche_9_15,Zhuang-ABCA-3.001,C57BL6J-638850.28,3
1219,gene_expr,Zhuang-ABCA-3.001_query_niche_9_15,Zhuang-ABCA-3.001,C57BL6J-638850.28,3
1220,quest_scgpt,Zhuang-ABCA-3.001_query_niche_9_15,Zhuang-ABCA-3.001,C57BL6J-638850.28,3
1221,gene_expr_quest,Zhuang-ABCA-3.001_query_niche_9_15,Zhuang-ABCA-3.001,C57BL6J-638850.29,3
1222,scgpt,Zhuang-ABCA-3.001_query_niche_9_15,Zhuang-ABCA-3.001,C57BL6J-638850.29,3
1223,gene_expr,Zhuang-ABCA-3.001_query_niche_9_15,Zhuang-ABCA-3.001,C57BL6J-638850.29,3
1224,quest_scgpt,Zhuang-ABCA-3.001_query_niche_9_15,Zhuang-ABCA-3.001,C57BL6J-638850.29,3
1225,gene_expr_quest,Zhuang-ABCA-3.001_query_niche_9_15,Zhuang-ABCA-3.001,C57BL6J-638850.30,3
1226,scgpt,Zhuang-ABCA-3.001_query_niche_9_15,Zhuang-ABCA-3.001,C57BL6J-638850.30,3
1227,gene_expr,Zhuang-ABCA-3.001_query_niche_9_15,Zhuang-ABCA-3.001,C57BL6J-638850.30,3
1228,quest_scgpt,Zhuang-ABCA-3.001_query_niche_9_15,Zhuang-ABCA-3.001,C57BL6J-638850.30,3
1229,gene_expr_quest,Zhuang-ABCA-3.001_query_niche_9_15,Zhuang-ABCA-3.001,C57BL6J-638850.31,3
1230,scgpt,Zhuang-ABCA-3.001_query_niche_9_15,Zhuang-ABCA-3.001,C57BL6J-638850.31,3
1231,gene_expr,Zhuang-ABCA-3.001_query_niche_9_15,Zhuang-ABCA-3.001,C57BL6J-638850.31,3
1232,quest_scgpt,Zhuang-ABCA-3.001_query_niche_9_15,Zhuang-ABCA-3.001,C57BL6J-638850.31,3
1233,gene_expr_quest,Zhuang-ABCA-3.001_query_niche_9_15,Zhuang-ABCA-3.001,Zhuang-ABCA-3.001,3
1234,scgpt,Zhuang-ABCA-3.001_query_niche_9_15,Zhuang-ABCA-3.001,Zhuang-ABCA-3.001,3
1235,gene_expr,Zhuang-ABCA-3.001_query_niche_9_15,Zhuang-ABCA-3.001,Zhuang-ABCA-3.001,3
1236,quest_scgpt,Zhuang-ABCA-3.001_query_niche_9_15,Zhuang-ABCA-3.001,Zhuang-ABCA-3.001,3
1237,gene_expr_quest,Zhuang-ABCA-3.001_query_niche_9_15,Zhuang-ABCA-3.001,Zhuang-ABCA-3.002,3
1238,scgpt,Zhuang-ABCA-3.001_query_niche_9_15,Zhuang-ABCA-3.001,Zhuang-ABCA-3.002,3
1239,gene_expr,Zhuang-ABCA-3.001_query_niche_9_15,Zhuang-ABCA-3.001,Zhuang-ABCA-3.002,3
1240,quest_scgpt,Zhuang-ABCA-3.001_query_niche_9_15,Zhuang-ABCA-3.001,Zhuang-ABCA-3.002,3
1241,gene_expr_quest,Zhuang-ABCA-3.001_query_niche_9_15,Zhuang-ABCA-3.001,Zhuang-ABCA-3.004,3
1242,scgpt,Zhuang-ABCA-3.001_query_niche_9_15,Zhuang-ABCA-3.001,Zhuang-ABCA-3.004,3
1243,gene_expr,Zhuang-ABCA-3.001_query_niche_9_15,Zhuang-ABCA-3.001,Zhuang-ABCA-3.004,3
1244,quest_scgpt,Zhuang-ABCA-3.001_query_niche_9_15,Zhuang-ABCA-3.001,Zhuang-ABCA-3.004,3
1245,gene_expr_quest,Zhuang-ABCA-3.001_query_niche_9_15,Zhuang-ABCA-3.001,Zhuang-ABCA-3.005,3
1246,scgpt,Zhuang-ABCA-3.001_query_niche_9_15,Zhuang-ABCA-3.001,Zhuang-ABCA-3.005,3
1247,gene_expr,Zhuang-ABCA-3.001_query_niche_9_15,Zhuang-ABCA-3.001,Zhuang-ABCA-3.005,3
1248,quest_scgpt,Zhuang-ABCA-3.001_query_niche_9_15,Zhuang-ABCA-3.001,Zhuang-ABCA-3.005,3
1249,gene_expr_quest,Zhuang-ABCA-3.001_query_niche_15_785,Zhuang-ABCA-3.001,Zhuang-ABCA-1.096,3
1250,scgpt,Zhuang-ABCA-3.001_query_niche_15_785,Zhuang-ABCA-3.001,Zhuang-ABCA-1.096,3
1251,gene_expr,Zhuang-ABCA-3.001_query_niche_15_785,Zhuang-ABCA-3.001,Zhuang-ABCA-1.096,3
1252,quest_scgpt,Zhuang-ABCA-3.001_query_niche_15_785,Zhuang-ABCA-3.001,Zhuang-ABCA-1.096,3
1253,gene_expr_quest,Zhuang-ABCA-3.001_query_niche_15_785,Zhuang-ABCA-3.001,Zhuang-ABCA-1.097,3
1254,scgpt,Zhuang-ABCA-3.001_query_niche_15_785,Zhuang-ABCA-3.001,Zhuang-ABCA-1.097,3
1255,gene_expr,Zhuang-ABCA-3.001_query_niche_15_785,Zhuang-ABCA-3.001,Zhuang-ABCA-1.097,3
1256,quest_scgpt,Zhuang-ABCA-3.001_query_niche_15_785,Zhuang-ABCA-3.001,Zhuang-ABCA-1.097,3
1257,gene_expr_quest,Zhuang-ABCA-3.001_query_niche_15_785,Zhuang-ABCA-3.001,Zhuang-ABCA-1.098,3
1258,scgpt,Zhuang-ABCA-3.001_query_niche_15_785,Zhuang-ABCA-3.001,Zhuang-ABCA-1.098,3
1259,gene_expr,Zhuang-ABCA-3.001_query_niche_15_785,Zhuang-ABCA-3.001,Zhuang-ABCA-1.098,3
1260,quest_scgpt,Zhuang-ABCA-3.001_query_niche_15_785,Zhuang-ABCA-3.001,Zhuang-ABCA-1.098,3
1261,gene_expr_quest,Zhuang-ABCA-3.001_query_niche_15_785,Zhuang-ABCA-3.001,Zhuang-ABCA-1.099,3
1262,scgpt,Zhuang-ABCA-3.001_query_niche_15_785,Zhuang-ABCA-3.001,Zhuang-ABCA-1.099,3
1263,gene_expr,Zhuang-ABCA-3.001_query_niche_15_785,Zhuang-ABCA-3.001,Zhuang-ABCA-1.099,3
1264,quest_scgpt,Zhuang-ABCA-3.001_query_niche_15_785,Zhuang-ABCA-3.001,Zhuang-ABCA-1.099,3
1265,gene_expr_quest,Zhuang-ABCA-3.001_query_niche_15_785,Zhuang-ABCA-3.001,C57BL6J-638850.28,3
1266,scgpt,Zhuang-ABCA-3.001_query_niche_15_785,Zhuang-ABCA-3.001,C57BL6J-638850.28,3
1267,gene_expr,Zhuang-ABCA-3.001_query_niche_15_785,Zhuang-ABCA-3.001,C57BL6J-638850.28,3
1268,quest_scgpt,Zhuang-ABCA-3.001_query_niche_15_785,Zhuang-ABCA-3.001,C57BL6J-638850.28,3
1269,gene_expr_quest,Zhuang-ABCA-3.001_query_niche_15_785,Zhuang-ABCA-3.001,C57BL6J-638850.29,3
1270,scgpt,Zhuang-ABCA-3.001_query_niche_15_785,Zhuang-ABCA-3.001,C57BL6J-638850.29,3
1271,gene_expr,Zhuang-ABCA-3.001_query_niche_15_785,Zhuang-ABCA-3.001,C57BL6J-638850.29,3
1272,quest_scgpt,Zhuang-ABCA-3.001_query_niche_15_785,Zhuang-ABCA-3.001,C57BL6J-638850.29,3
1273,gene_expr_quest,Zhuang-ABCA-3.001_query_niche_15_785,Zhuang-ABCA-3.001,C57BL6J-638850.30,3
1274,scgpt,Zhuang-ABCA-3.001_query_niche_15_785,Zhuang-ABCA-3.001,C57BL6J-638850.30,3
1275,gene_expr,Zhuang-ABCA-3.001_query_niche_15_785,Zhuang-ABCA-3.001,C57BL6J-638850.30,3
1276,quest_scgpt,Zhuang-ABCA-3.001_query_niche_15_785,Zhuang-ABCA-3.001,C57BL6J-638850.30,3
1277,gene_expr_quest,Zhuang-ABCA-3.001_query_niche_15_785,Zhuang-ABCA-3.001,C57BL6J-638850.31,3
1278,scgpt,Zhuang-ABCA-3.001_query_niche_15_785,Zhuang-ABCA-3.001,C57BL6J-638850.31,3
1279,gene_expr,Zhuang-ABCA-3.001_query_niche_15_785,Zhuang-ABCA-3.001,C57BL6J-638850.31,3
1280,quest_scgpt,Zhuang-ABCA-3.001_query_niche_15_785,Zhuang-ABCA-3.001,C57BL6J-638850.31,3
1281,gene_expr_quest,Zhuang-ABCA-3.001_query_niche_15_785,Zhuang-ABCA-3.001,Zhuang-ABCA-3.001,3
1282,scgpt,Zhuang-ABCA-3.001_query_niche_15_785,Zhuang-ABCA-3.001,Zhuang-ABCA-3.001,3
1283,gene_expr,Zhuang-ABCA-3.001_query_niche_15_785,Zhuang-ABCA-3.001,Zhuang-ABCA-3.001,3
1284,quest_scgpt,Zhuang-ABCA-3.001_query_niche_15_785,Zhuang-ABCA-3.001,Zhuang-ABCA-3.001,3
1285,gene_expr_quest,Zhuang-ABCA-3.001_query_niche_15_785,Zhuang-ABCA-3.001,Zhuang-ABCA-3.002,3
1286,scgpt,Zhuang-ABCA-3.001_query_niche_15_785,Zhuang-ABCA-3.001,Zhuang-ABCA-3.002,3
1287,gene_expr,Zhuang-ABCA-3.001_query_niche_15_785,Zhuang-ABCA-3.001,Zhuang-ABCA-3.002,3
1288,quest_scgpt,Zhuang-ABCA-3.001_query_niche_15_785,Zhuang-ABCA-3.001,Zhuang-ABCA-3.002,3
1289,gene_expr_quest,Zhuang-ABCA-3.001_query_niche_15_785,Zhuang-ABCA-3.001,Zhuang-ABCA-3.004,3
1290,scgpt,Zhuang-ABCA-3.001_query_niche_15_785,Zhuang-ABCA-3.001,Zhuang-ABCA-3.004,3
1291,gene_expr,Zhuang-ABCA-3.001_query_niche_15_785,Zhuang-ABCA-3.001,Zhuang-ABCA-3.004,3
1292,quest_scgpt,Zhuang-ABCA-3.001_query_niche_15_785,Zhuang-ABCA-3.001,Zhuang-ABCA-3.004,3
1293,gene_expr_quest,Zhuang-ABCA-3.001_query_niche_15_785,Zhuang-ABCA-3.001,Zhuang-ABCA-3.005,3
1294,scgpt,Zhuang-ABCA-3.001_query_niche_15_785,Zhuang-ABCA-3.001,Zhuang-ABCA-3.005,3
1295,gene_expr,Zhuang-ABCA-3.001_query_niche_15_785,Zhuang-ABCA-3.001,Zhuang-ABCA-3.005,3
1296,quest_scgpt,Zhuang-ABCA-3.001_query_niche_15_785,Zhuang-ABCA-3.001,Zhuang-ABCA-3.005,3
1297,gene_expr_quest,Zhuang-ABCA-3.002_query_niche_9_15,Zhuang-ABCA-3.002,Zhuang-ABCA-1.096,3
1298,scgpt,Zhuang-ABCA-3.002_query_niche_9_15,Zhuang-ABCA-3.002,Zhuang-ABCA-1.096,3
1299,gene_expr,Zhuang-ABCA-3.002_query_niche_9_15,Zhuang-ABCA-3.002,Zhuang-ABCA-1.096,3
1300,quest_scgpt,Zhuang-ABCA-3.002_query_niche_9_15,Zhuang-ABCA-3.002,Zhuang-ABCA-1.096,3
1301,gene_expr_quest,Zhuang-ABCA-3.002_query_niche_9_15,Zhuang-ABCA-3.002,Zhuang-ABCA-1.097,3
1302,scgpt,Zhuang-ABCA-3.002_query_niche_9_15,Zhuang-ABCA-3.002,Zhuang-ABCA-1.097,3
1303,gene_expr,Zhuang-ABCA-3.002_query_niche_9_15,Zhuang-ABCA-3.002,Zhuang-ABCA-1.097,3
1304,quest_scgpt,Zhuang-ABCA-3.002_query_niche_9_15,Zhuang-ABCA-3.002,Zhuang-ABCA-1.097,3
1305,gene_expr_quest,Zhuang-ABCA-3.002_query_niche_9_15,Zhuang-ABCA-3.002,Zhuang-ABCA-1.098,3
1306,scgpt,Zhuang-ABCA-3.002_query_niche_9_15,Zhuang-ABCA-3.002,Zhuang-ABCA-1.098,3
1307,gene_expr,Zhuang-ABCA-3.002_query_niche_9_15,Zhuang-ABCA-3.002,Zhuang-ABCA-1.098,3
1308,quest_scgpt,Zhuang-ABCA-3.002_query_niche_9_15,Zhuang-ABCA-3.002,Zhuang-ABCA-1.098,3
1309,gene_expr_quest,Zhuang-ABCA-3.002_query_niche_9_15,Zhuang-ABCA-3.002,Zhuang-ABCA-1.099,3
1310,scgpt,Zhuang-ABCA-3.002_query_niche_9_15,Zhuang-ABCA-3.002,Zhuang-ABCA-1.099,3
1311,gene_expr,Zhuang-ABCA-3.002_query_niche_9_15,Zhuang-ABCA-3.002,Zhuang-ABCA-1.099,3
1312,quest_scgpt,Zhuang-ABCA-3.002_query_niche_9_15,Zhuang-ABCA-3.002,Zhuang-ABCA-1.099,3
1313,gene_expr_quest,Zhuang-ABCA-3.002_query_niche_9_15,Zhuang-ABCA-3.002,C57BL6J-638850.28,3
1314,scgpt,Zhuang-ABCA-3.002_query_niche_9_15,Zhuang-ABCA-3.002,C57BL6J-638850.28,3
1315,gene_expr,Zhuang-ABCA-3.002_query_niche_9_15,Zhuang-ABCA-3.002,C57BL6J-638850.28,3
1316,quest_scgpt,Zhuang-ABCA-3.002_query_niche_9_15,Zhuang-ABCA-3.002,C57BL6J-638850.28,3
1317,gene_expr_quest,Zhuang-ABCA-3.002_query_niche_9_15,Zhuang-ABCA-3.002,C57BL6J-638850.29,3
1318,scgpt,Zhuang-ABCA-3.002_query_niche_9_15,Zhuang-ABCA-3.002,C57BL6J-638850.29,3
1319,gene_expr,Zhuang-ABCA-3.002_query_niche_9_15,Zhuang-ABCA-3.002,C57BL6J-638850.29,3
1320,quest_scgpt,Zhuang-ABCA-3.002_query_niche_9_15,Zhuang-ABCA-3.002,C57BL6J-638850.29,3
1321,gene_expr_quest,Zhuang-ABCA-3.002_query_niche_9_15,Zhuang-ABCA-3.002,C57BL6J-638850.30,3
1322,scgpt,Zhuang-ABCA-3.002_query_niche_9_15,Zhuang-ABCA-3.002,C57BL6J-638850.30,3
1323,gene_expr,Zhuang-ABCA-3.002_query_niche_9_15,Zhuang-ABCA-3.002,C57BL6J-638850.30,3
1324,quest_scgpt,Zhuang-ABCA-3.002_query_niche_9_15,Zhuang-ABCA-3.002,C57BL6J-638850.30,3
1325,gene_expr_quest,Zhuang-ABCA-3.002_query_niche_9_15,Zhuang-ABCA-3.002,C57BL6J-638850.31,3
1326,scgpt,Zhuang-ABCA-3.002_query_niche_9_15,Zhuang-ABCA-3.002,C57BL6J-638850.31,3
1327,gene_expr,Zhuang-ABCA-3.002_query_niche_9_15,Zhuang-ABCA-3.002,C57BL6J-638850.31,3
1328,quest_scgpt,Zhuang-ABCA-3.002_query_niche_9_15,Zhuang-ABCA-3.002,C57BL6J-638850.31,3
1329,gene_expr_quest,Zhuang-ABCA-3.002_query_niche_9_15,Zhuang-ABCA-3.002,Zhuang-ABCA-3.001,3
1330,scgpt,Zhuang-ABCA-3.002_query_niche_9_15,Zhuang-ABCA-3.002,Zhuang-ABCA-3.001,3
1331,gene_expr,Zhuang-ABCA-3.002_query_niche_9_15,Zhuang-ABCA-3.002,Zhuang-ABCA-3.001,3
1332,quest_scgpt,Zhuang-ABCA-3.002_query_niche_9_15,Zhuang-ABCA-3.002,Zhuang-ABCA-3.001,3
1333,gene_expr_quest,Zhuang-ABCA-3.002_query_niche_9_15,Zhuang-ABCA-3.002,Zhuang-ABCA-3.002,3
1334,scgpt,Zhuang-ABCA-3.002_query_niche_9_15,Zhuang-ABCA-3.002,Zhuang-ABCA-3.002,3
1335,gene_expr,Zhuang-ABCA-3.002_query_niche_9_15,Zhuang-ABCA-3.002,Zhuang-ABCA-3.002,3
1336,quest_scgpt,Zhuang-ABCA-3.002_query_niche_9_15,Zhuang-ABCA-3.002,Zhuang-ABCA-3.002,3
1337,gene_expr_quest,Zhuang-ABCA-3.002_query_niche_9_15,Zhuang-ABCA-3.002,Zhuang-ABCA-3.004,3
1338,scgpt,Zhuang-ABCA-3.002_query_niche_9_15,Zhuang-ABCA-3.002,Zhuang-ABCA-3.004,3
1339,gene_expr,Zhuang-ABCA-3.002_query_niche_9_15,Zhuang-ABCA-3.002,Zhuang-ABCA-3.004,3
1340,quest_scgpt,Zhuang-ABCA-3.002_query_niche_9_15,Zhuang-ABCA-3.002,Zhuang-ABCA-3.004,3
1341,gene_expr_quest,Zhuang-ABCA-3.002_query_niche_9_15,Zhuang-ABCA-3.002,Zhuang-ABCA-3.005,3
1342,scgpt,Zhuang-ABCA-3.002_query_niche_9_15,Zhuang-ABCA-3.002,Zhuang-ABCA-3.005,3
1343,gene_expr,Zhuang-ABCA-3.002_query_niche_9_15,Zhuang-ABCA-3.002,Zhuang-ABCA-3.005,3
1344,quest_scgpt,Zhuang-ABCA-3.002_query_niche_9_15,Zhuang-ABCA-3.002,Zhuang-ABCA-3.005,3
1345,gene_expr_quest,Zhuang-ABCA-3.002_query_niche_15_785,Zhuang-ABCA-3.002,Zhuang-ABCA-1.096,3
1346,scgpt,Zhuang-ABCA-3.002_query_niche_15_785,Zhuang-ABCA-3.002,Zhuang-ABCA-1.096,3
1347,gene_expr,Zhuang-ABCA-3.002_query_niche_15_785,Zhuang-ABCA-3.002,Zhuang-ABCA-1.096,3
1348,quest_scgpt,Zhuang-ABCA-3.002_query_niche_15_785,Zhuang-ABCA-3.002,Zhuang-ABCA-1.096,3
1349,gene_expr_quest,Zhuang-ABCA-3.002_query_niche_15_785,Zhuang-ABCA-3.002,Zhuang-ABCA-1.097,3
1350,scgpt,Zhuang-ABCA-3.002_query_niche_15_785,Zhuang-ABCA-3.002,Zhuang-ABCA-1.097,3
1351,gene_expr,Zhuang-ABCA-3.002_query_niche_15_785,Zhuang-ABCA-3.002,Zhuang-ABCA-1.097,3
1352,quest_scgpt,Zhuang-ABCA-3.002_query_niche_15_785,Zhuang-ABCA-3.002,Zhuang-ABCA-1.097,3
1353,gene_expr_quest,Zhuang-ABCA-3.002_query_niche_15_785,Zhuang-ABCA-3.002,Zhuang-ABCA-1.098,3
1354,scgpt,Zhuang-ABCA-3.002_query_niche_15_785,Zhuang-ABCA-3.002,Zhuang-ABCA-1.098,3
1355,gene_expr,Zhuang-ABCA-3.002_query_niche_15_785,Zhuang-ABCA-3.002,Zhuang-ABCA-1.098,3
1356,quest_scgpt,Zhuang-ABCA-3.002_query_niche_15_785,Zhuang-ABCA-3.002,Zhuang-ABCA-1.098,3
1357,gene_expr_quest,Zhuang-ABCA-3.002_query_niche_15_785,Zhuang-ABCA-3.002,Zhuang-ABCA-1.099,3
1358,scgpt,Zhuang-ABCA-3.002_query_niche_15_785,Zhuang-ABCA-3.002,Zhuang-ABCA-1.099,3
1359,gene_expr,Zhuang-ABCA-3.002_query_niche_15_785,Zhuang-ABCA-3.002,Zhuang-ABCA-1.099,3
1360,quest_scgpt,Zhuang-ABCA-3.002_query_niche_15_785,Zhuang-ABCA-3.002,Zhuang-ABCA-1.099,3
1361,gene_expr_quest,Zhuang-ABCA-3.002_query_niche_15_785,Zhuang-ABCA-3.002,C57BL6J-638850.28,3
1362,scgpt,Zhuang-ABCA-3.002_query_niche_15_785,Zhuang-ABCA-3.002,C57BL6J-638850.28,3
1363,gene_expr,Zhuang-ABCA-3.002_query_niche_15_785,Zhuang-ABCA-3.002,C57BL6J-638850.28,3
1364,quest_scgpt,Zhuang-ABCA-3.002_query_niche_15_785,Zhuang-ABCA-3.002,C57BL6J-638850.28,3
1365,gene_expr_quest,Zhuang-ABCA-3.002_query_niche_15_785,Zhuang-ABCA-3.002,C57BL6J-638850.29,3
1366,scgpt,Zhuang-ABCA-3.002_query_niche_15_785,Zhuang-ABCA-3.002,C57BL6J-638850.29,3
1367,gene_expr,Zhuang-ABCA-3.002_query_niche_15_785,Zhuang-ABCA-3.002,C57BL6J-638850.29,3
1368,quest_scgpt,Zhuang-ABCA-3.002_query_niche_15_785,Zhuang-ABCA-3.002,C57BL6J-638850.29,3
1369,gene_expr_quest,Zhuang-ABCA-3.002_query_niche_15_785,Zhuang-ABCA-3.002,C57BL6J-638850.30,3
1370,scgpt,Zhuang-ABCA-3.002_query_niche_15_785,Zhuang-ABCA-3.002,C57BL6J-638850.30,3
1371,gene_expr,Zhuang-ABCA-3.002_query_niche_15_785,Zhuang-ABCA-3.002,C57BL6J-638850.30,3
1372,quest_scgpt,Zhuang-ABCA-3.002_query_niche_15_785,Zhuang-ABCA-3.002,C57BL6J-638850.30,3
1373,gene_expr_quest,Zhuang-ABCA-3.002_query_niche_15_785,Zhuang-ABCA-3.002,C57BL6J-638850.31,3
1374,scgpt,Zhuang-ABCA-3.002_query_niche_15_785,Zhuang-ABCA-3.002,C57BL6J-638850.31,3
1375,gene_expr,Zhuang-ABCA-3.002_query_niche_15_785,Zhuang-ABCA-3.002,C57BL6J-638850.31,3
1376,quest_scgpt,Zhuang-ABCA-3.002_query_niche_15_785,Zhuang-ABCA-3.002,C57BL6J-638850.31,3
1377,gene_expr_quest,Zhuang-ABCA-3.002_query_niche_15_785,Zhuang-ABCA-3.002,Zhuang-ABCA-3.001,3
1378,scgpt,Zhuang-ABCA-3.002_query_niche_15_785,Zhuang-ABCA-3.002,Zhuang-ABCA-3.001,3
1379,gene_expr,Zhuang-ABCA-3.002_query_niche_15_785,Zhuang-ABCA-3.002,Zhuang-ABCA-3.001,3
1380,quest_scgpt,Zhuang-ABCA-3.002_query_niche_15_785,Zhuang-ABCA-3.002,Zhuang-ABCA-3.001,3
1381,gene_expr_quest,Zhuang-ABCA-3.002_query_niche_15_785,Zhuang-ABCA-3.002,Zhuang-ABCA-3.002,3
1382,scgpt,Zhuang-ABCA-3.002_query_niche_15_785,Zhuang-ABCA-3.002,Zhuang-ABCA-3.002,3
1383,gene_expr,Zhuang-ABCA-3.002_query_niche_15_785,Zhuang-ABCA-3.002,Zhuang-ABCA-3.002,3
1384,quest_scgpt,Zhuang-ABCA-3.002_query_niche_15_785,Zhuang-ABCA-3.002,Zhuang-ABCA-3.002,3
1385,gene_expr_quest,Zhuang-ABCA-3.002_query_niche_15_785,Zhuang-ABCA-3.002,Zhuang-ABCA-3.004,3
1386,scgpt,Zhuang-ABCA-3.002_query_niche_15_785,Zhuang-ABCA-3.002,Zhuang-ABCA-3.004,3
1387,gene_expr,Zhuang-ABCA-3.002_query_niche_15_785,Zhuang-ABCA-3.002,Zhuang-ABCA-3.004,3
1388,quest_scgpt,Zhuang-ABCA-3.002_query_niche_15_785,Zhuang-ABCA-3.002,Zhuang-ABCA-3.004,3
1389,gene_expr_quest,Zhuang-ABCA-3.002_query_niche_15_785,Zhuang-ABCA-3.002,Zhuang-ABCA-3.005,3
1390,scgpt,Zhuang-ABCA-3.002_query_niche_15_785,Zhuang-ABCA-3.002,Zhuang-ABCA-3.005,3
1391,gene_expr,Zhuang-ABCA-3.002_query_niche_15_785,Zhuang-ABCA-3.002,Zhuang-ABCA-3.005,3
1392,quest_scgpt,Zhuang-ABCA-3.002_query_niche_15_785,Zhuang-ABCA-3.002,Zhuang-ABCA-3.005,3
1393,gene_expr_quest,Zhuang-ABCA-3.004_query_niche_9_15,Zhuang-ABCA-3.004,Zhuang-ABCA-1.096,3
1394,scgpt,Zhuang-ABCA-3.004_query_niche_9_15,Zhuang-ABCA-3.004,Zhuang-ABCA-1.096,3
1395,gene_expr,Zhuang-ABCA-3.004_query_niche_9_15,Zhuang-ABCA-3.004,Zhuang-ABCA-1.096,3
1396,quest_scgpt,Zhuang-ABCA-3.004_query_niche_9_15,Zhuang-ABCA-3.004,Zhuang-ABCA-1.096,3
1397,gene_expr_quest,Zhuang-ABCA-3.004_query_niche_9_15,Zhuang-ABCA-3.004,Zhuang-ABCA-1.097,3
1398,scgpt,Zhuang-ABCA-3.004_query_niche_9_15,Zhuang-ABCA-3.004,Zhuang-ABCA-1.097,3
1399,gene_expr,Zhuang-ABCA-3.004_query_niche_9_15,Zhuang-ABCA-3.004,Zhuang-ABCA-1.097,3
1400,quest_scgpt,Zhuang-ABCA-3.004_query_niche_9_15,Zhuang-ABCA-3.004,Zhuang-ABCA-1.097,3
1401,gene_expr_quest,Zhuang-ABCA-3.004_query_niche_9_15,Zhuang-ABCA-3.004,Zhuang-ABCA-1.098,3
1402,scgpt,Zhuang-ABCA-3.004_query_niche_9_15,Zhuang-ABCA-3.004,Zhuang-ABCA-1.098,3
1403,gene_expr,Zhuang-ABCA-3.004_query_niche_9_15,Zhuang-ABCA-3.004,Zhuang-ABCA-1.098,3
1404,quest_scgpt,Zhuang-ABCA-3.004_query_niche_9_15,Zhuang-ABCA-3.004,Zhuang-ABCA-1.098,3
1405,gene_expr_quest,Zhuang-ABCA-3.004_query_niche_9_15,Zhuang-ABCA-3.004,Zhuang-ABCA-1.099,3
1406,scgpt,Zhuang-ABCA-3.004_query_niche_9_15,Zhuang-ABCA-3.004,Zhuang-ABCA-1.099,3
1407,gene_expr,Zhuang-ABCA-3.004_query_niche_9_15,Zhuang-ABCA-3.004,Zhuang-ABCA-1.099,3
1408,quest_scgpt,Zhuang-ABCA-3.004_query_niche_9_15,Zhuang-ABCA-3.004,Zhuang-ABCA-1.099,3
1409,gene_expr_quest,Zhuang-ABCA-3.004_query_niche_9_15,Zhuang-ABCA-3.004,C57BL6J-638850.28,3
1410,scgpt,Zhuang-ABCA-3.004_query_niche_9_15,Zhuang-ABCA-3.004,C57BL6J-638850.28,3
1411,gene_expr,Zhuang-ABCA-3.004_query_niche_9_15,Zhuang-ABCA-3.004,C57BL6J-638850.28,3
1412,quest_scgpt,Zhuang-ABCA-3.004_query_niche_9_15,Zhuang-ABCA-3.004,C57BL6J-638850.28,3
1413,gene_expr_quest,Zhuang-ABCA-3.004_query_niche_9_15,Zhuang-ABCA-3.004,C57BL6J-638850.29,3
1414,scgpt,Zhuang-ABCA-3.004_query_niche_9_15,Zhuang-ABCA-3.004,C57BL6J-638850.29,3
1415,gene_expr,Zhuang-ABCA-3.004_query_niche_9_15,Zhuang-ABCA-3.004,C57BL6J-638850.29,3
1416,quest_scgpt,Zhuang-ABCA-3.004_query_niche_9_15,Zhuang-ABCA-3.004,C57BL6J-638850.29,3
1417,gene_expr_quest,Zhuang-ABCA-3.004_query_niche_9_15,Zhuang-ABCA-3.004,C57BL6J-638850.30,3
1418,scgpt,Zhuang-ABCA-3.004_query_niche_9_15,Zhuang-ABCA-3.004,C57BL6J-638850.30,3
1419,gene_expr,Zhuang-ABCA-3.004_query_niche_9_15,Zhuang-ABCA-3.004,C57BL6J-638850.30,3
1420,quest_scgpt,Zhuang-ABCA-3.004_query_niche_9_15,Zhuang-ABCA-3.004,C57BL6J-638850.30,3
1421,gene_expr_quest,Zhuang-ABCA-3.004_query_niche_9_15,Zhuang-ABCA-3.004,C57BL6J-638850.31,3
1422,scgpt,Zhuang-ABCA-3.004_query_niche_9_15,Zhuang-ABCA-3.004,C57BL6J-638850.31,3
1423,gene_expr,Zhuang-ABCA-3.004_query_niche_9_15,Zhuang-ABCA-3.004,C57BL6J-638850.31,3
1424,quest_scgpt,Zhuang-ABCA-3.004_query_niche_9_15,Zhuang-ABCA-3.004,C57BL6J-638850.31,3
1425,gene_expr_quest,Zhuang-ABCA-3.004_query_niche_9_15,Zhuang-ABCA-3.004,Zhuang-ABCA-3.001,3
1426,scgpt,Zhuang-ABCA-3.004_query_niche_9_15,Zhuang-ABCA-3.004,Zhuang-ABCA-3.001,3
1427,gene_expr,Zhuang-ABCA-3.004_query_niche_9_15,Zhuang-ABCA-3.004,Zhuang-ABCA-3.001,3
1428,quest_scgpt,Zhuang-ABCA-3.004_query_niche_9_15,Zhuang-ABCA-3.004,Zhuang-ABCA-3.001,3
1429,gene_expr_quest,Zhuang-ABCA-3.004_query_niche_9_15,Zhuang-ABCA-3.004,Zhuang-ABCA-3.002,3
1430,scgpt,Zhuang-ABCA-3.004_query_niche_9_15,Zhuang-ABCA-3.004,Zhuang-ABCA-3.002,3
1431,gene_expr,Zhuang-ABCA-3.004_query_niche_9_15,Zhuang-ABCA-3.004,Zhuang-ABCA-3.002,3
1432,quest_scgpt,Zhuang-ABCA-3.004_query_niche_9_15,Zhuang-ABCA-3.004,Zhuang-ABCA-3.002,3
1433,gene_expr_quest,Zhuang-ABCA-3.004_query_niche_9_15,Zhuang-ABCA-3.004,Zhuang-ABCA-3.004,3
1434,scgpt,Zhuang-ABCA-3.004_query_niche_9_15,Zhuang-ABCA-3.004,Zhuang-ABCA-3.004,3
1435,gene_expr,Zhuang-ABCA-3.004_query_niche_9_15,Zhuang-ABCA-3.004,Zhuang-ABCA-3.004,3
1436,quest_scgpt,Zhuang-ABCA-3.004_query_niche_9_15,Zhuang-ABCA-3.004,Zhuang-ABCA-3.004,3
1437,gene_expr_quest,Zhuang-ABCA-3.004_query_niche_9_15,Zhuang-ABCA-3.004,Zhuang-ABCA-3.005,3
1438,scgpt,Zhuang-ABCA-3.004_query_niche_9_15,Zhuang-ABCA-3.004,Zhuang-ABCA-3.005,3
1439,gene_expr,Zhuang-ABCA-3.004_query_niche_9_15,Zhuang-ABCA-3.004,Zhuang-ABCA-3.005,3
1440,quest_scgpt,Zhuang-ABCA-3.004_query_niche_9_15,Zhuang-ABCA-3.004,Zhuang-ABCA-3.005,3
1441,gene_expr_quest,Zhuang-ABCA-3.004_query_niche_15_785,Zhuang-ABCA-3.004,Zhuang-ABCA-1.096,3
1442,scgpt,Zhuang-ABCA-3.004_query_niche_15_785,Zhuang-ABCA-3.004,Zhuang-ABCA-1.096,3
1443,gene_expr,Zhuang-ABCA-3.004_query_niche_15_785,Zhuang-ABCA-3.004,Zhuang-ABCA-1.096,3
1444,quest_scgpt,Zhuang-ABCA-3.004_query_niche_15_785,Zhuang-ABCA-3.004,Zhuang-ABCA-1.096,3
1445,gene_expr_quest,Zhuang-ABCA-3.004_query_niche_15_785,Zhuang-ABCA-3.004,Zhuang-ABCA-1.097,3
1446,scgpt,Zhuang-ABCA-3.004_query_niche_15_785,Zhuang-ABCA-3.004,Zhuang-ABCA-1.097,3
1447,gene_expr,Zhuang-ABCA-3.004_query_niche_15_785,Zhuang-ABCA-3.004,Zhuang-ABCA-1.097,3
1448,quest_scgpt,Zhuang-ABCA-3.004_query_niche_15_785,Zhuang-ABCA-3.004,Zhuang-ABCA-1.097,3
1449,gene_expr_quest,Zhuang-ABCA-3.004_query_niche_15_785,Zhuang-ABCA-3.004,Zhuang-ABCA-1.098,3
1450,scgpt,Zhuang-ABCA-3.004_query_niche_15_785,Zhuang-ABCA-3.004,Zhuang-ABCA-1.098,3
1451,gene_expr,Zhuang-ABCA-3.004_query_niche_15_785,Zhuang-ABCA-3.004,Zhuang-ABCA-1.098,3
1452,quest_scgpt,Zhuang-ABCA-3.004_query_niche_15_785,Zhuang-ABCA-3.004,Zhuang-ABCA-1.098,3
1453,gene_expr_quest,Zhuang-ABCA-3.004_query_niche_15_785,Zhuang-ABCA-3.004,Zhuang-ABCA-1.099,3
1454,scgpt,Zhuang-ABCA-3.004_query_niche_15_785,Zhuang-ABCA-3.004,Zhuang-ABCA-1.099,3
1455,gene_expr,Zhuang-ABCA-3.004_query_niche_15_785,Zhuang-ABCA-3.004,Zhuang-ABCA-1.099,3
1456,quest_scgpt,Zhuang-ABCA-3.004_query_niche_15_785,Zhuang-ABCA-3.004,Zhuang-ABCA-1.099,3
1457,gene_expr_quest,Zhuang-ABCA-3.004_query_niche_15_785,Zhuang-ABCA-3.004,C57BL6J-638850.28,3
1458,scgpt,Zhuang-ABCA-3.004_query_niche_15_785,Zhuang-ABCA-3.004,C57BL6J-638850.28,3
1459,gene_expr,Zhuang-ABCA-3.004_query_niche_15_785,Zhuang-ABCA-3.004,C57BL6J-638850.28,3
1460,quest_scgpt,Zhuang-ABCA-3.004_query_niche_15_785,Zhuang-ABCA-3.004,C57BL6J-638850.28,3
1461,gene_expr_quest,Zhuang-ABCA-3.004_query_niche_15_785,Zhuang-ABCA-3.004,C57BL6J-638850.29,3
1462,scgpt,Zhuang-ABCA-3.004_query_niche_15_785,Zhuang-ABCA-3.004,C57BL6J-638850.29,3
1463,gene_expr,Zhuang-ABCA-3.004_query_niche_15_785,Zhuang-ABCA-3.004,C57BL6J-638850.29,3
1464,quest_scgpt,Zhuang-ABCA-3.004_query_niche_15_785,Zhuang-ABCA-3.004,C57BL6J-638850.29,3
1465,gene_expr_quest,Zhuang-ABCA-3.004_query_niche_15_785,Zhuang-ABCA-3.004,C57BL6J-638850.30,3
1466,scgpt,Zhuang-ABCA-3.004_query_niche_15_785,Zhuang-ABCA-3.004,C57BL6J-638850.30,3
1467,gene_expr,Zhuang-ABCA-3.004_query_niche_15_785,Zhuang-ABCA-3.004,C57BL6J-638850.30,3
1468,quest_scgpt,Zhuang-ABCA-3.004_query_niche_15_785,Zhuang-ABCA-3.004,C57BL6J-638850.30,3
1469,gene_expr_quest,Zhuang-ABCA-3.004_query_niche_15_785,Zhuang-ABCA-3.004,C57BL6J-638850.31,3
1470,scgpt,Zhuang-ABCA-3.004_query_niche_15_785,Zhuang-ABCA-3.004,C57BL6J-638850.31,3
1471,gene_expr,Zhuang-ABCA-3.004_query_niche_15_785,Zhuang-ABCA-3.004,C57BL6J-638850.31,3
1472,quest_scgpt,Zhuang-ABCA-3.004_query_niche_15_785,Zhuang-ABCA-3.004,C57BL6J-638850.31,3
1473,gene_expr_quest,Zhuang-ABCA-3.004_query_niche_15_785,Zhuang-ABCA-3.004,Zhuang-ABCA-3.001,3
1474,scgpt,Zhuang-ABCA-3.004_query_niche_15_785,Zhuang-ABCA-3.004,Zhuang-ABCA-3.001,3
1475,gene_expr,Zhuang-ABCA-3.004_query_niche_15_785,Zhuang-ABCA-3.004,Zhuang-ABCA-3.001,3
1476,quest_scgpt,Zhuang-ABCA-3.004_query_niche_15_785,Zhuang-ABCA-3.004,Zhuang-ABCA-3.001,3
1477,gene_expr_quest,Zhuang-ABCA-3.004_query_niche_15_785,Zhuang-ABCA-3.004,Zhuang-ABCA-3.002,3
1478,scgpt,Zhuang-ABCA-3.004_query_niche_15_785,Zhuang-ABCA-3.004,Zhuang-ABCA-3.002,3
1479,gene_expr,Zhuang-ABCA-3.004_query_niche_15_785,Zhuang-ABCA-3.004,Zhuang-ABCA-3.002,3
1480,quest_scgpt,Zhuang-ABCA-3.004_query_niche_15_785,Zhuang-ABCA-3.004,Zhuang-ABCA-3.002,3
1481,gene_expr_quest,Zhuang-ABCA-3.004_query_niche_15_785,Zhuang-ABCA-3.004,Zhuang-ABCA-3.004,3
1482,scgpt,Zhuang-ABCA-3.004_query_niche_15_785,Zhuang-ABCA-3.004,Zhuang-ABCA-3.004,3
1483,gene_expr,Zhuang-ABCA-3.004_query_niche_15_785,Zhuang-ABCA-3.004,Zhuang-ABCA-3.004,3
1484,quest_scgpt,Zhuang-ABCA-3.004_query_niche_15_785,Zhuang-ABCA-3.004,Zhuang-ABCA-3.004,3
1485,gene_expr_quest,Zhuang-ABCA-3.004_query_niche_15_785,Zhuang-ABCA-3.004,Zhuang-ABCA-3.005,3
1486,scgpt,Zhuang-ABCA-3.004_query_niche_15_785,Zhuang-ABCA-3.004,Zhuang-ABCA-3.005,3
1487,gene_expr,Zhuang-ABCA-3.004_query_niche_15_785,Zhuang-ABCA-3.004,Zhuang-ABCA-3.005,3
1488,quest_scgpt,Zhuang-ABCA-3.004_query_niche_15_785,Zhuang-ABCA-3.004,Zhuang-ABCA-3.005,3
1489,gene_expr_quest,Zhuang-ABCA-3.005_query_niche_9_15,Zhuang-ABCA-3.005,Zhuang-ABCA-1.096,3
1490,scgpt,Zhuang-ABCA-3.005_query_niche_9_15,Zhuang-ABCA-3.005,Zhuang-ABCA-1.096,3
1491,gene_expr,Zhuang-ABCA-3.005_query_niche_9_15,Zhuang-ABCA-3.005,Zhuang-ABCA-1.096,3
1492,quest_scgpt,Zhuang-ABCA-3.005_query_niche_9_15,Zhuang-ABCA-3.005,Zhuang-ABCA-1.096,3
1493,gene_expr_quest,Zhuang-ABCA-3.005_query_niche_9_15,Zhuang-ABCA-3.005,Zhuang-ABCA-1.097,3
1494,scgpt,Zhuang-ABCA-3.005_query_niche_9_15,Zhuang-ABCA-3.005,Zhuang-ABCA-1.097,3
1495,gene_expr,Zhuang-ABCA-3.005_query_niche_9_15,Zhuang-ABCA-3.005,Zhuang-ABCA-1.097,3
1496,quest_scgpt,Zhuang-ABCA-3.005_query_niche_9_15,Zhuang-ABCA-3.005,Zhuang-ABCA-1.097,3
1497,gene_expr_quest,Zhuang-ABCA-3.005_query_niche_9_15,Zhuang-ABCA-3.005,Zhuang-ABCA-1.098,3
1498,scgpt,Zhuang-ABCA-3.005_query_niche_9_15,Zhuang-ABCA-3.005,Zhuang-ABCA-1.098,3
1499,gene_expr,Zhuang-ABCA-3.005_query_niche_9_15,Zhuang-ABCA-3.005,Zhuang-ABCA-1.098,3
1500,quest_scgpt,Zhuang-ABCA-3.005_query_niche_9_15,Zhuang-ABCA-3.005,Zhuang-ABCA-1.098,3
1501,gene_expr_quest,Zhuang-ABCA-3.005_query_niche_9_15,Zhuang-ABCA-3.005,Zhuang-ABCA-1.099,3
1502,scgpt,Zhuang-ABCA-3.005_query_niche_9_15,Zhuang-ABCA-3.005,Zhuang-ABCA-1.099,3
1503,gene_expr,Zhuang-ABCA-3.005_query_niche_9_15,Zhuang-ABCA-3.005,Zhuang-ABCA-1.099,3
1504,quest_scgpt,Zhuang-ABCA-3.005_query_niche_9_15,Zhuang-ABCA-3.005,Zhuang-ABCA-1.099,3
1505,gene_expr_quest,Zhuang-ABCA-3.005_query_niche_9_15,Zhuang-ABCA-3.005,C57BL6J-638850.28,3
1506,scgpt,Zhuang-ABCA-3.005_query_niche_9_15,Zhuang-ABCA-3.005,C57BL6J-638850.28,3
1507,gene_expr,Zhuang-ABCA-3.005_query_niche_9_15,Zhuang-ABCA-3.005,C57BL6J-638850.28,3
1508,quest_scgpt,Zhuang-ABCA-3.005_query_niche_9_15,Zhuang-ABCA-3.005,C57BL6J-638850.28,3
1509,gene_expr_quest,Zhuang-ABCA-3.005_query_niche_9_15,Zhuang-ABCA-3.005,C57BL6J-638850.29,3
1510,scgpt,Zhuang-ABCA-3.005_query_niche_9_15,Zhuang-ABCA-3.005,C57BL6J-638850.29,3
1511,gene_expr,Zhuang-ABCA-3.005_query_niche_9_15,Zhuang-ABCA-3.005,C57BL6J-638850.29,3
1512,quest_scgpt,Zhuang-ABCA-3.005_query_niche_9_15,Zhuang-ABCA-3.005,C57BL6J-638850.29,3
1513,gene_expr_quest,Zhuang-ABCA-3.005_query_niche_9_15,Zhuang-ABCA-3.005,C57BL6J-638850.30,3
1514,scgpt,Zhuang-ABCA-3.005_query_niche_9_15,Zhuang-ABCA-3.005,C57BL6J-638850.30,3
1515,gene_expr,Zhuang-ABCA-3.005_query_niche_9_15,Zhuang-ABCA-3.005,C57BL6J-638850.30,3
1516,quest_scgpt,Zhuang-ABCA-3.005_query_niche_9_15,Zhuang-ABCA-3.005,C57BL6J-638850.30,3
1517,gene_expr_quest,Zhuang-ABCA-3.005_query_niche_9_15,Zhuang-ABCA-3.005,C57BL6J-638850.31,3
1518,scgpt,Zhuang-ABCA-3.005_query_niche_9_15,Zhuang-ABCA-3.005,C57BL6J-638850.31,3
1519,gene_expr,Zhuang-ABCA-3.005_query_niche_9_15,Zhuang-ABCA-3.005,C57BL6J-638850.31,3
1520,quest_scgpt,Zhuang-ABCA-3.005_query_niche_9_15,Zhuang-ABCA-3.005,C57BL6J-638850.31,3
1521,gene_expr_quest,Zhuang-ABCA-3.005_query_niche_9_15,Zhuang-ABCA-3.005,Zhuang-ABCA-3.001,3
1522,scgpt,Zhuang-ABCA-3.005_query_niche_9_15,Zhuang-ABCA-3.005,Zhuang-ABCA-3.001,3
1523,gene_expr,Zhuang-ABCA-3.005_query_niche_9_15,Zhuang-ABCA-3.005,Zhuang-ABCA-3.001,3
1524,quest_scgpt,Zhuang-ABCA-3.005_query_niche_9_15,Zhuang-ABCA-3.005,Zhuang-ABCA-3.001,3
1525,gene_expr_quest,Zhuang-ABCA-3.005_query_niche_9_15,Zhuang-ABCA-3.005,Zhuang-ABCA-3.002,3
1526,scgpt,Zhuang-ABCA-3.005_query_niche_9_15,Zhuang-ABCA-3.005,Zhuang-ABCA-3.002,3
1527,gene_expr,Zhuang-ABCA-3.005_query_niche_9_15,Zhuang-ABCA-3.005,Zhuang-ABCA-3.002,3
1528,quest_scgpt,Zhuang-ABCA-3.005_query_niche_9_15,Zhuang-ABCA-3.005,Zhuang-ABCA-3.002,3
1529,gene_expr_quest,Zhuang-ABCA-3.005_query_niche_9_15,Zhuang-ABCA-3.005,Zhuang-ABCA-3.004,3
1530,scgpt,Zhuang-ABCA-3.005_query_niche_9_15,Zhuang-ABCA-3.005,Zhuang-ABCA-3.004,3
1531,gene_expr,Zhuang-ABCA-3.005_query_niche_9_15,Zhuang-ABCA-3.005,Zhuang-ABCA-3.004,3
1532,quest_scgpt,Zhuang-ABCA-3.005_query_niche_9_15,Zhuang-ABCA-3.005,Zhuang-ABCA-3.004,3
1533,gene_expr_quest,Zhuang-ABCA-3.005_query_niche_9_15,Zhuang-ABCA-3.005,Zhuang-ABCA-3.005,3
1534,scgpt,Zhuang-ABCA-3.005_query_niche_9_15,Zhuang-ABCA-3.005,Zhuang-ABCA-3.005,3
1535,gene_expr,Zhuang-ABCA-3.005_query_niche_9_15,Zhuang-ABCA-3.005,Zhuang-ABCA-3.005,3
1536,quest_scgpt,Zhuang-ABCA-3.005_query_niche_9_15,Zhuang-ABCA-3.005,Zhuang-ABCA-3.005,3
1537,gene_expr_quest,Zhuang-ABCA-1.096_query_niche_9_15,Zhuang-ABCA-1.096,Zhuang-ABCA-1.096,3
1538,scgpt,Zhuang-ABCA-1.096_query_niche_9_15,Zhuang-ABCA-1.096,Zhuang-ABCA-1.096,3
1539,gene_expr,Zhuang-ABCA-1.096_query_niche_9_15,Zhuang-ABCA-1.096,Zhuang-ABCA-1.096,3
1540,quest_scgpt,Zhuang-ABCA-1.096_query_niche_9_15,Zhuang-ABCA-1.096,Zhuang-ABCA-1.096,3
1541,gene_expr_quest,Zhuang-ABCA-1.096_query_niche_9_15,Zhuang-ABCA-1.096,Zhuang-ABCA-1.097,3
1542,scgpt,Zhuang-ABCA-1.096_query_niche_9_15,Zhuang-ABCA-1.096,Zhuang-ABCA-1.097,3
1543,gene_expr,Zhuang-ABCA-1.096_query_niche_9_15,Zhuang-ABCA-1.096,Zhuang-ABCA-1.097,3
1544,quest_scgpt,Zhuang-ABCA-1.096_query_niche_9_15,Zhuang-ABCA-1.096,Zhuang-ABCA-1.097,3
1545,gene_expr_quest,Zhuang-ABCA-1.096_query_niche_9_15,Zhuang-ABCA-1.096,Zhuang-ABCA-1.098,3
1546,scgpt,Zhuang-ABCA-1.096_query_niche_9_15,Zhuang-ABCA-1.096,Zhuang-ABCA-1.098,3
1547,gene_expr,Zhuang-ABCA-1.096_query_niche_9_15,Zhuang-ABCA-1.096,Zhuang-ABCA-1.098,3
1548,quest_scgpt,Zhuang-ABCA-1.096_query_niche_9_15,Zhuang-ABCA-1.096,Zhuang-ABCA-1.098,3
1549,gene_expr_quest,Zhuang-ABCA-1.096_query_niche_9_15,Zhuang-ABCA-1.096,Zhuang-ABCA-1.099,3
1550,scgpt,Zhuang-ABCA-1.096_query_niche_9_15,Zhuang-ABCA-1.096,Zhuang-ABCA-1.099,3
1551,gene_expr,Zhuang-ABCA-1.096_query_niche_9_15,Zhuang-ABCA-1.096,Zhuang-ABCA-1.099,3
1552,quest_scgpt,Zhuang-ABCA-1.096_query_niche_9_15,Zhuang-ABCA-1.096,Zhuang-ABCA-1.099,3
1553,gene_expr_quest,Zhuang-ABCA-1.096_query_niche_9_15,Zhuang-ABCA-1.096,C57BL6J-638850.28,3
1554,scgpt,Zhuang-ABCA-1.096_query_niche_9_15,Zhuang-ABCA-1.096,C57BL6J-638850.28,3
1555,gene_expr,Zhuang-ABCA-1.096_query_niche_9_15,Zhuang-ABCA-1.096,C57BL6J-638850.28,3
1556,quest_scgpt,Zhuang-ABCA-1.096_query_niche_9_15,Zhuang-ABCA-1.096,C57BL6J-638850.28,3
1557,gene_expr_quest,Zhuang-ABCA-1.096_query_niche_9_15,Zhuang-ABCA-1.096,C57BL6J-638850.29,3
1558,scgpt,Zhuang-ABCA-1.096_query_niche_9_15,Zhuang-ABCA-1.096,C57BL6J-638850.29,3
1559,gene_expr,Zhuang-ABCA-1.096_query_niche_9_15,Zhuang-ABCA-1.096,C57BL6J-638850.29,3
1560,quest_scgpt,Zhuang-ABCA-1.096_query_niche_9_15,Zhuang-ABCA-1.096,C57BL6J-638850.29,3
1561,gene_expr_quest,Zhuang-ABCA-1.096_query_niche_9_15,Zhuang-ABCA-1.096,C57BL6J-638850.30,3
1562,scgpt,Zhuang-ABCA-1.096_query_niche_9_15,Zhuang-ABCA-1.096,C57BL6J-638850.30,3
1563,gene_expr,Zhuang-ABCA-1.096_query_niche_9_15,Zhuang-ABCA-1.096,C57BL6J-638850.30,3
1564,quest_scgpt,Zhuang-ABCA-1.096_query_niche_9_15,Zhuang-ABCA-1.096,C57BL6J-638850.30,3
1565,gene_expr_quest,Zhuang-ABCA-1.096_query_niche_9_15,Zhuang-ABCA-1.096,C57BL6J-638850.31,3
1566,scgpt,Zhuang-ABCA-1.096_query_niche_9_15,Zhuang-ABCA-1.096,C57BL6J-638850.31,3
1567,gene_expr,Zhuang-ABCA-1.096_query_niche_9_15,Zhuang-ABCA-1.096,C57BL6J-638850.31,3
1568,quest_scgpt,Zhuang-ABCA-1.096_query_niche_9_15,Zhuang-ABCA-1.096,C57BL6J-638850.31,3
1569,gene_expr_quest,Zhuang-ABCA-1.096_query_niche_9_15,Zhuang-ABCA-1.096,Zhuang-ABCA-3.001,3
1570,scgpt,Zhuang-ABCA-1.096_query_niche_9_15,Zhuang-ABCA-1.096,Zhuang-ABCA-3.001,3
1571,gene_expr,Zhuang-ABCA-1.096_query_niche_9_15,Zhuang-ABCA-1.096,Zhuang-ABCA-3.001,3
1572,quest_scgpt,Zhuang-ABCA-1.096_query_niche_9_15,Zhuang-ABCA-1.096,Zhuang-ABCA-3.001,3
1573,gene_expr_quest,Zhuang-ABCA-1.096_query_niche_9_15,Zhuang-ABCA-1.096,Zhuang-ABCA-3.002,3
1574,scgpt,Zhuang-ABCA-1.096_query_niche_9_15,Zhuang-ABCA-1.096,Zhuang-ABCA-3.002,3
1575,gene_expr,Zhuang-ABCA-1.096_query_niche_9_15,Zhuang-ABCA-1.096,Zhuang-ABCA-3.002,3
1576,quest_scgpt,Zhuang-ABCA-1.096_query_niche_9_15,Zhuang-ABCA-1.096,Zhuang-ABCA-3.002,3
1577,gene_expr_quest,Zhuang-ABCA-1.096_query_niche_9_15,Zhuang-ABCA-1.096,Zhuang-ABCA-3.004,3
1578,scgpt,Zhuang-ABCA-1.096_query_niche_9_15,Zhuang-ABCA-1.096,Zhuang-ABCA-3.004,3
1579,gene_expr,Zhuang-ABCA-1.096_query_niche_9_15,Zhuang-ABCA-1.096,Zhuang-ABCA-3.004,3
1580,quest_scgpt,Zhuang-ABCA-1.096_query_niche_9_15,Zhuang-ABCA-1.096,Zhuang-ABCA-3.004,3
1581,gene_expr_quest,Zhuang-ABCA-1.096_query_niche_9_15,Zhuang-ABCA-1.096,Zhuang-ABCA-3.005,3
1582,scgpt,Zhuang-ABCA-1.096_query_niche_9_15,Zhuang-ABCA-1.096,Zhuang-ABCA-3.005,3
1583,gene_expr,Zhuang-ABCA-1.096_query_niche_9_15,Zhuang-ABCA-1.096,Zhuang-ABCA-3.005,3
1584,quest_scgpt,Zhuang-ABCA-1.096_query_niche_9_15,Zhuang-ABCA-1.096,Zhuang-ABCA-3.005,3
1585,gene_expr_quest,Zhuang-ABCA-1.096_query_niche_15_785,Zhuang-ABCA-1.096,Zhuang-ABCA-1.096,3
1586,scgpt,Zhuang-ABCA-1.096_query_niche_15_785,Zhuang-ABCA-1.096,Zhuang-ABCA-1.096,3
1587,gene_expr,Zhuang-ABCA-1.096_query_niche_15_785,Zhuang-ABCA-1.096,Zhuang-ABCA-1.096,3
1588,quest_scgpt,Zhuang-ABCA-1.096_query_niche_15_785,Zhuang-ABCA-1.096,Zhuang-ABCA-1.096,3
1589,gene_expr_quest,Zhuang-ABCA-1.096_query_niche_15_785,Zhuang-ABCA-1.096,Zhuang-ABCA-1.097,3
1590,scgpt,Zhuang-ABCA-1.096_query_niche_15_785,Zhuang-ABCA-1.096,Zhuang-ABCA-1.097,3
1591,gene_expr,Zhuang-ABCA-1.096_query_niche_15_785,Zhuang-ABCA-1.096,Zhuang-ABCA-1.097,3
1592,quest_scgpt,Zhuang-ABCA-1.096_query_niche_15_785,Zhuang-ABCA-1.096,Zhuang-ABCA-1.097,3
1593,gene_expr_quest,Zhuang-ABCA-1.096_query_niche_15_785,Zhuang-ABCA-1.096,Zhuang-ABCA-1.098,3
1594,scgpt,Zhuang-ABCA-1.096_query_niche_15_785,Zhuang-ABCA-1.096,Zhuang-ABCA-1.098,3
1595,gene_expr,Zhuang-ABCA-1.096_query_niche_15_785,Zhuang-ABCA-1.096,Zhuang-ABCA-1.098,3
1596,quest_scgpt,Zhuang-ABCA-1.096_query_niche_15_785,Zhuang-ABCA-1.096,Zhuang-ABCA-1.098,3
1597,gene_expr_quest,Zhuang-ABCA-1.096_query_niche_15_785,Zhuang-ABCA-1.096,Zhuang-ABCA-1.099,3
1598,scgpt,Zhuang-ABCA-1.096_query_niche_15_785,Zhuang-ABCA-1.096,Zhuang-ABCA-1.099,3
1599,gene_expr,Zhuang-ABCA-1.096_query_niche_15_785,Zhuang-ABCA-1.096,Zhuang-ABCA-1.099,3
1600,quest_scgpt,Zhuang-ABCA-1.096_query_niche_15_785,Zhuang-ABCA-1.096,Zhuang-ABCA-1.099,3
1601,gene_expr_quest,Zhuang-ABCA-1.096_query_niche_15_785,Zhuang-ABCA-1.096,C57BL6J-638850.28,3
1602,scgpt,Zhuang-ABCA-1.096_query_niche_15_785,Zhuang-ABCA-1.096,C57BL6J-638850.28,3
1603,gene_expr,Zhuang-ABCA-1.096_query_niche_15_785,Zhuang-ABCA-1.096,C57BL6J-638850.28,3
1604,quest_scgpt,Zhuang-ABCA-1.096_query_niche_15_785,Zhuang-ABCA-1.096,C57BL6J-638850.28,3
1605,gene_expr_quest,Zhuang-ABCA-1.096_query_niche_15_785,Zhuang-ABCA-1.096,C57BL6J-638850.29,3
1606,scgpt,Zhuang-ABCA-1.096_query_niche_15_785,Zhuang-ABCA-1.096,C57BL6J-638850.29,3
1607,gene_expr,Zhuang-ABCA-1.096_query_niche_15_785,Zhuang-ABCA-1.096,C57BL6J-638850.29,3
1608,quest_scgpt,Zhuang-ABCA-1.096_query_niche_15_785,Zhuang-ABCA-1.096,C57BL6J-638850.29,3
1609,gene_expr_quest,Zhuang-ABCA-1.096_query_niche_15_785,Zhuang-ABCA-1.096,C57BL6J-638850.30,3
1610,scgpt,Zhuang-ABCA-1.096_query_niche_15_785,Zhuang-ABCA-1.096,C57BL6J-638850.30,3
1611,gene_expr,Zhuang-ABCA-1.096_query_niche_15_785,Zhuang-ABCA-1.096,C57BL6J-638850.30,3
1612,quest_scgpt,Zhuang-ABCA-1.096_query_niche_15_785,Zhuang-ABCA-1.096,C57BL6J-638850.30,3
1613,gene_expr_quest,Zhuang-ABCA-1.096_query_niche_15_785,Zhuang-ABCA-1.096,C57BL6J-638850.31,3
1614,scgpt,Zhuang-ABCA-1.096_query_niche_15_785,Zhuang-ABCA-1.096,C57BL6J-638850.31,3
1615,gene_expr,Zhuang-ABCA-1.096_query_niche_15_785,Zhuang-ABCA-1.096,C57BL6J-638850.31,3
1616,quest_scgpt,Zhuang-ABCA-1.096_query_niche_15_785,Zhuang-ABCA-1.096,C57BL6J-638850.31,3
1617,gene_expr_quest,Zhuang-ABCA-1.096_query_niche_15_785,Zhuang-ABCA-1.096,Zhuang-ABCA-3.001,3
1618,scgpt,Zhuang-ABCA-1.096_query_niche_15_785,Zhuang-ABCA-1.096,Zhuang-ABCA-3.001,3
1619,gene_expr,Zhuang-ABCA-1.096_query_niche_15_785,Zhuang-ABCA-1.096,Zhuang-ABCA-3.001,3
1620,quest_scgpt,Zhuang-ABCA-1.096_query_niche_15_785,Zhuang-ABCA-1.096,Zhuang-ABCA-3.001,3
1621,gene_expr_quest,Zhuang-ABCA-1.096_query_niche_15_785,Zhuang-ABCA-1.096,Zhuang-ABCA-3.002,3
1622,scgpt,Zhuang-ABCA-1.096_query_niche_15_785,Zhuang-ABCA-1.096,Zhuang-ABCA-3.002,3
1623,gene_expr,Zhuang-ABCA-1.096_query_niche_15_785,Zhuang-ABCA-1.096,Zhuang-ABCA-3.002,3
1624,quest_scgpt,Zhuang-ABCA-1.096_query_niche_15_785,Zhuang-ABCA-1.096,Zhuang-ABCA-3.002,3
1625,gene_expr_quest,Zhuang-ABCA-1.096_query_niche_15_785,Zhuang-ABCA-1.096,Zhuang-ABCA-3.004,3
1626,scgpt,Zhuang-ABCA-1.096_query_niche_15_785,Zhuang-ABCA-1.096,Zhuang-ABCA-3.004,3
1627,gene_expr,Zhuang-ABCA-1.096_query_niche_15_785,Zhuang-ABCA-1.096,Zhuang-ABCA-3.004,3
1628,quest_scgpt,Zhuang-ABCA-1.096_query_niche_15_785,Zhuang-ABCA-1.096,Zhuang-ABCA-3.004,3
1629,gene_expr_quest,Zhuang-ABCA-1.096_query_niche_15_785,Zhuang-ABCA-1.096,Zhuang-ABCA-3.005,3
1630,scgpt,Zhuang-ABCA-1.096_query_niche_15_785,Zhuang-ABCA-1.096,Zhuang-ABCA-3.005,3
1631,gene_expr,Zhuang-ABCA-1.096_query_niche_15_785,Zhuang-ABCA-1.096,Zhuang-ABCA-3.005,3
1632,quest_scgpt,Zhuang-ABCA-1.096_query_niche_15_785,Zhuang-ABCA-1.096,Zhuang-ABCA-3.005,3
1633,gene_expr_quest,Zhuang-ABCA-1.096_query_niche_9_841,Zhuang-ABCA-1.096,Zhuang-ABCA-1.096,3
1634,scgpt,Zhuang-ABCA-1.096_query_niche_9_841,Zhuang-ABCA-1.096,Zhuang-ABCA-1.096,3
1635,gene_expr,Zhuang-ABCA-1.096_query_niche_9_841,Zhuang-ABCA-1.096,Zhuang-ABCA-1.096,3
1636,quest_scgpt,Zhuang-ABCA-1.096_query_niche_9_841,Zhuang-ABCA-1.096,Zhuang-ABCA-1.096,3
1637,gene_expr_quest,Zhuang-ABCA-1.096_query_niche_9_841,Zhuang-ABCA-1.096,Zhuang-ABCA-1.097,3
1638,scgpt,Zhuang-ABCA-1.096_query_niche_9_841,Zhuang-ABCA-1.096,Zhuang-ABCA-1.097,3
1639,gene_expr,Zhuang-ABCA-1.096_query_niche_9_841,Zhuang-ABCA-1.096,Zhuang-ABCA-1.097,3
1640,quest_scgpt,Zhuang-ABCA-1.096_query_niche_9_841,Zhuang-ABCA-1.096,Zhuang-ABCA-1.097,3
1641,gene_expr_quest,Zhuang-ABCA-1.096_query_niche_9_841,Zhuang-ABCA-1.096,Zhuang-ABCA-1.098,3
1642,scgpt,Zhuang-ABCA-1.096_query_niche_9_841,Zhuang-ABCA-1.096,Zhuang-ABCA-1.098,3
1643,gene_expr,Zhuang-ABCA-1.096_query_niche_9_841,Zhuang-ABCA-1.096,Zhuang-ABCA-1.098,3
1644,quest_scgpt,Zhuang-ABCA-1.096_query_niche_9_841,Zhuang-ABCA-1.096,Zhuang-ABCA-1.098,3
1645,gene_expr_quest,Zhuang-ABCA-1.096_query_niche_9_841,Zhuang-ABCA-1.096,Zhuang-ABCA-1.099,3
1646,scgpt,Zhuang-ABCA-1.096_query_niche_9_841,Zhuang-ABCA-1.096,Zhuang-ABCA-1.099,3
1647,gene_expr,Zhuang-ABCA-1.096_query_niche_9_841,Zhuang-ABCA-1.096,Zhuang-ABCA-1.099,3
1648,quest_scgpt,Zhuang-ABCA-1.096_query_niche_9_841,Zhuang-ABCA-1.096,Zhuang-ABCA-1.099,3
1649,gene_expr_quest,Zhuang-ABCA-1.096_query_niche_9_841,Zhuang-ABCA-1.096,C57BL6J-638850.28,3
1650,scgpt,Zhuang-ABCA-1.096_query_niche_9_841,Zhuang-ABCA-1.096,C57BL6J-638850.28,3
1651,gene_expr,Zhuang-ABCA-1.096_query_niche_9_841,Zhuang-ABCA-1.096,C57BL6J-638850.28,3
1652,quest_scgpt,Zhuang-ABCA-1.096_query_niche_9_841,Zhuang-ABCA-1.096,C57BL6J-638850.28,3
1653,gene_expr_quest,Zhuang-ABCA-1.096_query_niche_9_841,Zhuang-ABCA-1.096,C57BL6J-638850.29,3
1654,scgpt,Zhuang-ABCA-1.096_query_niche_9_841,Zhuang-ABCA-1.096,C57BL6J-638850.29,3
1655,gene_expr,Zhuang-ABCA-1.096_query_niche_9_841,Zhuang-ABCA-1.096,C57BL6J-638850.29,3
1656,quest_scgpt,Zhuang-ABCA-1.096_query_niche_9_841,Zhuang-ABCA-1.096,C57BL6J-638850.29,3
1657,gene_expr_quest,Zhuang-ABCA-1.096_query_niche_9_841,Zhuang-ABCA-1.096,C57BL6J-638850.30,3
1658,scgpt,Zhuang-ABCA-1.096_query_niche_9_841,Zhuang-ABCA-1.096,C57BL6J-638850.30,3
1659,gene_expr,Zhuang-ABCA-1.096_query_niche_9_841,Zhuang-ABCA-1.096,C57BL6J-638850.30,3
1660,quest_scgpt,Zhuang-ABCA-1.096_query_niche_9_841,Zhuang-ABCA-1.096,C57BL6J-638850.30,3
1661,gene_expr_quest,Zhuang-ABCA-1.096_query_niche_9_841,Zhuang-ABCA-1.096,C57BL6J-638850.31,3
1662,scgpt,Zhuang-ABCA-1.096_query_niche_9_841,Zhuang-ABCA-1.096,C57BL6J-638850.31,3
1663,gene_expr,Zhuang-ABCA-1.096_query_niche_9_841,Zhuang-ABCA-1.096,C57BL6J-638850.31,3
1664,quest_scgpt,Zhuang-ABCA-1.096_query_niche_9_841,Zhuang-ABCA-1.096,C57BL6J-638850.31,3
1665,gene_expr_quest,Zhuang-ABCA-1.096_query_niche_9_841,Zhuang-ABCA-1.096,Zhuang-ABCA-3.001,3
1666,scgpt,Zhuang-ABCA-1.096_query_niche_9_841,Zhuang-ABCA-1.096,Zhuang-ABCA-3.001,3
1667,gene_expr,Zhuang-ABCA-1.096_query_niche_9_841,Zhuang-ABCA-1.096,Zhuang-ABCA-3.001,3
1668,quest_scgpt,Zhuang-ABCA-1.096_query_niche_9_841,Zhuang-ABCA-1.096,Zhuang-ABCA-3.001,3
1669,gene_expr_quest,Zhuang-ABCA-1.096_query_niche_9_841,Zhuang-ABCA-1.096,Zhuang-ABCA-3.002,3
1670,scgpt,Zhuang-ABCA-1.096_query_niche_9_841,Zhuang-ABCA-1.096,Zhuang-ABCA-3.002,3
1671,gene_expr,Zhuang-ABCA-1.096_query_niche_9_841,Zhuang-ABCA-1.096,Zhuang-ABCA-3.002,3
1672,quest_scgpt,Zhuang-ABCA-1.096_query_niche_9_841,Zhuang-ABCA-1.096,Zhuang-ABCA-3.002,3
1673,gene_expr_quest,Zhuang-ABCA-1.096_query_niche_9_841,Zhuang-ABCA-1.096,Zhuang-ABCA-3.004,3
1674,scgpt,Zhuang-ABCA-1.096_query_niche_9_841,Zhuang-ABCA-1.096,Zhuang-ABCA-3.004,3
1675,gene_expr,Zhuang-ABCA-1.096_query_niche_9_841,Zhuang-ABCA-1.096,Zhuang-ABCA-3.004,3
1676,quest_scgpt,Zhuang-ABCA-1.096_query_niche_9_841,Zhuang-ABCA-1.096,Zhuang-ABCA-3.004,3
1677,gene_expr_quest,Zhuang-ABCA-1.096_query_niche_9_841,Zhuang-ABCA-1.096,Zhuang-ABCA-3.005,3
1678,scgpt,Zhuang-ABCA-1.096_query_niche_9_841,Zhuang-ABCA-1.096,Zhuang-ABCA-3.005,3
1679,gene_expr,Zhuang-ABCA-1.096_query_niche_9_841,Zhuang-ABCA-1.096,Zhuang-ABCA-3.005,3
1680,quest_scgpt,Zhuang-ABCA-1.096_query_niche_9_841,Zhuang-ABCA-1.096,Zhuang-ABCA-3.005,3
1681,gene_expr_quest,Zhuang-ABCA-1.097_query_niche_9_15,Zhuang-ABCA-1.097,Zhuang-ABCA-1.096,3
1682,scgpt,Zhuang-ABCA-1.097_query_niche_9_15,Zhuang-ABCA-1.097,Zhuang-ABCA-1.096,3
1683,gene_expr,Zhuang-ABCA-1.097_query_niche_9_15,Zhuang-ABCA-1.097,Zhuang-ABCA-1.096,3
1684,quest_scgpt,Zhuang-ABCA-1.097_query_niche_9_15,Zhuang-ABCA-1.097,Zhuang-ABCA-1.096,3
1685,gene_expr_quest,Zhuang-ABCA-1.097_query_niche_9_15,Zhuang-ABCA-1.097,Zhuang-ABCA-1.097,3
1686,scgpt,Zhuang-ABCA-1.097_query_niche_9_15,Zhuang-ABCA-1.097,Zhuang-ABCA-1.097,3
1687,gene_expr,Zhuang-ABCA-1.097_query_niche_9_15,Zhuang-ABCA-1.097,Zhuang-ABCA-1.097,3
1688,quest_scgpt,Zhuang-ABCA-1.097_query_niche_9_15,Zhuang-ABCA-1.097,Zhuang-ABCA-1.097,3
1689,gene_expr_quest,Zhuang-ABCA-1.097_query_niche_9_15,Zhuang-ABCA-1.097,Zhuang-ABCA-1.098,3
1690,scgpt,Zhuang-ABCA-1.097_query_niche_9_15,Zhuang-ABCA-1.097,Zhuang-ABCA-1.098,3
1691,gene_expr,Zhuang-ABCA-1.097_query_niche_9_15,Zhuang-ABCA-1.097,Zhuang-ABCA-1.098,3
1692,quest_scgpt,Zhuang-ABCA-1.097_query_niche_9_15,Zhuang-ABCA-1.097,Zhuang-ABCA-1.098,3
1693,gene_expr_quest,Zhuang-ABCA-1.097_query_niche_9_15,Zhuang-ABCA-1.097,Zhuang-ABCA-1.099,3
1694,scgpt,Zhuang-ABCA-1.097_query_niche_9_15,Zhuang-ABCA-1.097,Zhuang-ABCA-1.099,3
1695,gene_expr,Zhuang-ABCA-1.097_query_niche_9_15,Zhuang-ABCA-1.097,Zhuang-ABCA-1.099,3
1696,quest_scgpt,Zhuang-ABCA-1.097_query_niche_9_15,Zhuang-ABCA-1.097,Zhuang-ABCA-1.099,3
1697,gene_expr_quest,Zhuang-ABCA-1.097_query_niche_9_15,Zhuang-ABCA-1.097,C57BL6J-638850.28,3
1698,scgpt,Zhuang-ABCA-1.097_query_niche_9_15,Zhuang-ABCA-1.097,C57BL6J-638850.28,3
1699,gene_expr,Zhuang-ABCA-1.097_query_niche_9_15,Zhuang-ABCA-1.097,C57BL6J-638850.28,3
1700,quest_scgpt,Zhuang-ABCA-1.097_query_niche_9_15,Zhuang-ABCA-1.097,C57BL6J-638850.28,3
1701,gene_expr_quest,Zhuang-ABCA-1.097_query_niche_9_15,Zhuang-ABCA-1.097,C57BL6J-638850.29,3
1702,scgpt,Zhuang-ABCA-1.097_query_niche_9_15,Zhuang-ABCA-1.097,C57BL6J-638850.29,3
1703,gene_expr,Zhuang-ABCA-1.097_query_niche_9_15,Zhuang-ABCA-1.097,C57BL6J-638850.29,3
1704,quest_scgpt,Zhuang-ABCA-1.097_query_niche_9_15,Zhuang-ABCA-1.097,C57BL6J-638850.29,3
1705,gene_expr_quest,Zhuang-ABCA-1.097_query_niche_9_15,Zhuang-ABCA-1.097,C57BL6J-638850.30,3
1706,scgpt,Zhuang-ABCA-1.097_query_niche_9_15,Zhuang-ABCA-1.097,C57BL6J-638850.30,3
1707,gene_expr,Zhuang-ABCA-1.097_query_niche_9_15,Zhuang-ABCA-1.097,C57BL6J-638850.30,3
1708,quest_scgpt,Zhuang-ABCA-1.097_query_niche_9_15,Zhuang-ABCA-1.097,C57BL6J-638850.30,3
1709,gene_expr_quest,Zhuang-ABCA-1.097_query_niche_9_15,Zhuang-ABCA-1.097,C57BL6J-638850.31,3
1710,scgpt,Zhuang-ABCA-1.097_query_niche_9_15,Zhuang-ABCA-1.097,C57BL6J-638850.31,3
1711,gene_expr,Zhuang-ABCA-1.097_query_niche_9_15,Zhuang-ABCA-1.097,C57BL6J-638850.31,3
1712,quest_scgpt,Zhuang-ABCA-1.097_query_niche_9_15,Zhuang-ABCA-1.097,C57BL6J-638850.31,3
1713,gene_expr_quest,Zhuang-ABCA-1.097_query_niche_9_15,Zhuang-ABCA-1.097,Zhuang-ABCA-3.001,3
1714,scgpt,Zhuang-ABCA-1.097_query_niche_9_15,Zhuang-ABCA-1.097,Zhuang-ABCA-3.001,3
1715,gene_expr,Zhuang-ABCA-1.097_query_niche_9_15,Zhuang-ABCA-1.097,Zhuang-ABCA-3.001,3
1716,quest_scgpt,Zhuang-ABCA-1.097_query_niche_9_15,Zhuang-ABCA-1.097,Zhuang-ABCA-3.001,3
1717,gene_expr_quest,Zhuang-ABCA-1.097_query_niche_9_15,Zhuang-ABCA-1.097,Zhuang-ABCA-3.002,3
1718,scgpt,Zhuang-ABCA-1.097_query_niche_9_15,Zhuang-ABCA-1.097,Zhuang-ABCA-3.002,3
1719,gene_expr,Zhuang-ABCA-1.097_query_niche_9_15,Zhuang-ABCA-1.097,Zhuang-ABCA-3.002,3
1720,quest_scgpt,Zhuang-ABCA-1.097_query_niche_9_15,Zhuang-ABCA-1.097,Zhuang-ABCA-3.002,3
1721,gene_expr_quest,Zhuang-ABCA-1.097_query_niche_9_15,Zhuang-ABCA-1.097,Zhuang-ABCA-3.004,3
1722,scgpt,Zhuang-ABCA-1.097_query_niche_9_15,Zhuang-ABCA-1.097,Zhuang-ABCA-3.004,3
1723,gene_expr,Zhuang-ABCA-1.097_query_niche_9_15,Zhuang-ABCA-1.097,Zhuang-ABCA-3.004,3
1724,quest_scgpt,Zhuang-ABCA-1.097_query_niche_9_15,Zhuang-ABCA-1.097,Zhuang-ABCA-3.004,3
1725,gene_expr_quest,Zhuang-ABCA-1.097_query_niche_9_15,Zhuang-ABCA-1.097,Zhuang-ABCA-3.005,3
1726,scgpt,Zhuang-ABCA-1.097_query_niche_9_15,Zhuang-ABCA-1.097,Zhuang-ABCA-3.005,3
1727,gene_expr,Zhuang-ABCA-1.097_query_niche_9_15,Zhuang-ABCA-1.097,Zhuang-ABCA-3.005,3
1728,quest_scgpt,Zhuang-ABCA-1.097_query_niche_9_15,Zhuang-ABCA-1.097,Zhuang-ABCA-3.005,3
1729,gene_expr_quest,Zhuang-ABCA-1.097_query_niche_9_841,Zhuang-ABCA-1.097,Zhuang-ABCA-1.096,3
1730,scgpt,Zhuang-ABCA-1.097_query_niche_9_841,Zhuang-ABCA-1.097,Zhuang-ABCA-1.096,3
1731,gene_expr,Zhuang-ABCA-1.097_query_niche_9_841,Zhuang-ABCA-1.097,Zhuang-ABCA-1.096,3
1732,quest_scgpt,Zhuang-ABCA-1.097_query_niche_9_841,Zhuang-ABCA-1.097,Zhuang-ABCA-1.096,3
1733,gene_expr_quest,Zhuang-ABCA-1.097_query_niche_9_841,Zhuang-ABCA-1.097,Zhuang-ABCA-1.097,3
1734,scgpt,Zhuang-ABCA-1.097_query_niche_9_841,Zhuang-ABCA-1.097,Zhuang-ABCA-1.097,3
1735,gene_expr,Zhuang-ABCA-1.097_query_niche_9_841,Zhuang-ABCA-1.097,Zhuang-ABCA-1.097,3
1736,quest_scgpt,Zhuang-ABCA-1.097_query_niche_9_841,Zhuang-ABCA-1.097,Zhuang-ABCA-1.097,3
1737,gene_expr_quest,Zhuang-ABCA-1.097_query_niche_9_841,Zhuang-ABCA-1.097,Zhuang-ABCA-1.098,3
1738,scgpt,Zhuang-ABCA-1.097_query_niche_9_841,Zhuang-ABCA-1.097,Zhuang-ABCA-1.098,3
1739,gene_expr,Zhuang-ABCA-1.097_query_niche_9_841,Zhuang-ABCA-1.097,Zhuang-ABCA-1.098,3
1740,quest_scgpt,Zhuang-ABCA-1.097_query_niche_9_841,Zhuang-ABCA-1.097,Zhuang-ABCA-1.098,3
1741,gene_expr_quest,Zhuang-ABCA-1.097_query_niche_9_841,Zhuang-ABCA-1.097,Zhuang-ABCA-1.099,3
1742,scgpt,Zhuang-ABCA-1.097_query_niche_9_841,Zhuang-ABCA-1.097,Zhuang-ABCA-1.099,3
1743,gene_expr,Zhuang-ABCA-1.097_query_niche_9_841,Zhuang-ABCA-1.097,Zhuang-ABCA-1.099,3
1744,quest_scgpt,Zhuang-ABCA-1.097_query_niche_9_841,Zhuang-ABCA-1.097,Zhuang-ABCA-1.099,3
1745,gene_expr_quest,Zhuang-ABCA-1.097_query_niche_9_841,Zhuang-ABCA-1.097,C57BL6J-638850.28,3
1746,scgpt,Zhuang-ABCA-1.097_query_niche_9_841,Zhuang-ABCA-1.097,C57BL6J-638850.28,3
1747,gene_expr,Zhuang-ABCA-1.097_query_niche_9_841,Zhuang-ABCA-1.097,C57BL6J-638850.28,3
1748,quest_scgpt,Zhuang-ABCA-1.097_query_niche_9_841,Zhuang-ABCA-1.097,C57BL6J-638850.28,3
1749,gene_expr_quest,Zhuang-ABCA-1.097_query_niche_9_841,Zhuang-ABCA-1.097,C57BL6J-638850.29,3
1750,scgpt,Zhuang-ABCA-1.097_query_niche_9_841,Zhuang-ABCA-1.097,C57BL6J-638850.29,3
1751,gene_expr,Zhuang-ABCA-1.097_query_niche_9_841,Zhuang-ABCA-1.097,C57BL6J-638850.29,3
1752,quest_scgpt,Zhuang-ABCA-1.097_query_niche_9_841,Zhuang-ABCA-1.097,C57BL6J-638850.29,3
1753,gene_expr_quest,Zhuang-ABCA-1.097_query_niche_9_841,Zhuang-ABCA-1.097,C57BL6J-638850.30,3
1754,scgpt,Zhuang-ABCA-1.097_query_niche_9_841,Zhuang-ABCA-1.097,C57BL6J-638850.30,3
1755,gene_expr,Zhuang-ABCA-1.097_query_niche_9_841,Zhuang-ABCA-1.097,C57BL6J-638850.30,3
1756,quest_scgpt,Zhuang-ABCA-1.097_query_niche_9_841,Zhuang-ABCA-1.097,C57BL6J-638850.30,3
1757,gene_expr_quest,Zhuang-ABCA-1.097_query_niche_9_841,Zhuang-ABCA-1.097,C57BL6J-638850.31,3
1758,scgpt,Zhuang-ABCA-1.097_query_niche_9_841,Zhuang-ABCA-1.097,C57BL6J-638850.31,3
1759,gene_expr,Zhuang-ABCA-1.097_query_niche_9_841,Zhuang-ABCA-1.097,C57BL6J-638850.31,3
1760,quest_scgpt,Zhuang-ABCA-1.097_query_niche_9_841,Zhuang-ABCA-1.097,C57BL6J-638850.31,3
1761,gene_expr_quest,Zhuang-ABCA-1.097_query_niche_9_841,Zhuang-ABCA-1.097,Zhuang-ABCA-3.001,3
1762,scgpt,Zhuang-ABCA-1.097_query_niche_9_841,Zhuang-ABCA-1.097,Zhuang-ABCA-3.001,3
1763,gene_expr,Zhuang-ABCA-1.097_query_niche_9_841,Zhuang-ABCA-1.097,Zhuang-ABCA-3.001,3
1764,quest_scgpt,Zhuang-ABCA-1.097_query_niche_9_841,Zhuang-ABCA-1.097,Zhuang-ABCA-3.001,3
1765,gene_expr_quest,Zhuang-ABCA-1.097_query_niche_9_841,Zhuang-ABCA-1.097,Zhuang-ABCA-3.002,3
1766,scgpt,Zhuang-ABCA-1.097_query_niche_9_841,Zhuang-ABCA-1.097,Zhuang-ABCA-3.002,3
1767,gene_expr,Zhuang-ABCA-1.097_query_niche_9_841,Zhuang-ABCA-1.097,Zhuang-ABCA-3.002,3
1768,quest_scgpt,Zhuang-ABCA-1.097_query_niche_9_841,Zhuang-ABCA-1.097,Zhuang-ABCA-3.002,3
1769,gene_expr_quest,Zhuang-ABCA-1.097_query_niche_9_841,Zhuang-ABCA-1.097,Zhuang-ABCA-3.004,3
1770,scgpt,Zhuang-ABCA-1.097_query_niche_9_841,Zhuang-ABCA-1.097,Zhuang-ABCA-3.004,3
1771,gene_expr,Zhuang-ABCA-1.097_query_niche_9_841,Zhuang-ABCA-1.097,Zhuang-ABCA-3.004,3
1772,quest_scgpt,Zhuang-ABCA-1.097_query_niche_9_841,Zhuang-ABCA-1.097,Zhuang-ABCA-3.004,3
1773,gene_expr_quest,Zhuang-ABCA-1.097_query_niche_9_841,Zhuang-ABCA-1.097,Zhuang-ABCA-3.005,3
1774,scgpt,Zhuang-ABCA-1.097_query_niche_9_841,Zhuang-ABCA-1.097,Zhuang-ABCA-3.005,3
1775,gene_expr,Zhuang-ABCA-1.097_query_niche_9_841,Zhuang-ABCA-1.097,Zhuang-ABCA-3.005,3
1776,quest_scgpt,Zhuang-ABCA-1.097_query_niche_9_841,Zhuang-ABCA-1.097,Zhuang-ABCA-3.005,3
1777,gene_expr_quest,Zhuang-ABCA-1.097_query_niche_15_785,Zhuang-ABCA-1.097,Zhuang-ABCA-1.096,3
1778,scgpt,Zhuang-ABCA-1.097_query_niche_15_785,Zhuang-ABCA-1.097,Zhuang-ABCA-1.096,3
1779,gene_expr,Zhuang-ABCA-1.097_query_niche_15_785,Zhuang-ABCA-1.097,Zhuang-ABCA-1.096,3
1780,quest_scgpt,Zhuang-ABCA-1.097_query_niche_15_785,Zhuang-ABCA-1.097,Zhuang-ABCA-1.096,3
1781,gene_expr_quest,Zhuang-ABCA-1.097_query_niche_15_785,Zhuang-ABCA-1.097,Zhuang-ABCA-1.097,3
1782,scgpt,Zhuang-ABCA-1.097_query_niche_15_785,Zhuang-ABCA-1.097,Zhuang-ABCA-1.097,3
1783,gene_expr,Zhuang-ABCA-1.097_query_niche_15_785,Zhuang-ABCA-1.097,Zhuang-ABCA-1.097,3
1784,quest_scgpt,Zhuang-ABCA-1.097_query_niche_15_785,Zhuang-ABCA-1.097,Zhuang-ABCA-1.097,3
1785,gene_expr_quest,Zhuang-ABCA-1.097_query_niche_15_785,Zhuang-ABCA-1.097,Zhuang-ABCA-1.098,3
1786,scgpt,Zhuang-ABCA-1.097_query_niche_15_785,Zhuang-ABCA-1.097,Zhuang-ABCA-1.098,3
1787,gene_expr,Zhuang-ABCA-1.097_query_niche_15_785,Zhuang-ABCA-1.097,Zhuang-ABCA-1.098,3
1788,quest_scgpt,Zhuang-ABCA-1.097_query_niche_15_785,Zhuang-ABCA-1.097,Zhuang-ABCA-1.098,3
1789,gene_expr_quest,Zhuang-ABCA-1.097_query_niche_15_785,Zhuang-ABCA-1.097,Zhuang-ABCA-1.099,3
1790,scgpt,Zhuang-ABCA-1.097_query_niche_15_785,Zhuang-ABCA-1.097,Zhuang-ABCA-1.099,3
1791,gene_expr,Zhuang-ABCA-1.097_query_niche_15_785,Zhuang-ABCA-1.097,Zhuang-ABCA-1.099,3
1792,quest_scgpt,Zhuang-ABCA-1.097_query_niche_15_785,Zhuang-ABCA-1.097,Zhuang-ABCA-1.099,3
1793,gene_expr_quest,Zhuang-ABCA-1.097_query_niche_15_785,Zhuang-ABCA-1.097,C57BL6J-638850.28,3
1794,scgpt,Zhuang-ABCA-1.097_query_niche_15_785,Zhuang-ABCA-1.097,C57BL6J-638850.28,3
1795,gene_expr,Zhuang-ABCA-1.097_query_niche_15_785,Zhuang-ABCA-1.097,C57BL6J-638850.28,3
1796,quest_scgpt,Zhuang-ABCA-1.097_query_niche_15_785,Zhuang-ABCA-1.097,C57BL6J-638850.28,3
1797,gene_expr_quest,Zhuang-ABCA-1.097_query_niche_15_785,Zhuang-ABCA-1.097,C57BL6J-638850.29,3
1798,scgpt,Zhuang-ABCA-1.097_query_niche_15_785,Zhuang-ABCA-1.097,C57BL6J-638850.29,3
1799,gene_expr,Zhuang-ABCA-1.097_query_niche_15_785,Zhuang-ABCA-1.097,C57BL6J-638850.29,3
1800,quest_scgpt,Zhuang-ABCA-1.097_query_niche_15_785,Zhuang-ABCA-1.097,C57BL6J-638850.29,3
1801,gene_expr_quest,Zhuang-ABCA-1.097_query_niche_15_785,Zhuang-ABCA-1.097,C57BL6J-638850.30,3
1802,scgpt,Zhuang-ABCA-1.097_query_niche_15_785,Zhuang-ABCA-1.097,C57BL6J-638850.30,3
1803,gene_expr,Zhuang-ABCA-1.097_query_niche_15_785,Zhuang-ABCA-1.097,C57BL6J-638850.30,3
1804,quest_scgpt,Zhuang-ABCA-1.097_query_niche_15_785,Zhuang-ABCA-1.097,C57BL6J-638850.30,3
1805,gene_expr_quest,Zhuang-ABCA-1.097_query_niche_15_785,Zhuang-ABCA-1.097,C57BL6J-638850.31,3
1806,scgpt,Zhuang-ABCA-1.097_query_niche_15_785,Zhuang-ABCA-1.097,C57BL6J-638850.31,3
1807,gene_expr,Zhuang-ABCA-1.097_query_niche_15_785,Zhuang-ABCA-1.097,C57BL6J-638850.31,3
1808,quest_scgpt,Zhuang-ABCA-1.097_query_niche_15_785,Zhuang-ABCA-1.097,C57BL6J-638850.31,3
1809,gene_expr_quest,Zhuang-ABCA-1.097_query_niche_15_785,Zhuang-ABCA-1.097,Zhuang-ABCA-3.001,3
1810,scgpt,Zhuang-ABCA-1.097_query_niche_15_785,Zhuang-ABCA-1.097,Zhuang-ABCA-3.001,3
1811,gene_expr,Zhuang-ABCA-1.097_query_niche_15_785,Zhuang-ABCA-1.097,Zhuang-ABCA-3.001,3
1812,quest_scgpt,Zhuang-ABCA-1.097_query_niche_15_785,Zhuang-ABCA-1.097,Zhuang-ABCA-3.001,3
1813,gene_expr_quest,Zhuang-ABCA-1.097_query_niche_15_785,Zhuang-ABCA-1.097,Zhuang-ABCA-3.002,3
1814,scgpt,Zhuang-ABCA-1.097_query_niche_15_785,Zhuang-ABCA-1.097,Zhuang-ABCA-3.002,3
1815,gene_expr,Zhuang-ABCA-1.097_query_niche_15_785,Zhuang-ABCA-1.097,Zhuang-ABCA-3.002,3
1816,quest_scgpt,Zhuang-ABCA-1.097_query_niche_15_785,Zhuang-ABCA-1.097,Zhuang-ABCA-3.002,3
1817,gene_expr_quest,Zhuang-ABCA-1.097_query_niche_15_785,Zhuang-ABCA-1.097,Zhuang-ABCA-3.004,3
1818,scgpt,Zhuang-ABCA-1.097_query_niche_15_785,Zhuang-ABCA-1.097,Zhuang-ABCA-3.004,3
1819,gene_expr,Zhuang-ABCA-1.097_query_niche_15_785,Zhuang-ABCA-1.097,Zhuang-ABCA-3.004,3
1820,quest_scgpt,Zhuang-ABCA-1.097_query_niche_15_785,Zhuang-ABCA-1.097,Zhuang-ABCA-3.004,3
1821,gene_expr_quest,Zhuang-ABCA-1.097_query_niche_15_785,Zhuang-ABCA-1.097,Zhuang-ABCA-3.005,3
1822,scgpt,Zhuang-ABCA-1.097_query_niche_15_785,Zhuang-ABCA-1.097,Zhuang-ABCA-3.005,3
1823,gene_expr,Zhuang-ABCA-1.097_query_niche_15_785,Zhuang-ABCA-1.097,Zhuang-ABCA-3.005,3
1824,quest_scgpt,Zhuang-ABCA-1.097_query_niche_15_785,Zhuang-ABCA-1.097,Zhuang-ABCA-3.005,3
1825,gene_expr_quest,Zhuang-ABCA-1.098_query_niche_9_15,Zhuang-ABCA-1.098,Zhuang-ABCA-1.096,3
1826,scgpt,Zhuang-ABCA-1.098_query_niche_9_15,Zhuang-ABCA-1.098,Zhuang-ABCA-1.096,3
1827,gene_expr,Zhuang-ABCA-1.098_query_niche_9_15,Zhuang-ABCA-1.098,Zhuang-ABCA-1.096,3
1828,quest_scgpt,Zhuang-ABCA-1.098_query_niche_9_15,Zhuang-ABCA-1.098,Zhuang-ABCA-1.096,3
1829,gene_expr_quest,Zhuang-ABCA-1.098_query_niche_9_15,Zhuang-ABCA-1.098,Zhuang-ABCA-1.097,3
1830,scgpt,Zhuang-ABCA-1.098_query_niche_9_15,Zhuang-ABCA-1.098,Zhuang-ABCA-1.097,3
1831,gene_expr,Zhuang-ABCA-1.098_query_niche_9_15,Zhuang-ABCA-1.098,Zhuang-ABCA-1.097,3
1832,quest_scgpt,Zhuang-ABCA-1.098_query_niche_9_15,Zhuang-ABCA-1.098,Zhuang-ABCA-1.097,3
1833,gene_expr_quest,Zhuang-ABCA-1.098_query_niche_9_15,Zhuang-ABCA-1.098,Zhuang-ABCA-1.098,3
1834,scgpt,Zhuang-ABCA-1.098_query_niche_9_15,Zhuang-ABCA-1.098,Zhuang-ABCA-1.098,3
1835,gene_expr,Zhuang-ABCA-1.098_query_niche_9_15,Zhuang-ABCA-1.098,Zhuang-ABCA-1.098,3
1836,quest_scgpt,Zhuang-ABCA-1.098_query_niche_9_15,Zhuang-ABCA-1.098,Zhuang-ABCA-1.098,3
1837,gene_expr_quest,Zhuang-ABCA-1.098_query_niche_9_15,Zhuang-ABCA-1.098,Zhuang-ABCA-1.099,3
1838,scgpt,Zhuang-ABCA-1.098_query_niche_9_15,Zhuang-ABCA-1.098,Zhuang-ABCA-1.099,3
1839,gene_expr,Zhuang-ABCA-1.098_query_niche_9_15,Zhuang-ABCA-1.098,Zhuang-ABCA-1.099,3
1840,quest_scgpt,Zhuang-ABCA-1.098_query_niche_9_15,Zhuang-ABCA-1.098,Zhuang-ABCA-1.099,3
1841,gene_expr_quest,Zhuang-ABCA-1.098_query_niche_9_15,Zhuang-ABCA-1.098,C57BL6J-638850.28,3
1842,scgpt,Zhuang-ABCA-1.098_query_niche_9_15,Zhuang-ABCA-1.098,C57BL6J-638850.28,3
1843,gene_expr,Zhuang-ABCA-1.098_query_niche_9_15,Zhuang-ABCA-1.098,C57BL6J-638850.28,3
1844,quest_scgpt,Zhuang-ABCA-1.098_query_niche_9_15,Zhuang-ABCA-1.098,C57BL6J-638850.28,3
1845,gene_expr_quest,Zhuang-ABCA-1.098_query_niche_9_15,Zhuang-ABCA-1.098,C57BL6J-638850.29,3
1846,scgpt,Zhuang-ABCA-1.098_query_niche_9_15,Zhuang-ABCA-1.098,C57BL6J-638850.29,3
1847,gene_expr,Zhuang-ABCA-1.098_query_niche_9_15,Zhuang-ABCA-1.098,C57BL6J-638850.29,3
1848,quest_scgpt,Zhuang-ABCA-1.098_query_niche_9_15,Zhuang-ABCA-1.098,C57BL6J-638850.29,3
1849,gene_expr_quest,Zhuang-ABCA-1.098_query_niche_9_15,Zhuang-ABCA-1.098,C57BL6J-638850.30,3
1850,scgpt,Zhuang-ABCA-1.098_query_niche_9_15,Zhuang-ABCA-1.098,C57BL6J-638850.30,3
1851,gene_expr,Zhuang-ABCA-1.098_query_niche_9_15,Zhuang-ABCA-1.098,C57BL6J-638850.30,3
1852,quest_scgpt,Zhuang-ABCA-1.098_query_niche_9_15,Zhuang-ABCA-1.098,C57BL6J-638850.30,3
1853,gene_expr_quest,Zhuang-ABCA-1.098_query_niche_9_15,Zhuang-ABCA-1.098,C57BL6J-638850.31,3
1854,scgpt,Zhuang-ABCA-1.098_query_niche_9_15,Zhuang-ABCA-1.098,C57BL6J-638850.31,3
1855,gene_expr,Zhuang-ABCA-1.098_query_niche_9_15,Zhuang-ABCA-1.098,C57BL6J-638850.31,3
1856,quest_scgpt,Zhuang-ABCA-1.098_query_niche_9_15,Zhuang-ABCA-1.098,C57BL6J-638850.31,3
1857,gene_expr_quest,Zhuang-ABCA-1.098_query_niche_9_15,Zhuang-ABCA-1.098,Zhuang-ABCA-3.001,3
1858,scgpt,Zhuang-ABCA-1.098_query_niche_9_15,Zhuang-ABCA-1.098,Zhuang-ABCA-3.001,3
1859,gene_expr,Zhuang-ABCA-1.098_query_niche_9_15,Zhuang-ABCA-1.098,Zhuang-ABCA-3.001,3
1860,quest_scgpt,Zhuang-ABCA-1.098_query_niche_9_15,Zhuang-ABCA-1.098,Zhuang-ABCA-3.001,3
1861,gene_expr_quest,Zhuang-ABCA-1.098_query_niche_9_15,Zhuang-ABCA-1.098,Zhuang-ABCA-3.002,3
1862,scgpt,Zhuang-ABCA-1.098_query_niche_9_15,Zhuang-ABCA-1.098,Zhuang-ABCA-3.002,3
1863,gene_expr,Zhuang-ABCA-1.098_query_niche_9_15,Zhuang-ABCA-1.098,Zhuang-ABCA-3.002,3
1864,quest_scgpt,Zhuang-ABCA-1.098_query_niche_9_15,Zhuang-ABCA-1.098,Zhuang-ABCA-3.002,3
1865,gene_expr_quest,Zhuang-ABCA-1.098_query_niche_9_15,Zhuang-ABCA-1.098,Zhuang-ABCA-3.004,3
1866,scgpt,Zhuang-ABCA-1.098_query_niche_9_15,Zhuang-ABCA-1.098,Zhuang-ABCA-3.004,3
1867,gene_expr,Zhuang-ABCA-1.098_query_niche_9_15,Zhuang-ABCA-1.098,Zhuang-ABCA-3.004,3
1868,quest_scgpt,Zhuang-ABCA-1.098_query_niche_9_15,Zhuang-ABCA-1.098,Zhuang-ABCA-3.004,3
1869,gene_expr_quest,Zhuang-ABCA-1.098_query_niche_9_15,Zhuang-ABCA-1.098,Zhuang-ABCA-3.005,3
1870,scgpt,Zhuang-ABCA-1.098_query_niche_9_15,Zhuang-ABCA-1.098,Zhuang-ABCA-3.005,3
1871,gene_expr,Zhuang-ABCA-1.098_query_niche_9_15,Zhuang-ABCA-1.098,Zhuang-ABCA-3.005,3
1872,quest_scgpt,Zhuang-ABCA-1.098_query_niche_9_15,Zhuang-ABCA-1.098,Zhuang-ABCA-3.005,3
1873,gene_expr_quest,Zhuang-ABCA-1.098_query_niche_9_841,Zhuang-ABCA-1.098,Zhuang-ABCA-1.096,3
1874,scgpt,Zhuang-ABCA-1.098_query_niche_9_841,Zhuang-ABCA-1.098,Zhuang-ABCA-1.096,3
1875,gene_expr,Zhuang-ABCA-1.098_query_niche_9_841,Zhuang-ABCA-1.098,Zhuang-ABCA-1.096,3
1876,quest_scgpt,Zhuang-ABCA-1.098_query_niche_9_841,Zhuang-ABCA-1.098,Zhuang-ABCA-1.096,3
1877,gene_expr_quest,Zhuang-ABCA-1.098_query_niche_9_841,Zhuang-ABCA-1.098,Zhuang-ABCA-1.097,3
1878,scgpt,Zhuang-ABCA-1.098_query_niche_9_841,Zhuang-ABCA-1.098,Zhuang-ABCA-1.097,3
1879,gene_expr,Zhuang-ABCA-1.098_query_niche_9_841,Zhuang-ABCA-1.098,Zhuang-ABCA-1.097,3
1880,quest_scgpt,Zhuang-ABCA-1.098_query_niche_9_841,Zhuang-ABCA-1.098,Zhuang-ABCA-1.097,3
1881,gene_expr_quest,Zhuang-ABCA-1.098_query_niche_9_841,Zhuang-ABCA-1.098,Zhuang-ABCA-1.098,3
1882,scgpt,Zhuang-ABCA-1.098_query_niche_9_841,Zhuang-ABCA-1.098,Zhuang-ABCA-1.098,3
1883,gene_expr,Zhuang-ABCA-1.098_query_niche_9_841,Zhuang-ABCA-1.098,Zhuang-ABCA-1.098,3
1884,quest_scgpt,Zhuang-ABCA-1.098_query_niche_9_841,Zhuang-ABCA-1.098,Zhuang-ABCA-1.098,3
1885,gene_expr_quest,Zhuang-ABCA-1.098_query_niche_9_841,Zhuang-ABCA-1.098,Zhuang-ABCA-1.099,3
1886,scgpt,Zhuang-ABCA-1.098_query_niche_9_841,Zhuang-ABCA-1.098,Zhuang-ABCA-1.099,3
1887,gene_expr,Zhuang-ABCA-1.098_query_niche_9_841,Zhuang-ABCA-1.098,Zhuang-ABCA-1.099,3
1888,quest_scgpt,Zhuang-ABCA-1.098_query_niche_9_841,Zhuang-ABCA-1.098,Zhuang-ABCA-1.099,3
1889,gene_expr_quest,Zhuang-ABCA-1.098_query_niche_9_841,Zhuang-ABCA-1.098,C57BL6J-638850.28,3
1890,scgpt,Zhuang-ABCA-1.098_query_niche_9_841,Zhuang-ABCA-1.098,C57BL6J-638850.28,3
1891,gene_expr,Zhuang-ABCA-1.098_query_niche_9_841,Zhuang-ABCA-1.098,C57BL6J-638850.28,3
1892,quest_scgpt,Zhuang-ABCA-1.098_query_niche_9_841,Zhuang-ABCA-1.098,C57BL6J-638850.28,3
1893,gene_expr_quest,Zhuang-ABCA-1.098_query_niche_9_841,Zhuang-ABCA-1.098,C57BL6J-638850.29,3
1894,scgpt,Zhuang-ABCA-1.098_query_niche_9_841,Zhuang-ABCA-1.098,C57BL6J-638850.29,3
1895,gene_expr,Zhuang-ABCA-1.098_query_niche_9_841,Zhuang-ABCA-1.098,C57BL6J-638850.29,3
1896,quest_scgpt,Zhuang-ABCA-1.098_query_niche_9_841,Zhuang-ABCA-1.098,C57BL6J-638850.29,3
1897,gene_expr_quest,Zhuang-ABCA-1.098_query_niche_9_841,Zhuang-ABCA-1.098,C57BL6J-638850.30,3
1898,scgpt,Zhuang-ABCA-1.098_query_niche_9_841,Zhuang-ABCA-1.098,C57BL6J-638850.30,3
1899,gene_expr,Zhuang-ABCA-1.098_query_niche_9_841,Zhuang-ABCA-1.098,C57BL6J-638850.30,3
1900,quest_scgpt,Zhuang-ABCA-1.098_query_niche_9_841,Zhuang-ABCA-1.098,C57BL6J-638850.30,3
1901,gene_expr_quest,Zhuang-ABCA-1.098_query_niche_9_841,Zhuang-ABCA-1.098,C57BL6J-638850.31,3
1902,scgpt,Zhuang-ABCA-1.098_query_niche_9_841,Zhuang-ABCA-1.098,C57BL6J-638850.31,3
1903,gene_expr,Zhuang-ABCA-1.098_query_niche_9_841,Zhuang-ABCA-1.098,C57BL6J-638850.31,3
1904,quest_scgpt,Zhuang-ABCA-1.098_query_niche_9_841,Zhuang-ABCA-1.098,C57BL6J-638850.31,3
1905,gene_expr_quest,Zhuang-ABCA-1.098_query_niche_9_841,Zhuang-ABCA-1.098,Zhuang-ABCA-3.001,3
1906,scgpt,Zhuang-ABCA-1.098_query_niche_9_841,Zhuang-ABCA-1.098,Zhuang-ABCA-3.001,3
1907,gene_expr,Zhuang-ABCA-1.098_query_niche_9_841,Zhuang-ABCA-1.098,Zhuang-ABCA-3.001,3
1908,quest_scgpt,Zhuang-ABCA-1.098_query_niche_9_841,Zhuang-ABCA-1.098,Zhuang-ABCA-3.001,3
1909,gene_expr_quest,Zhuang-ABCA-1.098_query_niche_9_841,Zhuang-ABCA-1.098,Zhuang-ABCA-3.002,3
1910,scgpt,Zhuang-ABCA-1.098_query_niche_9_841,Zhuang-ABCA-1.098,Zhuang-ABCA-3.002,3
1911,gene_expr,Zhuang-ABCA-1.098_query_niche_9_841,Zhuang-ABCA-1.098,Zhuang-ABCA-3.002,3
1912,quest_scgpt,Zhuang-ABCA-1.098_query_niche_9_841,Zhuang-ABCA-1.098,Zhuang-ABCA-3.002,3
1913,gene_expr_quest,Zhuang-ABCA-1.098_query_niche_9_841,Zhuang-ABCA-1.098,Zhuang-ABCA-3.004,3
1914,scgpt,Zhuang-ABCA-1.098_query_niche_9_841,Zhuang-ABCA-1.098,Zhuang-ABCA-3.004,3
1915,gene_expr,Zhuang-ABCA-1.098_query_niche_9_841,Zhuang-ABCA-1.098,Zhuang-ABCA-3.004,3
1916,quest_scgpt,Zhuang-ABCA-1.098_query_niche_9_841,Zhuang-ABCA-1.098,Zhuang-ABCA-3.004,3
1917,gene_expr_quest,Zhuang-ABCA-1.098_query_niche_9_841,Zhuang-ABCA-1.098,Zhuang-ABCA-3.005,3
1918,scgpt,Zhuang-ABCA-1.098_query_niche_9_841,Zhuang-ABCA-1.098,Zhuang-ABCA-3.005,3
1919,gene_expr,Zhuang-ABCA-1.098_query_niche_9_841,Zhuang-ABCA-1.098,Zhuang-ABCA-3.005,3
1920,quest_scgpt,Zhuang-ABCA-1.098_query_niche_9_841,Zhuang-ABCA-1.098,Zhuang-ABCA-3.005,3
1921,gene_expr_quest,Zhuang-ABCA-1.098_query_niche_15_785,Zhuang-ABCA-1.098,Zhuang-ABCA-1.096,3
1922,scgpt,Zhuang-ABCA-1.098_query_niche_15_785,Zhuang-ABCA-1.098,Zhuang-ABCA-1.096,3
1923,gene_expr,Zhuang-ABCA-1.098_query_niche_15_785,Zhuang-ABCA-1.098,Zhuang-ABCA-1.096,3
1924,quest_scgpt,Zhuang-ABCA-1.098_query_niche_15_785,Zhuang-ABCA-1.098,Zhuang-ABCA-1.096,3
1925,gene_expr_quest,Zhuang-ABCA-1.098_query_niche_15_785,Zhuang-ABCA-1.098,Zhuang-ABCA-1.097,3
1926,scgpt,Zhuang-ABCA-1.098_query_niche_15_785,Zhuang-ABCA-1.098,Zhuang-ABCA-1.097,3
1927,gene_expr,Zhuang-ABCA-1.098_query_niche_15_785,Zhuang-ABCA-1.098,Zhuang-ABCA-1.097,3
1928,quest_scgpt,Zhuang-ABCA-1.098_query_niche_15_785,Zhuang-ABCA-1.098,Zhuang-ABCA-1.097,3
1929,gene_expr_quest,Zhuang-ABCA-1.098_query_niche_15_785,Zhuang-ABCA-1.098,Zhuang-ABCA-1.098,3
1930,scgpt,Zhuang-ABCA-1.098_query_niche_15_785,Zhuang-ABCA-1.098,Zhuang-ABCA-1.098,3
1931,gene_expr,Zhuang-ABCA-1.098_query_niche_15_785,Zhuang-ABCA-1.098,Zhuang-ABCA-1.098,3
1932,quest_scgpt,Zhuang-ABCA-1.098_query_niche_15_785,Zhuang-ABCA-1.098,Zhuang-ABCA-1.098,3
1933,gene_expr_quest,Zhuang-ABCA-1.098_query_niche_15_785,Zhuang-ABCA-1.098,Zhuang-ABCA-1.099,3
1934,scgpt,Zhuang-ABCA-1.098_query_niche_15_785,Zhuang-ABCA-1.098,Zhuang-ABCA-1.099,3
1935,gene_expr,Zhuang-ABCA-1.098_query_niche_15_785,Zhuang-ABCA-1.098,Zhuang-ABCA-1.099,3
1936,quest_scgpt,Zhuang-ABCA-1.098_query_niche_15_785,Zhuang-ABCA-1.098,Zhuang-ABCA-1.099,3
1937,gene_expr_quest,Zhuang-ABCA-1.098_query_niche_15_785,Zhuang-ABCA-1.098,C57BL6J-638850.28,3
1938,scgpt,Zhuang-ABCA-1.098_query_niche_15_785,Zhuang-ABCA-1.098,C57BL6J-638850.28,3
1939,gene_expr,Zhuang-ABCA-1.098_query_niche_15_785,Zhuang-ABCA-1.098,C57BL6J-638850.28,3
1940,quest_scgpt,Zhuang-ABCA-1.098_query_niche_15_785,Zhuang-ABCA-1.098,C57BL6J-638850.28,3
1941,gene_expr_quest,Zhuang-ABCA-1.098_query_niche_15_785,Zhuang-ABCA-1.098,C57BL6J-638850.29,3
1942,scgpt,Zhuang-ABCA-1.098_query_niche_15_785,Zhuang-ABCA-1.098,C57BL6J-638850.29,3
1943,gene_expr,Zhuang-ABCA-1.098_query_niche_15_785,Zhuang-ABCA-1.098,C57BL6J-638850.29,3
1944,quest_scgpt,Zhuang-ABCA-1.098_query_niche_15_785,Zhuang-ABCA-1.098,C57BL6J-638850.29,3
1945,gene_expr_quest,Zhuang-ABCA-1.098_query_niche_15_785,Zhuang-ABCA-1.098,C57BL6J-638850.30,3
1946,scgpt,Zhuang-ABCA-1.098_query_niche_15_785,Zhuang-ABCA-1.098,C57BL6J-638850.30,3
1947,gene_expr,Zhuang-ABCA-1.098_query_niche_15_785,Zhuang-ABCA-1.098,C57BL6J-638850.30,3
1948,quest_scgpt,Zhuang-ABCA-1.098_query_niche_15_785,Zhuang-ABCA-1.098,C57BL6J-638850.30,3
1949,gene_expr_quest,Zhuang-ABCA-1.098_query_niche_15_785,Zhuang-ABCA-1.098,C57BL6J-638850.31,3
1950,scgpt,Zhuang-ABCA-1.098_query_niche_15_785,Zhuang-ABCA-1.098,C57BL6J-638850.31,3
1951,gene_expr,Zhuang-ABCA-1.098_query_niche_15_785,Zhuang-ABCA-1.098,C57BL6J-638850.31,3
1952,quest_scgpt,Zhuang-ABCA-1.098_query_niche_15_785,Zhuang-ABCA-1.098,C57BL6J-638850.31,3
1953,gene_expr_quest,Zhuang-ABCA-1.098_query_niche_15_785,Zhuang-ABCA-1.098,Zhuang-ABCA-3.001,3
1954,scgpt,Zhuang-ABCA-1.098_query_niche_15_785,Zhuang-ABCA-1.098,Zhuang-ABCA-3.001,3
1955,gene_expr,Zhuang-ABCA-1.098_query_niche_15_785,Zhuang-ABCA-1.098,Zhuang-ABCA-3.001,3
1956,quest_scgpt,Zhuang-ABCA-1.098_query_niche_15_785,Zhuang-ABCA-1.098,Zhuang-ABCA-3.001,3
1957,gene_expr_quest,Zhuang-ABCA-1.098_query_niche_15_785,Zhuang-ABCA-1.098,Zhuang-ABCA-3.002,3
1958,scgpt,Zhuang-ABCA-1.098_query_niche_15_785,Zhuang-ABCA-1.098,Zhuang-ABCA-3.002,3
1959,gene_expr,Zhuang-ABCA-1.098_query_niche_15_785,Zhuang-ABCA-1.098,Zhuang-ABCA-3.002,3
1960,quest_scgpt,Zhuang-ABCA-1.098_query_niche_15_785,Zhuang-ABCA-1.098,Zhuang-ABCA-3.002,3
1961,gene_expr_quest,Zhuang-ABCA-1.098_query_niche_15_785,Zhuang-ABCA-1.098,Zhuang-ABCA-3.004,3
1962,scgpt,Zhuang-ABCA-1.098_query_niche_15_785,Zhuang-ABCA-1.098,Zhuang-ABCA-3.004,3
1963,gene_expr,Zhuang-ABCA-1.098_query_niche_15_785,Zhuang-ABCA-1.098,Zhuang-ABCA-3.004,3
1964,quest_scgpt,Zhuang-ABCA-1.098_query_niche_15_785,Zhuang-ABCA-1.098,Zhuang-ABCA-3.004,3
1965,gene_expr_quest,Zhuang-ABCA-1.098_query_niche_15_785,Zhuang-ABCA-1.098,Zhuang-ABCA-3.005,3
1966,scgpt,Zhuang-ABCA-1.098_query_niche_15_785,Zhuang-ABCA-1.098,Zhuang-ABCA-3.005,3
1967,gene_expr,Zhuang-ABCA-1.098_query_niche_15_785,Zhuang-ABCA-1.098,Zhuang-ABCA-3.005,3
1968,quest_scgpt,Zhuang-ABCA-1.098_query_niche_15_785,Zhuang-ABCA-1.098,Zhuang-ABCA-3.005,3
1969,gene_expr_quest,Zhuang-ABCA-1.099_query_niche_9_15,Zhuang-ABCA-1.099,Zhuang-ABCA-1.096,3
1970,scgpt,Zhuang-ABCA-1.099_query_niche_9_15,Zhuang-ABCA-1.099,Zhuang-ABCA-1.096,3
1971,gene_expr,Zhuang-ABCA-1.099_query_niche_9_15,Zhuang-ABCA-1.099,Zhuang-ABCA-1.096,3
1972,quest_scgpt,Zhuang-ABCA-1.099_query_niche_9_15,Zhuang-ABCA-1.099,Zhuang-ABCA-1.096,3
1973,gene_expr_quest,Zhuang-ABCA-1.099_query_niche_9_15,Zhuang-ABCA-1.099,Zhuang-ABCA-1.097,3
1974,scgpt,Zhuang-ABCA-1.099_query_niche_9_15,Zhuang-ABCA-1.099,Zhuang-ABCA-1.097,3
1975,gene_expr,Zhuang-ABCA-1.099_query_niche_9_15,Zhuang-ABCA-1.099,Zhuang-ABCA-1.097,3
1976,quest_scgpt,Zhuang-ABCA-1.099_query_niche_9_15,Zhuang-ABCA-1.099,Zhuang-ABCA-1.097,3
1977,gene_expr_quest,Zhuang-ABCA-1.099_query_niche_9_15,Zhuang-ABCA-1.099,Zhuang-ABCA-1.098,3
1978,scgpt,Zhuang-ABCA-1.099_query_niche_9_15,Zhuang-ABCA-1.099,Zhuang-ABCA-1.098,3
1979,gene_expr,Zhuang-ABCA-1.099_query_niche_9_15,Zhuang-ABCA-1.099,Zhuang-ABCA-1.098,3
1980,quest_scgpt,Zhuang-ABCA-1.099_query_niche_9_15,Zhuang-ABCA-1.099,Zhuang-ABCA-1.098,3
1981,gene_expr_quest,Zhuang-ABCA-1.099_query_niche_9_15,Zhuang-ABCA-1.099,Zhuang-ABCA-1.099,3
1982,scgpt,Zhuang-ABCA-1.099_query_niche_9_15,Zhuang-ABCA-1.099,Zhuang-ABCA-1.099,3
1983,gene_expr,Zhuang-ABCA-1.099_query_niche_9_15,Zhuang-ABCA-1.099,Zhuang-ABCA-1.099,3
1984,quest_scgpt,Zhuang-ABCA-1.099_query_niche_9_15,Zhuang-ABCA-1.099,Zhuang-ABCA-1.099,3
1985,gene_expr_quest,Zhuang-ABCA-1.099_query_niche_9_15,Zhuang-ABCA-1.099,C57BL6J-638850.28,3
1986,scgpt,Zhuang-ABCA-1.099_query_niche_9_15,Zhuang-ABCA-1.099,C57BL6J-638850.28,3
1987,gene_expr,Zhuang-ABCA-1.099_query_niche_9_15,Zhuang-ABCA-1.099,C57BL6J-638850.28,3
1988,quest_scgpt,Zhuang-ABCA-1.099_query_niche_9_15,Zhuang-ABCA-1.099,C57BL6J-638850.28,3
1989,gene_expr_quest,Zhuang-ABCA-1.099_query_niche_9_15,Zhuang-ABCA-1.099,C57BL6J-638850.29,3
1990,scgpt,Zhuang-ABCA-1.099_query_niche_9_15,Zhuang-ABCA-1.099,C57BL6J-638850.29,3
1991,gene_expr,Zhuang-ABCA-1.099_query_niche_9_15,Zhuang-ABCA-1.099,C57BL6J-638850.29,3
1992,quest_scgpt,Zhuang-ABCA-1.099_query_niche_9_15,Zhuang-ABCA-1.099,C57BL6J-638850.29,3
1993,gene_expr_quest,Zhuang-ABCA-1.099_query_niche_9_15,Zhuang-ABCA-1.099,C57BL6J-638850.30,3
1994,scgpt,Zhuang-ABCA-1.099_query_niche_9_15,Zhuang-ABCA-1.099,C57BL6J-638850.30,3
1995,gene_expr,Zhuang-ABCA-1.099_query_niche_9_15,Zhuang-ABCA-1.099,C57BL6J-638850.30,3
1996,quest_scgpt,Zhuang-ABCA-1.099_query_niche_9_15,Zhuang-ABCA-1.099,C57BL6J-638850.30,3
1997,gene_expr_quest,Zhuang-ABCA-1.099_query_niche_9_15,Zhuang-ABCA-1.099,C57BL6J-638850.31,3
1998,scgpt,Zhuang-ABCA-1.099_query_niche_9_15,Zhuang-ABCA-1.099,C57BL6J-638850.31,3
1999,gene_expr,Zhuang-ABCA-1.099_query_niche_9_15,Zhuang-ABCA-1.099,C57BL6J-638850.31,3
2000,quest_scgpt,Zhuang-ABCA-1.099_query_niche_9_15,Zhuang-ABCA-1.099,C57BL6J-638850.31,3
2001,gene_expr_quest,Zhuang-ABCA-1.099_query_niche_9_15,Zhuang-ABCA-1.099,Zhuang-ABCA-3.001,3
2002,scgpt,Zhuang-ABCA-1.099_query_niche_9_15,Zhuang-ABCA-1.099,Zhuang-ABCA-3.001,3
2003,gene_expr,Zhuang-ABCA-1.099_query_niche_9_15,Zhuang-ABCA-1.099,Zhuang-ABCA-3.001,3
2004,quest_scgpt,Zhuang-ABCA-1.099_query_niche_9_15,Zhuang-ABCA-1.099,Zhuang-ABCA-3.001,3
2005,gene_expr_quest,Zhuang-ABCA-1.099_query_niche_9_15,Zhuang-ABCA-1.099,Zhuang-ABCA-3.002,3
2006,scgpt,Zhuang-ABCA-1.099_query_niche_9_15,Zhuang-ABCA-1.099,Zhuang-ABCA-3.002,3
2007,gene_expr,Zhuang-ABCA-1.099_query_niche_9_15,Zhuang-ABCA-1.099,Zhuang-ABCA-3.002,3
2008,quest_scgpt,Zhuang-ABCA-1.099_query_niche_9_15,Zhuang-ABCA-1.099,Zhuang-ABCA-3.002,3
2009,gene_expr_quest,Zhuang-ABCA-1.099_query_niche_9_15,Zhuang-ABCA-1.099,Zhuang-ABCA-3.004,3
2010,scgpt,Zhuang-ABCA-1.099_query_niche_9_15,Zhuang-ABCA-1.099,Zhuang-ABCA-3.004,3
2011,gene_expr,Zhuang-ABCA-1.099_query_niche_9_15,Zhuang-ABCA-1.099,Zhuang-ABCA-3.004,3
2012,quest_scgpt,Zhuang-ABCA-1.099_query_niche_9_15,Zhuang-ABCA-1.099,Zhuang-ABCA-3.004,3
2013,gene_expr_quest,Zhuang-ABCA-1.099_query_niche_9_15,Zhuang-ABCA-1.099,Zhuang-ABCA-3.005,3
2014,scgpt,Zhuang-ABCA-1.099_query_niche_9_15,Zhuang-ABCA-1.099,Zhuang-ABCA-3.005,3
2015,gene_expr,Zhuang-ABCA-1.099_query_niche_9_15,Zhuang-ABCA-1.099,Zhuang-ABCA-3.005,3
2016,quest_scgpt,Zhuang-ABCA-1.099_query_niche_9_15,Zhuang-ABCA-1.099,Zhuang-ABCA-3.005,3
2017,gene_expr_quest,Zhuang-ABCA-1.099_query_niche_9_841,Zhuang-ABCA-1.099,Zhuang-ABCA-1.096,3
2018,scgpt,Zhuang-ABCA-1.099_query_niche_9_841,Zhuang-ABCA-1.099,Zhuang-ABCA-1.096,3
2019,gene_expr,Zhuang-ABCA-1.099_query_niche_9_841,Zhuang-ABCA-1.099,Zhuang-ABCA-1.096,3
2020,quest_scgpt,Zhuang-ABCA-1.099_query_niche_9_841,Zhuang-ABCA-1.099,Zhuang-ABCA-1.096,3
2021,gene_expr_quest,Zhuang-ABCA-1.099_query_niche_9_841,Zhuang-ABCA-1.099,Zhuang-ABCA-1.097,3
2022,scgpt,Zhuang-ABCA-1.099_query_niche_9_841,Zhuang-ABCA-1.099,Zhuang-ABCA-1.097,3
2023,gene_expr,Zhuang-ABCA-1.099_query_niche_9_841,Zhuang-ABCA-1.099,Zhuang-ABCA-1.097,3
2024,quest_scgpt,Zhuang-ABCA-1.099_query_niche_9_841,Zhuang-ABCA-1.099,Zhuang-ABCA-1.097,3
2025,gene_expr_quest,Zhuang-ABCA-1.099_query_niche_9_841,Zhuang-ABCA-1.099,Zhuang-ABCA-1.098,3
2026,scgpt,Zhuang-ABCA-1.099_query_niche_9_841,Zhuang-ABCA-1.099,Zhuang-ABCA-1.098,3
2027,gene_expr,Zhuang-ABCA-1.099_query_niche_9_841,Zhuang-ABCA-1.099,Zhuang-ABCA-1.098,3
2028,quest_scgpt,Zhuang-ABCA-1.099_query_niche_9_841,Zhuang-ABCA-1.099,Zhuang-ABCA-1.098,3
2029,gene_expr_quest,Zhuang-ABCA-1.099_query_niche_9_841,Zhuang-ABCA-1.099,Zhuang-ABCA-1.099,3
2030,scgpt,Zhuang-ABCA-1.099_query_niche_9_841,Zhuang-ABCA-1.099,Zhuang-ABCA-1.099,3
2031,gene_expr,Zhuang-ABCA-1.099_query_niche_9_841,Zhuang-ABCA-1.099,Zhuang-ABCA-1.099,3
2032,quest_scgpt,Zhuang-ABCA-1.099_query_niche_9_841,Zhuang-ABCA-1.099,Zhuang-ABCA-1.099,3
2033,gene_expr_quest,Zhuang-ABCA-1.099_query_niche_9_841,Zhuang-ABCA-1.099,C57BL6J-638850.28,3
2034,scgpt,Zhuang-ABCA-1.099_query_niche_9_841,Zhuang-ABCA-1.099,C57BL6J-638850.28,3
2035,gene_expr,Zhuang-ABCA-1.099_query_niche_9_841,Zhuang-ABCA-1.099,C57BL6J-638850.28,3
2036,quest_scgpt,Zhuang-ABCA-1.099_query_niche_9_841,Zhuang-ABCA-1.099,C57BL6J-638850.28,3
2037,gene_expr_quest,Zhuang-ABCA-1.099_query_niche_9_841,Zhuang-ABCA-1.099,C57BL6J-638850.29,3
2038,scgpt,Zhuang-ABCA-1.099_query_niche_9_841,Zhuang-ABCA-1.099,C57BL6J-638850.29,3
2039,gene_expr,Zhuang-ABCA-1.099_query_niche_9_841,Zhuang-ABCA-1.099,C57BL6J-638850.29,3
2040,quest_scgpt,Zhuang-ABCA-1.099_query_niche_9_841,Zhuang-ABCA-1.099,C57BL6J-638850.29,3
2041,gene_expr_quest,Zhuang-ABCA-1.099_query_niche_9_841,Zhuang-ABCA-1.099,C57BL6J-638850.30,3
2042,scgpt,Zhuang-ABCA-1.099_query_niche_9_841,Zhuang-ABCA-1.099,C57BL6J-638850.30,3
2043,gene_expr,Zhuang-ABCA-1.099_query_niche_9_841,Zhuang-ABCA-1.099,C57BL6J-638850.30,3
2044,quest_scgpt,Zhuang-ABCA-1.099_query_niche_9_841,Zhuang-ABCA-1.099,C57BL6J-638850.30,3
2045,gene_expr_quest,Zhuang-ABCA-1.099_query_niche_9_841,Zhuang-ABCA-1.099,C57BL6J-638850.31,3
2046,scgpt,Zhuang-ABCA-1.099_query_niche_9_841,Zhuang-ABCA-1.099,C57BL6J-638850.31,3
2047,gene_expr,Zhuang-ABCA-1.099_query_niche_9_841,Zhuang-ABCA-1.099,C57BL6J-638850.31,3
2048,quest_scgpt,Zhuang-ABCA-1.099_query_niche_9_841,Zhuang-ABCA-1.099,C57BL6J-638850.31,3
2049,gene_expr_quest,Zhuang-ABCA-1.099_query_niche_9_841,Zhuang-ABCA-1.099,Zhuang-ABCA-3.001,3
2050,scgpt,Zhuang-ABCA-1.099_query_niche_9_841,Zhuang-ABCA-1.099,Zhuang-ABCA-3.001,3
2051,gene_expr,Zhuang-ABCA-1.099_query_niche_9_841,Zhuang-ABCA-1.099,Zhuang-ABCA-3.001,3
2052,quest_scgpt,Zhuang-ABCA-1.099_query_niche_9_841,Zhuang-ABCA-1.099,Zhuang-ABCA-3.001,3
2053,gene_expr_quest,Zhuang-ABCA-1.099_query_niche_9_841,Zhuang-ABCA-1.099,Zhuang-ABCA-3.002,3
2054,scgpt,Zhuang-ABCA-1.099_query_niche_9_841,Zhuang-ABCA-1.099,Zhuang-ABCA-3.002,3
2055,gene_expr,Zhuang-ABCA-1.099_query_niche_9_841,Zhuang-ABCA-1.099,Zhuang-ABCA-3.002,3
2056,quest_scgpt,Zhuang-ABCA-1.099_query_niche_9_841,Zhuang-ABCA-1.099,Zhuang-ABCA-3.002,3
2057,gene_expr_quest,Zhuang-ABCA-1.099_query_niche_9_841,Zhuang-ABCA-1.099,Zhuang-ABCA-3.004,3
2058,scgpt,Zhuang-ABCA-1.099_query_niche_9_841,Zhuang-ABCA-1.099,Zhuang-ABCA-3.004,3
2059,gene_expr,Zhuang-ABCA-1.099_query_niche_9_841,Zhuang-ABCA-1.099,Zhuang-ABCA-3.004,3
2060,quest_scgpt,Zhuang-ABCA-1.099_query_niche_9_841,Zhuang-ABCA-1.099,Zhuang-ABCA-3.004,3
2061,gene_expr_quest,Zhuang-ABCA-1.099_query_niche_9_841,Zhuang-ABCA-1.099,Zhuang-ABCA-3.005,3
2062,scgpt,Zhuang-ABCA-1.099_query_niche_9_841,Zhuang-ABCA-1.099,Zhuang-ABCA-3.005,3
2063,gene_expr,Zhuang-ABCA-1.099_query_niche_9_841,Zhuang-ABCA-1.099,Zhuang-ABCA-3.005,3
2064,quest_scgpt,Zhuang-ABCA-1.099_query_niche_9_841,Zhuang-ABCA-1.099,Zhuang-ABCA-3.005,3
2065,gene_expr_quest,Zhuang-ABCA-1.099_query_niche_15_785,Zhuang-ABCA-1.099,Zhuang-ABCA-1.096,3
2066,scgpt,Zhuang-ABCA-1.099_query_niche_15_785,Zhuang-ABCA-1.099,Zhuang-ABCA-1.096,3
2067,gene_expr,Zhuang-ABCA-1.099_query_niche_15_785,Zhuang-ABCA-1.099,Zhuang-ABCA-1.096,3
2068,quest_scgpt,Zhuang-ABCA-1.099_query_niche_15_785,Zhuang-ABCA-1.099,Zhuang-ABCA-1.096,3
2069,gene_expr_quest,Zhuang-ABCA-1.099_query_niche_15_785,Zhuang-ABCA-1.099,Zhuang-ABCA-1.097,3
2070,scgpt,Zhuang-ABCA-1.099_query_niche_15_785,Zhuang-ABCA-1.099,Zhuang-ABCA-1.097,3
2071,gene_expr,Zhuang-ABCA-1.099_query_niche_15_785,Zhuang-ABCA-1.099,Zhuang-ABCA-1.097,3
2072,quest_scgpt,Zhuang-ABCA-1.099_query_niche_15_785,Zhuang-ABCA-1.099,Zhuang-ABCA-1.097,3
2073,gene_expr_quest,Zhuang-ABCA-1.099_query_niche_15_785,Zhuang-ABCA-1.099,Zhuang-ABCA-1.098,3
2074,scgpt,Zhuang-ABCA-1.099_query_niche_15_785,Zhuang-ABCA-1.099,Zhuang-ABCA-1.098,3
2075,gene_expr,Zhuang-ABCA-1.099_query_niche_15_785,Zhuang-ABCA-1.099,Zhuang-ABCA-1.098,3
2076,quest_scgpt,Zhuang-ABCA-1.099_query_niche_15_785,Zhuang-ABCA-1.099,Zhuang-ABCA-1.098,3
2077,gene_expr_quest,Zhuang-ABCA-1.099_query_niche_15_785,Zhuang-ABCA-1.099,Zhuang-ABCA-1.099,3
2078,scgpt,Zhuang-ABCA-1.099_query_niche_15_785,Zhuang-ABCA-1.099,Zhuang-ABCA-1.099,3
2079,gene_expr,Zhuang-ABCA-1.099_query_niche_15_785,Zhuang-ABCA-1.099,Zhuang-ABCA-1.099,3
2080,quest_scgpt,Zhuang-ABCA-1.099_query_niche_15_785,Zhuang-ABCA-1.099,Zhuang-ABCA-1.099,3
2081,gene_expr_quest,Zhuang-ABCA-1.099_query_niche_15_785,Zhuang-ABCA-1.099,C57BL6J-638850.28,3
2082,scgpt,Zhuang-ABCA-1.099_query_niche_15_785,Zhuang-ABCA-1.099,C57BL6J-638850.28,3
2083,gene_expr,Zhuang-ABCA-1.099_query_niche_15_785,Zhuang-ABCA-1.099,C57BL6J-638850.28,3
2084,quest_scgpt,Zhuang-ABCA-1.099_query_niche_15_785,Zhuang-ABCA-1.099,C57BL6J-638850.28,3
2085,gene_expr_quest,Zhuang-ABCA-1.099_query_niche_15_785,Zhuang-ABCA-1.099,C57BL6J-638850.29,3
2086,scgpt,Zhuang-ABCA-1.099_query_niche_15_785,Zhuang-ABCA-1.099,C57BL6J-638850.29,3
2087,gene_expr,Zhuang-ABCA-1.099_query_niche_15_785,Zhuang-ABCA-1.099,C57BL6J-638850.29,3
2088,quest_scgpt,Zhuang-ABCA-1.099_query_niche_15_785,Zhuang-ABCA-1.099,C57BL6J-638850.29,3
2089,gene_expr_quest,Zhuang-ABCA-1.099_query_niche_15_785,Zhuang-ABCA-1.099,C57BL6J-638850.30,3
2090,scgpt,Zhuang-ABCA-1.099_query_niche_15_785,Zhuang-ABCA-1.099,C57BL6J-638850.30,3
2091,gene_expr,Zhuang-ABCA-1.099_query_niche_15_785,Zhuang-ABCA-1.099,C57BL6J-638850.30,3
2092,quest_scgpt,Zhuang-ABCA-1.099_query_niche_15_785,Zhuang-ABCA-1.099,C57BL6J-638850.30,3
2093,gene_expr_quest,Zhuang-ABCA-1.099_query_niche_15_785,Zhuang-ABCA-1.099,C57BL6J-638850.31,3
2094,scgpt,Zhuang-ABCA-1.099_query_niche_15_785,Zhuang-ABCA-1.099,C57BL6J-638850.31,3
2095,gene_expr,Zhuang-ABCA-1.099_query_niche_15_785,Zhuang-ABCA-1.099,C57BL6J-638850.31,3
2096,quest_scgpt,Zhuang-ABCA-1.099_query_niche_15_785,Zhuang-ABCA-1.099,C57BL6J-638850.31,3
2097,gene_expr_quest,Zhuang-ABCA-1.099_query_niche_15_785,Zhuang-ABCA-1.099,Zhuang-ABCA-3.001,3
2098,scgpt,Zhuang-ABCA-1.099_query_niche_15_785,Zhuang-ABCA-1.099,Zhuang-ABCA-3.001,3
2099,gene_expr,Zhuang-ABCA-1.099_query_niche_15_785,Zhuang-ABCA-1.099,Zhuang-ABCA-3.001,3
2100,quest_scgpt,Zhuang-ABCA-1.099_query_niche_15_785,Zhuang-ABCA-1.099,Zhuang-ABCA-3.001,3
2101,gene_expr_quest,Zhuang-ABCA-1.099_query_niche_15_785,Zhuang-ABCA-1.099,Zhuang-ABCA-3.002,3
2102,scgpt,Zhuang-ABCA-1.099_query_niche_15_785,Zhuang-ABCA-1.099,Zhuang-ABCA-3.002,3
2103,gene_expr,Zhuang-ABCA-1.099_query_niche_15_785,Zhuang-ABCA-1.099,Zhuang-ABCA-3.002,3
2104,quest_scgpt,Zhuang-ABCA-1.099_query_niche_15_785,Zhuang-ABCA-1.099,Zhuang-ABCA-3.002,3
2105,gene_expr_quest,Zhuang-ABCA-1.099_query_niche_15_785,Zhuang-ABCA-1.099,Zhuang-ABCA-3.004,3
2106,scgpt,Zhuang-ABCA-1.099_query_niche_15_785,Zhuang-ABCA-1.099,Zhuang-ABCA-3.004,3
2107,gene_expr,Zhuang-ABCA-1.099_query_niche_15_785,Zhuang-ABCA-1.099,Zhuang-ABCA-3.004,3
2108,quest_scgpt,Zhuang-ABCA-1.099_query_niche_15_785,Zhuang-ABCA-1.099,Zhuang-ABCA-3.004,3
2109,gene_expr_quest,Zhuang-ABCA-1.099_query_niche_15_785,Zhuang-ABCA-1.099,Zhuang-ABCA-3.005,3
2110,scgpt,Zhuang-ABCA-1.099_query_niche_15_785,Zhuang-ABCA-1.099,Zhuang-ABCA-3.005,3
2111,gene_expr,Zhuang-ABCA-1.099_query_niche_15_785,Zhuang-ABCA-1.099,Zhuang-ABCA-3.005,3
2112,quest_scgpt,Zhuang-ABCA-1.099_query_niche_15_785,Zhuang-ABCA-1.099,Zhuang-ABCA-3.005,3
