query_id,embedding_type,query_niche_id,source_slice,target_slice,niche_query_k
1,quest_gene_expr,large_simple_niche_1019171910101420741,C57BL6J-638850.28,C57BL6J-638850.29,3
2,quest_gene_expr,large_simple_niche_1019171910101420741,C57BL6J-638850.28,C57BL6J-638850.30,3
3,quest_gene_expr,large_simple_niche_1019171910101420741,C57BL6J-638850.28,C57BL6J-638850.31,3
4,quest_gene_expr,large_simple_niche_1019171910101420741,C57BL6J-638850.28,Zhuang-ABCA-1.096,3
5,quest_gene_expr,large_simple_niche_1019171910101420741,C57BL6J-638850.28,Zhuang-ABCA-1.097,3
6,quest_gene_expr,large_simple_niche_1019171910101420741,C57BL6J-638850.28,Zhuang-ABCA-1.098,3
7,quest_gene_expr,large_simple_niche_1019171910101420741,C57BL6J-638850.28,Zhuang-ABCA-1.099,3
8,quest_gene_expr,large_simple_niche_1019171910101420741,C57BL6J-638850.28,Zhuang-ABCA-3.001,3
9,quest_gene_expr,large_simple_niche_1019171910101420741,C57BL6J-638850.28,Zhuang-ABCA-3.002,3
10,quest_gene_expr,large_simple_niche_1019171910101420741,C57BL6J-638850.28,Zhuang-ABCA-3.004,3
11,quest_gene_expr,large_simple_niche_1019171910101420741,C57BL6J-638850.28,Zhuang-ABCA-3.005,3
12,quest_scgpt,large_simple_niche_1019171910101420741,C57BL6J-638850.28,C57BL6J-638850.29,3
13,quest_scgpt,large_simple_niche_1019171910101420741,C57BL6J-638850.28,C57BL6J-638850.30,3
14,quest_scgpt,large_simple_niche_1019171910101420741,C57BL6J-638850.28,C57BL6J-638850.31,3
15,quest_scgpt,large_simple_niche_1019171910101420741,C57BL6J-638850.28,Zhuang-ABCA-1.096,3
16,quest_scgpt,large_simple_niche_1019171910101420741,C57BL6J-638850.28,Zhuang-ABCA-1.097,3
17,quest_scgpt,large_simple_niche_1019171910101420741,C57BL6J-638850.28,Zhuang-ABCA-1.098,3
18,quest_scgpt,large_simple_niche_1019171910101420741,C57BL6J-638850.28,Zhuang-ABCA-1.099,3
19,quest_scgpt,large_simple_niche_1019171910101420741,C57BL6J-638850.28,Zhuang-ABCA-3.001,3
20,quest_scgpt,large_simple_niche_1019171910101420741,C57BL6J-638850.28,Zhuang-ABCA-3.002,3
21,quest_scgpt,large_simple_niche_1019171910101420741,C57BL6J-638850.28,Zhuang-ABCA-3.004,3
22,quest_scgpt,large_simple_niche_1019171910101420741,C57BL6J-638850.28,Zhuang-ABCA-3.005,3
23,scgpt,large_simple_niche_1019171910101420741,C57BL6J-638850.28,C57BL6J-638850.29,3
24,scgpt,large_simple_niche_1019171910101420741,C57BL6J-638850.28,C57BL6J-638850.30,3
25,scgpt,large_simple_niche_1019171910101420741,C57BL6J-638850.28,C57BL6J-638850.31,3
26,scgpt,large_simple_niche_1019171910101420741,C57BL6J-638850.28,Zhuang-ABCA-1.096,3
27,scgpt,large_simple_niche_1019171910101420741,C57BL6J-638850.28,Zhuang-ABCA-1.097,3
28,scgpt,large_simple_niche_1019171910101420741,C57BL6J-638850.28,Zhuang-ABCA-1.098,3
29,scgpt,large_simple_niche_1019171910101420741,C57BL6J-638850.28,Zhuang-ABCA-1.099,3
30,scgpt,large_simple_niche_1019171910101420741,C57BL6J-638850.28,Zhuang-ABCA-3.001,3
31,scgpt,large_simple_niche_1019171910101420741,C57BL6J-638850.28,Zhuang-ABCA-3.002,3
32,scgpt,large_simple_niche_1019171910101420741,C57BL6J-638850.28,Zhuang-ABCA-3.004,3
33,scgpt,large_simple_niche_1019171910101420741,C57BL6J-638850.28,Zhuang-ABCA-3.005,3
34,gene_expr,large_simple_niche_1019171910101420741,C57BL6J-638850.28,C57BL6J-638850.29,3
35,gene_expr,large_simple_niche_1019171910101420741,C57BL6J-638850.28,C57BL6J-638850.30,3
36,gene_expr,large_simple_niche_1019171910101420741,C57BL6J-638850.28,C57BL6J-638850.31,3
37,gene_expr,large_simple_niche_1019171910101420741,C57BL6J-638850.28,Zhuang-ABCA-1.096,3
38,gene_expr,large_simple_niche_1019171910101420741,C57BL6J-638850.28,Zhuang-ABCA-1.097,3
39,gene_expr,large_simple_niche_1019171910101420741,C57BL6J-638850.28,Zhuang-ABCA-1.098,3
40,gene_expr,large_simple_niche_1019171910101420741,C57BL6J-638850.28,Zhuang-ABCA-1.099,3
41,gene_expr,large_simple_niche_1019171910101420741,C57BL6J-638850.28,Zhuang-ABCA-3.001,3
42,gene_expr,large_simple_niche_1019171910101420741,C57BL6J-638850.28,Zhuang-ABCA-3.002,3
43,gene_expr,large_simple_niche_1019171910101420741,C57BL6J-638850.28,Zhuang-ABCA-3.004,3
44,gene_expr,large_simple_niche_1019171910101420741,C57BL6J-638850.28,Zhuang-ABCA-3.005,3
45,quest_gene_expr,large_simple_niche_1019171910101760420,C57BL6J-638850.28,C57BL6J-638850.29,3
46,quest_gene_expr,large_simple_niche_1019171910101760420,C57BL6J-638850.28,C57BL6J-638850.30,3
47,quest_gene_expr,large_simple_niche_1019171910101760420,C57BL6J-638850.28,C57BL6J-638850.31,3
48,quest_gene_expr,large_simple_niche_1019171910101760420,C57BL6J-638850.28,Zhuang-ABCA-1.096,3
49,quest_gene_expr,large_simple_niche_1019171910101760420,C57BL6J-638850.28,Zhuang-ABCA-1.097,3
50,quest_gene_expr,large_simple_niche_1019171910101760420,C57BL6J-638850.28,Zhuang-ABCA-1.098,3
51,quest_gene_expr,large_simple_niche_1019171910101760420,C57BL6J-638850.28,Zhuang-ABCA-1.099,3
52,quest_gene_expr,large_simple_niche_1019171910101760420,C57BL6J-638850.28,Zhuang-ABCA-3.001,3
53,quest_gene_expr,large_simple_niche_1019171910101760420,C57BL6J-638850.28,Zhuang-ABCA-3.002,3
54,quest_gene_expr,large_simple_niche_1019171910101760420,C57BL6J-638850.28,Zhuang-ABCA-3.004,3
55,quest_gene_expr,large_simple_niche_1019171910101760420,C57BL6J-638850.28,Zhuang-ABCA-3.005,3
56,quest_scgpt,large_simple_niche_1019171910101760420,C57BL6J-638850.28,C57BL6J-638850.29,3
57,quest_scgpt,large_simple_niche_1019171910101760420,C57BL6J-638850.28,C57BL6J-638850.30,3
58,quest_scgpt,large_simple_niche_1019171910101760420,C57BL6J-638850.28,C57BL6J-638850.31,3
59,quest_scgpt,large_simple_niche_1019171910101760420,C57BL6J-638850.28,Zhuang-ABCA-1.096,3
60,quest_scgpt,large_simple_niche_1019171910101760420,C57BL6J-638850.28,Zhuang-ABCA-1.097,3
61,quest_scgpt,large_simple_niche_1019171910101760420,C57BL6J-638850.28,Zhuang-ABCA-1.098,3
62,quest_scgpt,large_simple_niche_1019171910101760420,C57BL6J-638850.28,Zhuang-ABCA-1.099,3
63,quest_scgpt,large_simple_niche_1019171910101760420,C57BL6J-638850.28,Zhuang-ABCA-3.001,3
64,quest_scgpt,large_simple_niche_1019171910101760420,C57BL6J-638850.28,Zhuang-ABCA-3.002,3
65,quest_scgpt,large_simple_niche_1019171910101760420,C57BL6J-638850.28,Zhuang-ABCA-3.004,3
66,quest_scgpt,large_simple_niche_1019171910101760420,C57BL6J-638850.28,Zhuang-ABCA-3.005,3
67,scgpt,large_simple_niche_1019171910101760420,C57BL6J-638850.28,C57BL6J-638850.29,3
68,scgpt,large_simple_niche_1019171910101760420,C57BL6J-638850.28,C57BL6J-638850.30,3
69,scgpt,large_simple_niche_1019171910101760420,C57BL6J-638850.28,C57BL6J-638850.31,3
70,scgpt,large_simple_niche_1019171910101760420,C57BL6J-638850.28,Zhuang-ABCA-1.096,3
71,scgpt,large_simple_niche_1019171910101760420,C57BL6J-638850.28,Zhuang-ABCA-1.097,3
72,scgpt,large_simple_niche_1019171910101760420,C57BL6J-638850.28,Zhuang-ABCA-1.098,3
73,scgpt,large_simple_niche_1019171910101760420,C57BL6J-638850.28,Zhuang-ABCA-1.099,3
74,scgpt,large_simple_niche_1019171910101760420,C57BL6J-638850.28,Zhuang-ABCA-3.001,3
75,scgpt,large_simple_niche_1019171910101760420,C57BL6J-638850.28,Zhuang-ABCA-3.002,3
76,scgpt,large_simple_niche_1019171910101760420,C57BL6J-638850.28,Zhuang-ABCA-3.004,3
77,scgpt,large_simple_niche_1019171910101760420,C57BL6J-638850.28,Zhuang-ABCA-3.005,3
78,gene_expr,large_simple_niche_1019171910101760420,C57BL6J-638850.28,C57BL6J-638850.29,3
79,gene_expr,large_simple_niche_1019171910101760420,C57BL6J-638850.28,C57BL6J-638850.30,3
80,gene_expr,large_simple_niche_1019171910101760420,C57BL6J-638850.28,C57BL6J-638850.31,3
81,gene_expr,large_simple_niche_1019171910101760420,C57BL6J-638850.28,Zhuang-ABCA-1.096,3
82,gene_expr,large_simple_niche_1019171910101760420,C57BL6J-638850.28,Zhuang-ABCA-1.097,3
83,gene_expr,large_simple_niche_1019171910101760420,C57BL6J-638850.28,Zhuang-ABCA-1.098,3
84,gene_expr,large_simple_niche_1019171910101760420,C57BL6J-638850.28,Zhuang-ABCA-1.099,3
85,gene_expr,large_simple_niche_1019171910101760420,C57BL6J-638850.28,Zhuang-ABCA-3.001,3
86,gene_expr,large_simple_niche_1019171910101760420,C57BL6J-638850.28,Zhuang-ABCA-3.002,3
87,gene_expr,large_simple_niche_1019171910101760420,C57BL6J-638850.28,Zhuang-ABCA-3.004,3
88,gene_expr,large_simple_niche_1019171910101760420,C57BL6J-638850.28,Zhuang-ABCA-3.005,3
89,quest_gene_expr,large_simple_niche_1019171910102020454,C57BL6J-638850.28,C57BL6J-638850.29,3
90,quest_gene_expr,large_simple_niche_1019171910102020454,C57BL6J-638850.28,C57BL6J-638850.30,3
91,quest_gene_expr,large_simple_niche_1019171910102020454,C57BL6J-638850.28,C57BL6J-638850.31,3
92,quest_gene_expr,large_simple_niche_1019171910102020454,C57BL6J-638850.28,Zhuang-ABCA-1.096,3
93,quest_gene_expr,large_simple_niche_1019171910102020454,C57BL6J-638850.28,Zhuang-ABCA-1.097,3
94,quest_gene_expr,large_simple_niche_1019171910102020454,C57BL6J-638850.28,Zhuang-ABCA-1.098,3
95,quest_gene_expr,large_simple_niche_1019171910102020454,C57BL6J-638850.28,Zhuang-ABCA-1.099,3
96,quest_gene_expr,large_simple_niche_1019171910102020454,C57BL6J-638850.28,Zhuang-ABCA-3.001,3
97,quest_gene_expr,large_simple_niche_1019171910102020454,C57BL6J-638850.28,Zhuang-ABCA-3.002,3
98,quest_gene_expr,large_simple_niche_1019171910102020454,C57BL6J-638850.28,Zhuang-ABCA-3.004,3
99,quest_gene_expr,large_simple_niche_1019171910102020454,C57BL6J-638850.28,Zhuang-ABCA-3.005,3
100,quest_scgpt,large_simple_niche_1019171910102020454,C57BL6J-638850.28,C57BL6J-638850.29,3
101,quest_scgpt,large_simple_niche_1019171910102020454,C57BL6J-638850.28,C57BL6J-638850.30,3
102,quest_scgpt,large_simple_niche_1019171910102020454,C57BL6J-638850.28,C57BL6J-638850.31,3
103,quest_scgpt,large_simple_niche_1019171910102020454,C57BL6J-638850.28,Zhuang-ABCA-1.096,3
104,quest_scgpt,large_simple_niche_1019171910102020454,C57BL6J-638850.28,Zhuang-ABCA-1.097,3
105,quest_scgpt,large_simple_niche_1019171910102020454,C57BL6J-638850.28,Zhuang-ABCA-1.098,3
106,quest_scgpt,large_simple_niche_1019171910102020454,C57BL6J-638850.28,Zhuang-ABCA-1.099,3
107,quest_scgpt,large_simple_niche_1019171910102020454,C57BL6J-638850.28,Zhuang-ABCA-3.001,3
108,quest_scgpt,large_simple_niche_1019171910102020454,C57BL6J-638850.28,Zhuang-ABCA-3.002,3
109,quest_scgpt,large_simple_niche_1019171910102020454,C57BL6J-638850.28,Zhuang-ABCA-3.004,3
110,quest_scgpt,large_simple_niche_1019171910102020454,C57BL6J-638850.28,Zhuang-ABCA-3.005,3
111,scgpt,large_simple_niche_1019171910102020454,C57BL6J-638850.28,C57BL6J-638850.29,3
112,scgpt,large_simple_niche_1019171910102020454,C57BL6J-638850.28,C57BL6J-638850.30,3
113,scgpt,large_simple_niche_1019171910102020454,C57BL6J-638850.28,C57BL6J-638850.31,3
114,scgpt,large_simple_niche_1019171910102020454,C57BL6J-638850.28,Zhuang-ABCA-1.096,3
115,scgpt,large_simple_niche_1019171910102020454,C57BL6J-638850.28,Zhuang-ABCA-1.097,3
116,scgpt,large_simple_niche_1019171910102020454,C57BL6J-638850.28,Zhuang-ABCA-1.098,3
117,scgpt,large_simple_niche_1019171910102020454,C57BL6J-638850.28,Zhuang-ABCA-1.099,3
118,scgpt,large_simple_niche_1019171910102020454,C57BL6J-638850.28,Zhuang-ABCA-3.001,3
119,scgpt,large_simple_niche_1019171910102020454,C57BL6J-638850.28,Zhuang-ABCA-3.002,3
120,scgpt,large_simple_niche_1019171910102020454,C57BL6J-638850.28,Zhuang-ABCA-3.004,3
121,scgpt,large_simple_niche_1019171910102020454,C57BL6J-638850.28,Zhuang-ABCA-3.005,3
122,gene_expr,large_simple_niche_1019171910102020454,C57BL6J-638850.28,C57BL6J-638850.29,3
123,gene_expr,large_simple_niche_1019171910102020454,C57BL6J-638850.28,C57BL6J-638850.30,3
124,gene_expr,large_simple_niche_1019171910102020454,C57BL6J-638850.28,C57BL6J-638850.31,3
125,gene_expr,large_simple_niche_1019171910102020454,C57BL6J-638850.28,Zhuang-ABCA-1.096,3
126,gene_expr,large_simple_niche_1019171910102020454,C57BL6J-638850.28,Zhuang-ABCA-1.097,3
127,gene_expr,large_simple_niche_1019171910102020454,C57BL6J-638850.28,Zhuang-ABCA-1.098,3
128,gene_expr,large_simple_niche_1019171910102020454,C57BL6J-638850.28,Zhuang-ABCA-1.099,3
129,gene_expr,large_simple_niche_1019171910102020454,C57BL6J-638850.28,Zhuang-ABCA-3.001,3
130,gene_expr,large_simple_niche_1019171910102020454,C57BL6J-638850.28,Zhuang-ABCA-3.002,3
131,gene_expr,large_simple_niche_1019171910102020454,C57BL6J-638850.28,Zhuang-ABCA-3.004,3
132,gene_expr,large_simple_niche_1019171910102020454,C57BL6J-638850.28,Zhuang-ABCA-3.005,3
133,quest_gene_expr,large_simple_niche_1019171910102590036,C57BL6J-638850.28,C57BL6J-638850.29,3
134,quest_gene_expr,large_simple_niche_1019171910102590036,C57BL6J-638850.28,C57BL6J-638850.30,3
135,quest_gene_expr,large_simple_niche_1019171910102590036,C57BL6J-638850.28,C57BL6J-638850.31,3
136,quest_gene_expr,large_simple_niche_1019171910102590036,C57BL6J-638850.28,Zhuang-ABCA-1.096,3
137,quest_gene_expr,large_simple_niche_1019171910102590036,C57BL6J-638850.28,Zhuang-ABCA-1.097,3
138,quest_gene_expr,large_simple_niche_1019171910102590036,C57BL6J-638850.28,Zhuang-ABCA-1.098,3
139,quest_gene_expr,large_simple_niche_1019171910102590036,C57BL6J-638850.28,Zhuang-ABCA-1.099,3
140,quest_gene_expr,large_simple_niche_1019171910102590036,C57BL6J-638850.28,Zhuang-ABCA-3.001,3
141,quest_gene_expr,large_simple_niche_1019171910102590036,C57BL6J-638850.28,Zhuang-ABCA-3.002,3
142,quest_gene_expr,large_simple_niche_1019171910102590036,C57BL6J-638850.28,Zhuang-ABCA-3.004,3
143,quest_gene_expr,large_simple_niche_1019171910102590036,C57BL6J-638850.28,Zhuang-ABCA-3.005,3
144,quest_scgpt,large_simple_niche_1019171910102590036,C57BL6J-638850.28,C57BL6J-638850.29,3
145,quest_scgpt,large_simple_niche_1019171910102590036,C57BL6J-638850.28,C57BL6J-638850.30,3
146,quest_scgpt,large_simple_niche_1019171910102590036,C57BL6J-638850.28,C57BL6J-638850.31,3
147,quest_scgpt,large_simple_niche_1019171910102590036,C57BL6J-638850.28,Zhuang-ABCA-1.096,3
148,quest_scgpt,large_simple_niche_1019171910102590036,C57BL6J-638850.28,Zhuang-ABCA-1.097,3
149,quest_scgpt,large_simple_niche_1019171910102590036,C57BL6J-638850.28,Zhuang-ABCA-1.098,3
150,quest_scgpt,large_simple_niche_1019171910102590036,C57BL6J-638850.28,Zhuang-ABCA-1.099,3
151,quest_scgpt,large_simple_niche_1019171910102590036,C57BL6J-638850.28,Zhuang-ABCA-3.001,3
152,quest_scgpt,large_simple_niche_1019171910102590036,C57BL6J-638850.28,Zhuang-ABCA-3.002,3
153,quest_scgpt,large_simple_niche_1019171910102590036,C57BL6J-638850.28,Zhuang-ABCA-3.004,3
154,quest_scgpt,large_simple_niche_1019171910102590036,C57BL6J-638850.28,Zhuang-ABCA-3.005,3
155,scgpt,large_simple_niche_1019171910102590036,C57BL6J-638850.28,C57BL6J-638850.29,3
156,scgpt,large_simple_niche_1019171910102590036,C57BL6J-638850.28,C57BL6J-638850.30,3
157,scgpt,large_simple_niche_1019171910102590036,C57BL6J-638850.28,C57BL6J-638850.31,3
158,scgpt,large_simple_niche_1019171910102590036,C57BL6J-638850.28,Zhuang-ABCA-1.096,3
159,scgpt,large_simple_niche_1019171910102590036,C57BL6J-638850.28,Zhuang-ABCA-1.097,3
160,scgpt,large_simple_niche_1019171910102590036,C57BL6J-638850.28,Zhuang-ABCA-1.098,3
161,scgpt,large_simple_niche_1019171910102590036,C57BL6J-638850.28,Zhuang-ABCA-1.099,3
162,scgpt,large_simple_niche_1019171910102590036,C57BL6J-638850.28,Zhuang-ABCA-3.001,3
163,scgpt,large_simple_niche_1019171910102590036,C57BL6J-638850.28,Zhuang-ABCA-3.002,3
164,scgpt,large_simple_niche_1019171910102590036,C57BL6J-638850.28,Zhuang-ABCA-3.004,3
165,scgpt,large_simple_niche_1019171910102590036,C57BL6J-638850.28,Zhuang-ABCA-3.005,3
166,gene_expr,large_simple_niche_1019171910102590036,C57BL6J-638850.28,C57BL6J-638850.29,3
167,gene_expr,large_simple_niche_1019171910102590036,C57BL6J-638850.28,C57BL6J-638850.30,3
168,gene_expr,large_simple_niche_1019171910102590036,C57BL6J-638850.28,C57BL6J-638850.31,3
169,gene_expr,large_simple_niche_1019171910102590036,C57BL6J-638850.28,Zhuang-ABCA-1.096,3
170,gene_expr,large_simple_niche_1019171910102590036,C57BL6J-638850.28,Zhuang-ABCA-1.097,3
171,gene_expr,large_simple_niche_1019171910102590036,C57BL6J-638850.28,Zhuang-ABCA-1.098,3
172,gene_expr,large_simple_niche_1019171910102590036,C57BL6J-638850.28,Zhuang-ABCA-1.099,3
173,gene_expr,large_simple_niche_1019171910102590036,C57BL6J-638850.28,Zhuang-ABCA-3.001,3
174,gene_expr,large_simple_niche_1019171910102590036,C57BL6J-638850.28,Zhuang-ABCA-3.002,3
175,gene_expr,large_simple_niche_1019171910102590036,C57BL6J-638850.28,Zhuang-ABCA-3.004,3
176,gene_expr,large_simple_niche_1019171910102590036,C57BL6J-638850.28,Zhuang-ABCA-3.005,3
177,quest_gene_expr,large_simple_niche_1019171907101550547,C57BL6J-638850.29,C57BL6J-638850.28,3
178,quest_gene_expr,large_simple_niche_1019171907101550547,C57BL6J-638850.29,C57BL6J-638850.30,3
179,quest_gene_expr,large_simple_niche_1019171907101550547,C57BL6J-638850.29,C57BL6J-638850.31,3
180,quest_gene_expr,large_simple_niche_1019171907101550547,C57BL6J-638850.29,Zhuang-ABCA-1.096,3
181,quest_gene_expr,large_simple_niche_1019171907101550547,C57BL6J-638850.29,Zhuang-ABCA-1.097,3
182,quest_gene_expr,large_simple_niche_1019171907101550547,C57BL6J-638850.29,Zhuang-ABCA-1.098,3
183,quest_gene_expr,large_simple_niche_1019171907101550547,C57BL6J-638850.29,Zhuang-ABCA-1.099,3
184,quest_gene_expr,large_simple_niche_1019171907101550547,C57BL6J-638850.29,Zhuang-ABCA-3.001,3
185,quest_gene_expr,large_simple_niche_1019171907101550547,C57BL6J-638850.29,Zhuang-ABCA-3.002,3
186,quest_gene_expr,large_simple_niche_1019171907101550547,C57BL6J-638850.29,Zhuang-ABCA-3.004,3
187,quest_gene_expr,large_simple_niche_1019171907101550547,C57BL6J-638850.29,Zhuang-ABCA-3.005,3
188,quest_scgpt,large_simple_niche_1019171907101550547,C57BL6J-638850.29,C57BL6J-638850.28,3
189,quest_scgpt,large_simple_niche_1019171907101550547,C57BL6J-638850.29,C57BL6J-638850.30,3
190,quest_scgpt,large_simple_niche_1019171907101550547,C57BL6J-638850.29,C57BL6J-638850.31,3
191,quest_scgpt,large_simple_niche_1019171907101550547,C57BL6J-638850.29,Zhuang-ABCA-1.096,3
192,quest_scgpt,large_simple_niche_1019171907101550547,C57BL6J-638850.29,Zhuang-ABCA-1.097,3
193,quest_scgpt,large_simple_niche_1019171907101550547,C57BL6J-638850.29,Zhuang-ABCA-1.098,3
194,quest_scgpt,large_simple_niche_1019171907101550547,C57BL6J-638850.29,Zhuang-ABCA-1.099,3
195,quest_scgpt,large_simple_niche_1019171907101550547,C57BL6J-638850.29,Zhuang-ABCA-3.001,3
196,quest_scgpt,large_simple_niche_1019171907101550547,C57BL6J-638850.29,Zhuang-ABCA-3.002,3
197,quest_scgpt,large_simple_niche_1019171907101550547,C57BL6J-638850.29,Zhuang-ABCA-3.004,3
198,quest_scgpt,large_simple_niche_1019171907101550547,C57BL6J-638850.29,Zhuang-ABCA-3.005,3
199,scgpt,large_simple_niche_1019171907101550547,C57BL6J-638850.29,C57BL6J-638850.28,3
200,scgpt,large_simple_niche_1019171907101550547,C57BL6J-638850.29,C57BL6J-638850.30,3
201,scgpt,large_simple_niche_1019171907101550547,C57BL6J-638850.29,C57BL6J-638850.31,3
202,scgpt,large_simple_niche_1019171907101550547,C57BL6J-638850.29,Zhuang-ABCA-1.096,3
203,scgpt,large_simple_niche_1019171907101550547,C57BL6J-638850.29,Zhuang-ABCA-1.097,3
204,scgpt,large_simple_niche_1019171907101550547,C57BL6J-638850.29,Zhuang-ABCA-1.098,3
205,scgpt,large_simple_niche_1019171907101550547,C57BL6J-638850.29,Zhuang-ABCA-1.099,3
206,scgpt,large_simple_niche_1019171907101550547,C57BL6J-638850.29,Zhuang-ABCA-3.001,3
207,scgpt,large_simple_niche_1019171907101550547,C57BL6J-638850.29,Zhuang-ABCA-3.002,3
208,scgpt,large_simple_niche_1019171907101550547,C57BL6J-638850.29,Zhuang-ABCA-3.004,3
209,scgpt,large_simple_niche_1019171907101550547,C57BL6J-638850.29,Zhuang-ABCA-3.005,3
210,gene_expr,large_simple_niche_1019171907101550547,C57BL6J-638850.29,C57BL6J-638850.28,3
211,gene_expr,large_simple_niche_1019171907101550547,C57BL6J-638850.29,C57BL6J-638850.30,3
212,gene_expr,large_simple_niche_1019171907101550547,C57BL6J-638850.29,C57BL6J-638850.31,3
213,gene_expr,large_simple_niche_1019171907101550547,C57BL6J-638850.29,Zhuang-ABCA-1.096,3
214,gene_expr,large_simple_niche_1019171907101550547,C57BL6J-638850.29,Zhuang-ABCA-1.097,3
215,gene_expr,large_simple_niche_1019171907101550547,C57BL6J-638850.29,Zhuang-ABCA-1.098,3
216,gene_expr,large_simple_niche_1019171907101550547,C57BL6J-638850.29,Zhuang-ABCA-1.099,3
217,gene_expr,large_simple_niche_1019171907101550547,C57BL6J-638850.29,Zhuang-ABCA-3.001,3
218,gene_expr,large_simple_niche_1019171907101550547,C57BL6J-638850.29,Zhuang-ABCA-3.002,3
219,gene_expr,large_simple_niche_1019171907101550547,C57BL6J-638850.29,Zhuang-ABCA-3.004,3
220,gene_expr,large_simple_niche_1019171907101550547,C57BL6J-638850.29,Zhuang-ABCA-3.005,3
221,quest_gene_expr,large_simple_niche_1019171907101610134,C57BL6J-638850.29,C57BL6J-638850.28,3
222,quest_gene_expr,large_simple_niche_1019171907101610134,C57BL6J-638850.29,C57BL6J-638850.30,3
223,quest_gene_expr,large_simple_niche_1019171907101610134,C57BL6J-638850.29,C57BL6J-638850.31,3
224,quest_gene_expr,large_simple_niche_1019171907101610134,C57BL6J-638850.29,Zhuang-ABCA-1.096,3
225,quest_gene_expr,large_simple_niche_1019171907101610134,C57BL6J-638850.29,Zhuang-ABCA-1.097,3
226,quest_gene_expr,large_simple_niche_1019171907101610134,C57BL6J-638850.29,Zhuang-ABCA-1.098,3
227,quest_gene_expr,large_simple_niche_1019171907101610134,C57BL6J-638850.29,Zhuang-ABCA-1.099,3
228,quest_gene_expr,large_simple_niche_1019171907101610134,C57BL6J-638850.29,Zhuang-ABCA-3.001,3
229,quest_gene_expr,large_simple_niche_1019171907101610134,C57BL6J-638850.29,Zhuang-ABCA-3.002,3
230,quest_gene_expr,large_simple_niche_1019171907101610134,C57BL6J-638850.29,Zhuang-ABCA-3.004,3
231,quest_gene_expr,large_simple_niche_1019171907101610134,C57BL6J-638850.29,Zhuang-ABCA-3.005,3
232,quest_scgpt,large_simple_niche_1019171907101610134,C57BL6J-638850.29,C57BL6J-638850.28,3
233,quest_scgpt,large_simple_niche_1019171907101610134,C57BL6J-638850.29,C57BL6J-638850.30,3
234,quest_scgpt,large_simple_niche_1019171907101610134,C57BL6J-638850.29,C57BL6J-638850.31,3
235,quest_scgpt,large_simple_niche_1019171907101610134,C57BL6J-638850.29,Zhuang-ABCA-1.096,3
236,quest_scgpt,large_simple_niche_1019171907101610134,C57BL6J-638850.29,Zhuang-ABCA-1.097,3
237,quest_scgpt,large_simple_niche_1019171907101610134,C57BL6J-638850.29,Zhuang-ABCA-1.098,3
238,quest_scgpt,large_simple_niche_1019171907101610134,C57BL6J-638850.29,Zhuang-ABCA-1.099,3
239,quest_scgpt,large_simple_niche_1019171907101610134,C57BL6J-638850.29,Zhuang-ABCA-3.001,3
240,quest_scgpt,large_simple_niche_1019171907101610134,C57BL6J-638850.29,Zhuang-ABCA-3.002,3
241,quest_scgpt,large_simple_niche_1019171907101610134,C57BL6J-638850.29,Zhuang-ABCA-3.004,3
242,quest_scgpt,large_simple_niche_1019171907101610134,C57BL6J-638850.29,Zhuang-ABCA-3.005,3
243,scgpt,large_simple_niche_1019171907101610134,C57BL6J-638850.29,C57BL6J-638850.28,3
244,scgpt,large_simple_niche_1019171907101610134,C57BL6J-638850.29,C57BL6J-638850.30,3
245,scgpt,large_simple_niche_1019171907101610134,C57BL6J-638850.29,C57BL6J-638850.31,3
246,scgpt,large_simple_niche_1019171907101610134,C57BL6J-638850.29,Zhuang-ABCA-1.096,3
247,scgpt,large_simple_niche_1019171907101610134,C57BL6J-638850.29,Zhuang-ABCA-1.097,3
248,scgpt,large_simple_niche_1019171907101610134,C57BL6J-638850.29,Zhuang-ABCA-1.098,3
249,scgpt,large_simple_niche_1019171907101610134,C57BL6J-638850.29,Zhuang-ABCA-1.099,3
250,scgpt,large_simple_niche_1019171907101610134,C57BL6J-638850.29,Zhuang-ABCA-3.001,3
251,scgpt,large_simple_niche_1019171907101610134,C57BL6J-638850.29,Zhuang-ABCA-3.002,3
252,scgpt,large_simple_niche_1019171907101610134,C57BL6J-638850.29,Zhuang-ABCA-3.004,3
253,scgpt,large_simple_niche_1019171907101610134,C57BL6J-638850.29,Zhuang-ABCA-3.005,3
254,gene_expr,large_simple_niche_1019171907101610134,C57BL6J-638850.29,C57BL6J-638850.28,3
255,gene_expr,large_simple_niche_1019171907101610134,C57BL6J-638850.29,C57BL6J-638850.30,3
256,gene_expr,large_simple_niche_1019171907101610134,C57BL6J-638850.29,C57BL6J-638850.31,3
257,gene_expr,large_simple_niche_1019171907101610134,C57BL6J-638850.29,Zhuang-ABCA-1.096,3
258,gene_expr,large_simple_niche_1019171907101610134,C57BL6J-638850.29,Zhuang-ABCA-1.097,3
259,gene_expr,large_simple_niche_1019171907101610134,C57BL6J-638850.29,Zhuang-ABCA-1.098,3
260,gene_expr,large_simple_niche_1019171907101610134,C57BL6J-638850.29,Zhuang-ABCA-1.099,3
261,gene_expr,large_simple_niche_1019171907101610134,C57BL6J-638850.29,Zhuang-ABCA-3.001,3
262,gene_expr,large_simple_niche_1019171907101610134,C57BL6J-638850.29,Zhuang-ABCA-3.002,3
263,gene_expr,large_simple_niche_1019171907101610134,C57BL6J-638850.29,Zhuang-ABCA-3.004,3
264,gene_expr,large_simple_niche_1019171907101610134,C57BL6J-638850.29,Zhuang-ABCA-3.005,3
265,quest_gene_expr,large_simple_niche_1019171907101880289,C57BL6J-638850.29,C57BL6J-638850.28,3
266,quest_gene_expr,large_simple_niche_1019171907101880289,C57BL6J-638850.29,C57BL6J-638850.30,3
267,quest_gene_expr,large_simple_niche_1019171907101880289,C57BL6J-638850.29,C57BL6J-638850.31,3
268,quest_gene_expr,large_simple_niche_1019171907101880289,C57BL6J-638850.29,Zhuang-ABCA-1.096,3
269,quest_gene_expr,large_simple_niche_1019171907101880289,C57BL6J-638850.29,Zhuang-ABCA-1.097,3
270,quest_gene_expr,large_simple_niche_1019171907101880289,C57BL6J-638850.29,Zhuang-ABCA-1.098,3
271,quest_gene_expr,large_simple_niche_1019171907101880289,C57BL6J-638850.29,Zhuang-ABCA-1.099,3
272,quest_gene_expr,large_simple_niche_1019171907101880289,C57BL6J-638850.29,Zhuang-ABCA-3.001,3
273,quest_gene_expr,large_simple_niche_1019171907101880289,C57BL6J-638850.29,Zhuang-ABCA-3.002,3
274,quest_gene_expr,large_simple_niche_1019171907101880289,C57BL6J-638850.29,Zhuang-ABCA-3.004,3
275,quest_gene_expr,large_simple_niche_1019171907101880289,C57BL6J-638850.29,Zhuang-ABCA-3.005,3
276,quest_scgpt,large_simple_niche_1019171907101880289,C57BL6J-638850.29,C57BL6J-638850.28,3
277,quest_scgpt,large_simple_niche_1019171907101880289,C57BL6J-638850.29,C57BL6J-638850.30,3
278,quest_scgpt,large_simple_niche_1019171907101880289,C57BL6J-638850.29,C57BL6J-638850.31,3
279,quest_scgpt,large_simple_niche_1019171907101880289,C57BL6J-638850.29,Zhuang-ABCA-1.096,3
280,quest_scgpt,large_simple_niche_1019171907101880289,C57BL6J-638850.29,Zhuang-ABCA-1.097,3
281,quest_scgpt,large_simple_niche_1019171907101880289,C57BL6J-638850.29,Zhuang-ABCA-1.098,3
282,quest_scgpt,large_simple_niche_1019171907101880289,C57BL6J-638850.29,Zhuang-ABCA-1.099,3
283,quest_scgpt,large_simple_niche_1019171907101880289,C57BL6J-638850.29,Zhuang-ABCA-3.001,3
284,quest_scgpt,large_simple_niche_1019171907101880289,C57BL6J-638850.29,Zhuang-ABCA-3.002,3
285,quest_scgpt,large_simple_niche_1019171907101880289,C57BL6J-638850.29,Zhuang-ABCA-3.004,3
286,quest_scgpt,large_simple_niche_1019171907101880289,C57BL6J-638850.29,Zhuang-ABCA-3.005,3
287,scgpt,large_simple_niche_1019171907101880289,C57BL6J-638850.29,C57BL6J-638850.28,3
288,scgpt,large_simple_niche_1019171907101880289,C57BL6J-638850.29,C57BL6J-638850.30,3
289,scgpt,large_simple_niche_1019171907101880289,C57BL6J-638850.29,C57BL6J-638850.31,3
290,scgpt,large_simple_niche_1019171907101880289,C57BL6J-638850.29,Zhuang-ABCA-1.096,3
291,scgpt,large_simple_niche_1019171907101880289,C57BL6J-638850.29,Zhuang-ABCA-1.097,3
292,scgpt,large_simple_niche_1019171907101880289,C57BL6J-638850.29,Zhuang-ABCA-1.098,3
293,scgpt,large_simple_niche_1019171907101880289,C57BL6J-638850.29,Zhuang-ABCA-1.099,3
294,scgpt,large_simple_niche_1019171907101880289,C57BL6J-638850.29,Zhuang-ABCA-3.001,3
295,scgpt,large_simple_niche_1019171907101880289,C57BL6J-638850.29,Zhuang-ABCA-3.002,3
296,scgpt,large_simple_niche_1019171907101880289,C57BL6J-638850.29,Zhuang-ABCA-3.004,3
297,scgpt,large_simple_niche_1019171907101880289,C57BL6J-638850.29,Zhuang-ABCA-3.005,3
298,gene_expr,large_simple_niche_1019171907101880289,C57BL6J-638850.29,C57BL6J-638850.28,3
299,gene_expr,large_simple_niche_1019171907101880289,C57BL6J-638850.29,C57BL6J-638850.30,3
300,gene_expr,large_simple_niche_1019171907101880289,C57BL6J-638850.29,C57BL6J-638850.31,3
301,gene_expr,large_simple_niche_1019171907101880289,C57BL6J-638850.29,Zhuang-ABCA-1.096,3
302,gene_expr,large_simple_niche_1019171907101880289,C57BL6J-638850.29,Zhuang-ABCA-1.097,3
303,gene_expr,large_simple_niche_1019171907101880289,C57BL6J-638850.29,Zhuang-ABCA-1.098,3
304,gene_expr,large_simple_niche_1019171907101880289,C57BL6J-638850.29,Zhuang-ABCA-1.099,3
305,gene_expr,large_simple_niche_1019171907101880289,C57BL6J-638850.29,Zhuang-ABCA-3.001,3
306,gene_expr,large_simple_niche_1019171907101880289,C57BL6J-638850.29,Zhuang-ABCA-3.002,3
307,gene_expr,large_simple_niche_1019171907101880289,C57BL6J-638850.29,Zhuang-ABCA-3.004,3
308,gene_expr,large_simple_niche_1019171907101880289,C57BL6J-638850.29,Zhuang-ABCA-3.005,3
309,quest_gene_expr,large_simple_niche_1018093344101090631-2,C57BL6J-638850.30,C57BL6J-638850.28,3
310,quest_gene_expr,large_simple_niche_1018093344101090631-2,C57BL6J-638850.30,C57BL6J-638850.29,3
311,quest_gene_expr,large_simple_niche_1018093344101090631-2,C57BL6J-638850.30,C57BL6J-638850.31,3
312,quest_gene_expr,large_simple_niche_1018093344101090631-2,C57BL6J-638850.30,Zhuang-ABCA-1.096,3
313,quest_gene_expr,large_simple_niche_1018093344101090631-2,C57BL6J-638850.30,Zhuang-ABCA-1.097,3
314,quest_gene_expr,large_simple_niche_1018093344101090631-2,C57BL6J-638850.30,Zhuang-ABCA-1.098,3
315,quest_gene_expr,large_simple_niche_1018093344101090631-2,C57BL6J-638850.30,Zhuang-ABCA-1.099,3
316,quest_gene_expr,large_simple_niche_1018093344101090631-2,C57BL6J-638850.30,Zhuang-ABCA-3.001,3
317,quest_gene_expr,large_simple_niche_1018093344101090631-2,C57BL6J-638850.30,Zhuang-ABCA-3.002,3
318,quest_gene_expr,large_simple_niche_1018093344101090631-2,C57BL6J-638850.30,Zhuang-ABCA-3.004,3
319,quest_gene_expr,large_simple_niche_1018093344101090631-2,C57BL6J-638850.30,Zhuang-ABCA-3.005,3
320,quest_scgpt,large_simple_niche_1018093344101090631-2,C57BL6J-638850.30,C57BL6J-638850.28,3
321,quest_scgpt,large_simple_niche_1018093344101090631-2,C57BL6J-638850.30,C57BL6J-638850.29,3
322,quest_scgpt,large_simple_niche_1018093344101090631-2,C57BL6J-638850.30,C57BL6J-638850.31,3
323,quest_scgpt,large_simple_niche_1018093344101090631-2,C57BL6J-638850.30,Zhuang-ABCA-1.096,3
324,quest_scgpt,large_simple_niche_1018093344101090631-2,C57BL6J-638850.30,Zhuang-ABCA-1.097,3
325,quest_scgpt,large_simple_niche_1018093344101090631-2,C57BL6J-638850.30,Zhuang-ABCA-1.098,3
326,quest_scgpt,large_simple_niche_1018093344101090631-2,C57BL6J-638850.30,Zhuang-ABCA-1.099,3
327,quest_scgpt,large_simple_niche_1018093344101090631-2,C57BL6J-638850.30,Zhuang-ABCA-3.001,3
328,quest_scgpt,large_simple_niche_1018093344101090631-2,C57BL6J-638850.30,Zhuang-ABCA-3.002,3
329,quest_scgpt,large_simple_niche_1018093344101090631-2,C57BL6J-638850.30,Zhuang-ABCA-3.004,3
330,quest_scgpt,large_simple_niche_1018093344101090631-2,C57BL6J-638850.30,Zhuang-ABCA-3.005,3
331,scgpt,large_simple_niche_1018093344101090631-2,C57BL6J-638850.30,C57BL6J-638850.28,3
332,scgpt,large_simple_niche_1018093344101090631-2,C57BL6J-638850.30,C57BL6J-638850.29,3
333,scgpt,large_simple_niche_1018093344101090631-2,C57BL6J-638850.30,C57BL6J-638850.31,3
334,scgpt,large_simple_niche_1018093344101090631-2,C57BL6J-638850.30,Zhuang-ABCA-1.096,3
335,scgpt,large_simple_niche_1018093344101090631-2,C57BL6J-638850.30,Zhuang-ABCA-1.097,3
336,scgpt,large_simple_niche_1018093344101090631-2,C57BL6J-638850.30,Zhuang-ABCA-1.098,3
337,scgpt,large_simple_niche_1018093344101090631-2,C57BL6J-638850.30,Zhuang-ABCA-1.099,3
338,scgpt,large_simple_niche_1018093344101090631-2,C57BL6J-638850.30,Zhuang-ABCA-3.001,3
339,scgpt,large_simple_niche_1018093344101090631-2,C57BL6J-638850.30,Zhuang-ABCA-3.002,3
340,scgpt,large_simple_niche_1018093344101090631-2,C57BL6J-638850.30,Zhuang-ABCA-3.004,3
341,scgpt,large_simple_niche_1018093344101090631-2,C57BL6J-638850.30,Zhuang-ABCA-3.005,3
342,gene_expr,large_simple_niche_1018093344101090631-2,C57BL6J-638850.30,C57BL6J-638850.28,3
343,gene_expr,large_simple_niche_1018093344101090631-2,C57BL6J-638850.30,C57BL6J-638850.29,3
344,gene_expr,large_simple_niche_1018093344101090631-2,C57BL6J-638850.30,C57BL6J-638850.31,3
345,gene_expr,large_simple_niche_1018093344101090631-2,C57BL6J-638850.30,Zhuang-ABCA-1.096,3
346,gene_expr,large_simple_niche_1018093344101090631-2,C57BL6J-638850.30,Zhuang-ABCA-1.097,3
347,gene_expr,large_simple_niche_1018093344101090631-2,C57BL6J-638850.30,Zhuang-ABCA-1.098,3
348,gene_expr,large_simple_niche_1018093344101090631-2,C57BL6J-638850.30,Zhuang-ABCA-1.099,3
349,gene_expr,large_simple_niche_1018093344101090631-2,C57BL6J-638850.30,Zhuang-ABCA-3.001,3
350,gene_expr,large_simple_niche_1018093344101090631-2,C57BL6J-638850.30,Zhuang-ABCA-3.002,3
351,gene_expr,large_simple_niche_1018093344101090631-2,C57BL6J-638850.30,Zhuang-ABCA-3.004,3
352,gene_expr,large_simple_niche_1018093344101090631-2,C57BL6J-638850.30,Zhuang-ABCA-3.005,3
353,quest_gene_expr,large_simple_niche_1018093344101280317-4,C57BL6J-638850.30,C57BL6J-638850.28,3
354,quest_gene_expr,large_simple_niche_1018093344101280317-4,C57BL6J-638850.30,C57BL6J-638850.29,3
355,quest_gene_expr,large_simple_niche_1018093344101280317-4,C57BL6J-638850.30,C57BL6J-638850.31,3
356,quest_gene_expr,large_simple_niche_1018093344101280317-4,C57BL6J-638850.30,Zhuang-ABCA-1.096,3
357,quest_gene_expr,large_simple_niche_1018093344101280317-4,C57BL6J-638850.30,Zhuang-ABCA-1.097,3
358,quest_gene_expr,large_simple_niche_1018093344101280317-4,C57BL6J-638850.30,Zhuang-ABCA-1.098,3
359,quest_gene_expr,large_simple_niche_1018093344101280317-4,C57BL6J-638850.30,Zhuang-ABCA-1.099,3
360,quest_gene_expr,large_simple_niche_1018093344101280317-4,C57BL6J-638850.30,Zhuang-ABCA-3.001,3
361,quest_gene_expr,large_simple_niche_1018093344101280317-4,C57BL6J-638850.30,Zhuang-ABCA-3.002,3
362,quest_gene_expr,large_simple_niche_1018093344101280317-4,C57BL6J-638850.30,Zhuang-ABCA-3.004,3
363,quest_gene_expr,large_simple_niche_1018093344101280317-4,C57BL6J-638850.30,Zhuang-ABCA-3.005,3
364,quest_scgpt,large_simple_niche_1018093344101280317-4,C57BL6J-638850.30,C57BL6J-638850.28,3
365,quest_scgpt,large_simple_niche_1018093344101280317-4,C57BL6J-638850.30,C57BL6J-638850.29,3
366,quest_scgpt,large_simple_niche_1018093344101280317-4,C57BL6J-638850.30,C57BL6J-638850.31,3
367,quest_scgpt,large_simple_niche_1018093344101280317-4,C57BL6J-638850.30,Zhuang-ABCA-1.096,3
368,quest_scgpt,large_simple_niche_1018093344101280317-4,C57BL6J-638850.30,Zhuang-ABCA-1.097,3
369,quest_scgpt,large_simple_niche_1018093344101280317-4,C57BL6J-638850.30,Zhuang-ABCA-1.098,3
370,quest_scgpt,large_simple_niche_1018093344101280317-4,C57BL6J-638850.30,Zhuang-ABCA-1.099,3
371,quest_scgpt,large_simple_niche_1018093344101280317-4,C57BL6J-638850.30,Zhuang-ABCA-3.001,3
372,quest_scgpt,large_simple_niche_1018093344101280317-4,C57BL6J-638850.30,Zhuang-ABCA-3.002,3
373,quest_scgpt,large_simple_niche_1018093344101280317-4,C57BL6J-638850.30,Zhuang-ABCA-3.004,3
374,quest_scgpt,large_simple_niche_1018093344101280317-4,C57BL6J-638850.30,Zhuang-ABCA-3.005,3
375,scgpt,large_simple_niche_1018093344101280317-4,C57BL6J-638850.30,C57BL6J-638850.28,3
376,scgpt,large_simple_niche_1018093344101280317-4,C57BL6J-638850.30,C57BL6J-638850.29,3
377,scgpt,large_simple_niche_1018093344101280317-4,C57BL6J-638850.30,C57BL6J-638850.31,3
378,scgpt,large_simple_niche_1018093344101280317-4,C57BL6J-638850.30,Zhuang-ABCA-1.096,3
379,scgpt,large_simple_niche_1018093344101280317-4,C57BL6J-638850.30,Zhuang-ABCA-1.097,3
380,scgpt,large_simple_niche_1018093344101280317-4,C57BL6J-638850.30,Zhuang-ABCA-1.098,3
381,scgpt,large_simple_niche_1018093344101280317-4,C57BL6J-638850.30,Zhuang-ABCA-1.099,3
382,scgpt,large_simple_niche_1018093344101280317-4,C57BL6J-638850.30,Zhuang-ABCA-3.001,3
383,scgpt,large_simple_niche_1018093344101280317-4,C57BL6J-638850.30,Zhuang-ABCA-3.002,3
384,scgpt,large_simple_niche_1018093344101280317-4,C57BL6J-638850.30,Zhuang-ABCA-3.004,3
385,scgpt,large_simple_niche_1018093344101280317-4,C57BL6J-638850.30,Zhuang-ABCA-3.005,3
386,gene_expr,large_simple_niche_1018093344101280317-4,C57BL6J-638850.30,C57BL6J-638850.28,3
387,gene_expr,large_simple_niche_1018093344101280317-4,C57BL6J-638850.30,C57BL6J-638850.29,3
388,gene_expr,large_simple_niche_1018093344101280317-4,C57BL6J-638850.30,C57BL6J-638850.31,3
389,gene_expr,large_simple_niche_1018093344101280317-4,C57BL6J-638850.30,Zhuang-ABCA-1.096,3
390,gene_expr,large_simple_niche_1018093344101280317-4,C57BL6J-638850.30,Zhuang-ABCA-1.097,3
391,gene_expr,large_simple_niche_1018093344101280317-4,C57BL6J-638850.30,Zhuang-ABCA-1.098,3
392,gene_expr,large_simple_niche_1018093344101280317-4,C57BL6J-638850.30,Zhuang-ABCA-1.099,3
393,gene_expr,large_simple_niche_1018093344101280317-4,C57BL6J-638850.30,Zhuang-ABCA-3.001,3
394,gene_expr,large_simple_niche_1018093344101280317-4,C57BL6J-638850.30,Zhuang-ABCA-3.002,3
395,gene_expr,large_simple_niche_1018093344101280317-4,C57BL6J-638850.30,Zhuang-ABCA-3.004,3
396,gene_expr,large_simple_niche_1018093344101280317-4,C57BL6J-638850.30,Zhuang-ABCA-3.005,3
397,quest_gene_expr,large_simple_niche_1018093344101400431-5,C57BL6J-638850.30,C57BL6J-638850.28,3
398,quest_gene_expr,large_simple_niche_1018093344101400431-5,C57BL6J-638850.30,C57BL6J-638850.29,3
399,quest_gene_expr,large_simple_niche_1018093344101400431-5,C57BL6J-638850.30,C57BL6J-638850.31,3
400,quest_gene_expr,large_simple_niche_1018093344101400431-5,C57BL6J-638850.30,Zhuang-ABCA-1.096,3
401,quest_gene_expr,large_simple_niche_1018093344101400431-5,C57BL6J-638850.30,Zhuang-ABCA-1.097,3
402,quest_gene_expr,large_simple_niche_1018093344101400431-5,C57BL6J-638850.30,Zhuang-ABCA-1.098,3
403,quest_gene_expr,large_simple_niche_1018093344101400431-5,C57BL6J-638850.30,Zhuang-ABCA-1.099,3
404,quest_gene_expr,large_simple_niche_1018093344101400431-5,C57BL6J-638850.30,Zhuang-ABCA-3.001,3
405,quest_gene_expr,large_simple_niche_1018093344101400431-5,C57BL6J-638850.30,Zhuang-ABCA-3.002,3
406,quest_gene_expr,large_simple_niche_1018093344101400431-5,C57BL6J-638850.30,Zhuang-ABCA-3.004,3
407,quest_gene_expr,large_simple_niche_1018093344101400431-5,C57BL6J-638850.30,Zhuang-ABCA-3.005,3
408,quest_scgpt,large_simple_niche_1018093344101400431-5,C57BL6J-638850.30,C57BL6J-638850.28,3
409,quest_scgpt,large_simple_niche_1018093344101400431-5,C57BL6J-638850.30,C57BL6J-638850.29,3
410,quest_scgpt,large_simple_niche_1018093344101400431-5,C57BL6J-638850.30,C57BL6J-638850.31,3
411,quest_scgpt,large_simple_niche_1018093344101400431-5,C57BL6J-638850.30,Zhuang-ABCA-1.096,3
412,quest_scgpt,large_simple_niche_1018093344101400431-5,C57BL6J-638850.30,Zhuang-ABCA-1.097,3
413,quest_scgpt,large_simple_niche_1018093344101400431-5,C57BL6J-638850.30,Zhuang-ABCA-1.098,3
414,quest_scgpt,large_simple_niche_1018093344101400431-5,C57BL6J-638850.30,Zhuang-ABCA-1.099,3
415,quest_scgpt,large_simple_niche_1018093344101400431-5,C57BL6J-638850.30,Zhuang-ABCA-3.001,3
416,quest_scgpt,large_simple_niche_1018093344101400431-5,C57BL6J-638850.30,Zhuang-ABCA-3.002,3
417,quest_scgpt,large_simple_niche_1018093344101400431-5,C57BL6J-638850.30,Zhuang-ABCA-3.004,3
418,quest_scgpt,large_simple_niche_1018093344101400431-5,C57BL6J-638850.30,Zhuang-ABCA-3.005,3
419,scgpt,large_simple_niche_1018093344101400431-5,C57BL6J-638850.30,C57BL6J-638850.28,3
420,scgpt,large_simple_niche_1018093344101400431-5,C57BL6J-638850.30,C57BL6J-638850.29,3
421,scgpt,large_simple_niche_1018093344101400431-5,C57BL6J-638850.30,C57BL6J-638850.31,3
422,scgpt,large_simple_niche_1018093344101400431-5,C57BL6J-638850.30,Zhuang-ABCA-1.096,3
423,scgpt,large_simple_niche_1018093344101400431-5,C57BL6J-638850.30,Zhuang-ABCA-1.097,3
424,scgpt,large_simple_niche_1018093344101400431-5,C57BL6J-638850.30,Zhuang-ABCA-1.098,3
425,scgpt,large_simple_niche_1018093344101400431-5,C57BL6J-638850.30,Zhuang-ABCA-1.099,3
426,scgpt,large_simple_niche_1018093344101400431-5,C57BL6J-638850.30,Zhuang-ABCA-3.001,3
427,scgpt,large_simple_niche_1018093344101400431-5,C57BL6J-638850.30,Zhuang-ABCA-3.002,3
428,scgpt,large_simple_niche_1018093344101400431-5,C57BL6J-638850.30,Zhuang-ABCA-3.004,3
429,scgpt,large_simple_niche_1018093344101400431-5,C57BL6J-638850.30,Zhuang-ABCA-3.005,3
430,gene_expr,large_simple_niche_1018093344101400431-5,C57BL6J-638850.30,C57BL6J-638850.28,3
431,gene_expr,large_simple_niche_1018093344101400431-5,C57BL6J-638850.30,C57BL6J-638850.29,3
432,gene_expr,large_simple_niche_1018093344101400431-5,C57BL6J-638850.30,C57BL6J-638850.31,3
433,gene_expr,large_simple_niche_1018093344101400431-5,C57BL6J-638850.30,Zhuang-ABCA-1.096,3
434,gene_expr,large_simple_niche_1018093344101400431-5,C57BL6J-638850.30,Zhuang-ABCA-1.097,3
435,gene_expr,large_simple_niche_1018093344101400431-5,C57BL6J-638850.30,Zhuang-ABCA-1.098,3
436,gene_expr,large_simple_niche_1018093344101400431-5,C57BL6J-638850.30,Zhuang-ABCA-1.099,3
437,gene_expr,large_simple_niche_1018093344101400431-5,C57BL6J-638850.30,Zhuang-ABCA-3.001,3
438,gene_expr,large_simple_niche_1018093344101400431-5,C57BL6J-638850.30,Zhuang-ABCA-3.002,3
439,gene_expr,large_simple_niche_1018093344101400431-5,C57BL6J-638850.30,Zhuang-ABCA-3.004,3
440,gene_expr,large_simple_niche_1018093344101400431-5,C57BL6J-638850.30,Zhuang-ABCA-3.005,3
441,quest_gene_expr,large_simple_niche_1018093344101580701-1,C57BL6J-638850.30,C57BL6J-638850.28,3
442,quest_gene_expr,large_simple_niche_1018093344101580701-1,C57BL6J-638850.30,C57BL6J-638850.29,3
443,quest_gene_expr,large_simple_niche_1018093344101580701-1,C57BL6J-638850.30,C57BL6J-638850.31,3
444,quest_gene_expr,large_simple_niche_1018093344101580701-1,C57BL6J-638850.30,Zhuang-ABCA-1.096,3
445,quest_gene_expr,large_simple_niche_1018093344101580701-1,C57BL6J-638850.30,Zhuang-ABCA-1.097,3
446,quest_gene_expr,large_simple_niche_1018093344101580701-1,C57BL6J-638850.30,Zhuang-ABCA-1.098,3
447,quest_gene_expr,large_simple_niche_1018093344101580701-1,C57BL6J-638850.30,Zhuang-ABCA-1.099,3
448,quest_gene_expr,large_simple_niche_1018093344101580701-1,C57BL6J-638850.30,Zhuang-ABCA-3.001,3
449,quest_gene_expr,large_simple_niche_1018093344101580701-1,C57BL6J-638850.30,Zhuang-ABCA-3.002,3
450,quest_gene_expr,large_simple_niche_1018093344101580701-1,C57BL6J-638850.30,Zhuang-ABCA-3.004,3
451,quest_gene_expr,large_simple_niche_1018093344101580701-1,C57BL6J-638850.30,Zhuang-ABCA-3.005,3
452,quest_scgpt,large_simple_niche_1018093344101580701-1,C57BL6J-638850.30,C57BL6J-638850.28,3
453,quest_scgpt,large_simple_niche_1018093344101580701-1,C57BL6J-638850.30,C57BL6J-638850.29,3
454,quest_scgpt,large_simple_niche_1018093344101580701-1,C57BL6J-638850.30,C57BL6J-638850.31,3
455,quest_scgpt,large_simple_niche_1018093344101580701-1,C57BL6J-638850.30,Zhuang-ABCA-1.096,3
456,quest_scgpt,large_simple_niche_1018093344101580701-1,C57BL6J-638850.30,Zhuang-ABCA-1.097,3
457,quest_scgpt,large_simple_niche_1018093344101580701-1,C57BL6J-638850.30,Zhuang-ABCA-1.098,3
458,quest_scgpt,large_simple_niche_1018093344101580701-1,C57BL6J-638850.30,Zhuang-ABCA-1.099,3
459,quest_scgpt,large_simple_niche_1018093344101580701-1,C57BL6J-638850.30,Zhuang-ABCA-3.001,3
460,quest_scgpt,large_simple_niche_1018093344101580701-1,C57BL6J-638850.30,Zhuang-ABCA-3.002,3
461,quest_scgpt,large_simple_niche_1018093344101580701-1,C57BL6J-638850.30,Zhuang-ABCA-3.004,3
462,quest_scgpt,large_simple_niche_1018093344101580701-1,C57BL6J-638850.30,Zhuang-ABCA-3.005,3
463,scgpt,large_simple_niche_1018093344101580701-1,C57BL6J-638850.30,C57BL6J-638850.28,3
464,scgpt,large_simple_niche_1018093344101580701-1,C57BL6J-638850.30,C57BL6J-638850.29,3
465,scgpt,large_simple_niche_1018093344101580701-1,C57BL6J-638850.30,C57BL6J-638850.31,3
466,scgpt,large_simple_niche_1018093344101580701-1,C57BL6J-638850.30,Zhuang-ABCA-1.096,3
467,scgpt,large_simple_niche_1018093344101580701-1,C57BL6J-638850.30,Zhuang-ABCA-1.097,3
468,scgpt,large_simple_niche_1018093344101580701-1,C57BL6J-638850.30,Zhuang-ABCA-1.098,3
469,scgpt,large_simple_niche_1018093344101580701-1,C57BL6J-638850.30,Zhuang-ABCA-1.099,3
470,scgpt,large_simple_niche_1018093344101580701-1,C57BL6J-638850.30,Zhuang-ABCA-3.001,3
471,scgpt,large_simple_niche_1018093344101580701-1,C57BL6J-638850.30,Zhuang-ABCA-3.002,3
472,scgpt,large_simple_niche_1018093344101580701-1,C57BL6J-638850.30,Zhuang-ABCA-3.004,3
473,scgpt,large_simple_niche_1018093344101580701-1,C57BL6J-638850.30,Zhuang-ABCA-3.005,3
474,gene_expr,large_simple_niche_1018093344101580701-1,C57BL6J-638850.30,C57BL6J-638850.28,3
475,gene_expr,large_simple_niche_1018093344101580701-1,C57BL6J-638850.30,C57BL6J-638850.29,3
476,gene_expr,large_simple_niche_1018093344101580701-1,C57BL6J-638850.30,C57BL6J-638850.31,3
477,gene_expr,large_simple_niche_1018093344101580701-1,C57BL6J-638850.30,Zhuang-ABCA-1.096,3
478,gene_expr,large_simple_niche_1018093344101580701-1,C57BL6J-638850.30,Zhuang-ABCA-1.097,3
479,gene_expr,large_simple_niche_1018093344101580701-1,C57BL6J-638850.30,Zhuang-ABCA-1.098,3
480,gene_expr,large_simple_niche_1018093344101580701-1,C57BL6J-638850.30,Zhuang-ABCA-1.099,3
481,gene_expr,large_simple_niche_1018093344101580701-1,C57BL6J-638850.30,Zhuang-ABCA-3.001,3
482,gene_expr,large_simple_niche_1018093344101580701-1,C57BL6J-638850.30,Zhuang-ABCA-3.002,3
483,gene_expr,large_simple_niche_1018093344101580701-1,C57BL6J-638850.30,Zhuang-ABCA-3.004,3
484,gene_expr,large_simple_niche_1018093344101580701-1,C57BL6J-638850.30,Zhuang-ABCA-3.005,3
485,quest_gene_expr,large_simple_niche_1018093345101050427,C57BL6J-638850.31,C57BL6J-638850.28,3
486,quest_gene_expr,large_simple_niche_1018093345101050427,C57BL6J-638850.31,C57BL6J-638850.29,3
487,quest_gene_expr,large_simple_niche_1018093345101050427,C57BL6J-638850.31,C57BL6J-638850.30,3
488,quest_gene_expr,large_simple_niche_1018093345101050427,C57BL6J-638850.31,Zhuang-ABCA-1.096,3
489,quest_gene_expr,large_simple_niche_1018093345101050427,C57BL6J-638850.31,Zhuang-ABCA-1.097,3
490,quest_gene_expr,large_simple_niche_1018093345101050427,C57BL6J-638850.31,Zhuang-ABCA-1.098,3
491,quest_gene_expr,large_simple_niche_1018093345101050427,C57BL6J-638850.31,Zhuang-ABCA-1.099,3
492,quest_gene_expr,large_simple_niche_1018093345101050427,C57BL6J-638850.31,Zhuang-ABCA-3.001,3
493,quest_gene_expr,large_simple_niche_1018093345101050427,C57BL6J-638850.31,Zhuang-ABCA-3.002,3
494,quest_gene_expr,large_simple_niche_1018093345101050427,C57BL6J-638850.31,Zhuang-ABCA-3.004,3
495,quest_gene_expr,large_simple_niche_1018093345101050427,C57BL6J-638850.31,Zhuang-ABCA-3.005,3
496,quest_scgpt,large_simple_niche_1018093345101050427,C57BL6J-638850.31,C57BL6J-638850.28,3
497,quest_scgpt,large_simple_niche_1018093345101050427,C57BL6J-638850.31,C57BL6J-638850.29,3
498,quest_scgpt,large_simple_niche_1018093345101050427,C57BL6J-638850.31,C57BL6J-638850.30,3
499,quest_scgpt,large_simple_niche_1018093345101050427,C57BL6J-638850.31,Zhuang-ABCA-1.096,3
500,quest_scgpt,large_simple_niche_1018093345101050427,C57BL6J-638850.31,Zhuang-ABCA-1.097,3
501,quest_scgpt,large_simple_niche_1018093345101050427,C57BL6J-638850.31,Zhuang-ABCA-1.098,3
502,quest_scgpt,large_simple_niche_1018093345101050427,C57BL6J-638850.31,Zhuang-ABCA-1.099,3
503,quest_scgpt,large_simple_niche_1018093345101050427,C57BL6J-638850.31,Zhuang-ABCA-3.001,3
504,quest_scgpt,large_simple_niche_1018093345101050427,C57BL6J-638850.31,Zhuang-ABCA-3.002,3
505,quest_scgpt,large_simple_niche_1018093345101050427,C57BL6J-638850.31,Zhuang-ABCA-3.004,3
506,quest_scgpt,large_simple_niche_1018093345101050427,C57BL6J-638850.31,Zhuang-ABCA-3.005,3
507,scgpt,large_simple_niche_1018093345101050427,C57BL6J-638850.31,C57BL6J-638850.28,3
508,scgpt,large_simple_niche_1018093345101050427,C57BL6J-638850.31,C57BL6J-638850.29,3
509,scgpt,large_simple_niche_1018093345101050427,C57BL6J-638850.31,C57BL6J-638850.30,3
510,scgpt,large_simple_niche_1018093345101050427,C57BL6J-638850.31,Zhuang-ABCA-1.096,3
511,scgpt,large_simple_niche_1018093345101050427,C57BL6J-638850.31,Zhuang-ABCA-1.097,3
512,scgpt,large_simple_niche_1018093345101050427,C57BL6J-638850.31,Zhuang-ABCA-1.098,3
513,scgpt,large_simple_niche_1018093345101050427,C57BL6J-638850.31,Zhuang-ABCA-1.099,3
514,scgpt,large_simple_niche_1018093345101050427,C57BL6J-638850.31,Zhuang-ABCA-3.001,3
515,scgpt,large_simple_niche_1018093345101050427,C57BL6J-638850.31,Zhuang-ABCA-3.002,3
516,scgpt,large_simple_niche_1018093345101050427,C57BL6J-638850.31,Zhuang-ABCA-3.004,3
517,scgpt,large_simple_niche_1018093345101050427,C57BL6J-638850.31,Zhuang-ABCA-3.005,3
518,gene_expr,large_simple_niche_1018093345101050427,C57BL6J-638850.31,C57BL6J-638850.28,3
519,gene_expr,large_simple_niche_1018093345101050427,C57BL6J-638850.31,C57BL6J-638850.29,3
520,gene_expr,large_simple_niche_1018093345101050427,C57BL6J-638850.31,C57BL6J-638850.30,3
521,gene_expr,large_simple_niche_1018093345101050427,C57BL6J-638850.31,Zhuang-ABCA-1.096,3
522,gene_expr,large_simple_niche_1018093345101050427,C57BL6J-638850.31,Zhuang-ABCA-1.097,3
523,gene_expr,large_simple_niche_1018093345101050427,C57BL6J-638850.31,Zhuang-ABCA-1.098,3
524,gene_expr,large_simple_niche_1018093345101050427,C57BL6J-638850.31,Zhuang-ABCA-1.099,3
525,gene_expr,large_simple_niche_1018093345101050427,C57BL6J-638850.31,Zhuang-ABCA-3.001,3
526,gene_expr,large_simple_niche_1018093345101050427,C57BL6J-638850.31,Zhuang-ABCA-3.002,3
527,gene_expr,large_simple_niche_1018093345101050427,C57BL6J-638850.31,Zhuang-ABCA-3.004,3
528,gene_expr,large_simple_niche_1018093345101050427,C57BL6J-638850.31,Zhuang-ABCA-3.005,3
529,quest_gene_expr,large_simple_niche_1018093345101660290,C57BL6J-638850.31,C57BL6J-638850.28,3
530,quest_gene_expr,large_simple_niche_1018093345101660290,C57BL6J-638850.31,C57BL6J-638850.29,3
531,quest_gene_expr,large_simple_niche_1018093345101660290,C57BL6J-638850.31,C57BL6J-638850.30,3
532,quest_gene_expr,large_simple_niche_1018093345101660290,C57BL6J-638850.31,Zhuang-ABCA-1.096,3
533,quest_gene_expr,large_simple_niche_1018093345101660290,C57BL6J-638850.31,Zhuang-ABCA-1.097,3
534,quest_gene_expr,large_simple_niche_1018093345101660290,C57BL6J-638850.31,Zhuang-ABCA-1.098,3
535,quest_gene_expr,large_simple_niche_1018093345101660290,C57BL6J-638850.31,Zhuang-ABCA-1.099,3
536,quest_gene_expr,large_simple_niche_1018093345101660290,C57BL6J-638850.31,Zhuang-ABCA-3.001,3
537,quest_gene_expr,large_simple_niche_1018093345101660290,C57BL6J-638850.31,Zhuang-ABCA-3.002,3
538,quest_gene_expr,large_simple_niche_1018093345101660290,C57BL6J-638850.31,Zhuang-ABCA-3.004,3
539,quest_gene_expr,large_simple_niche_1018093345101660290,C57BL6J-638850.31,Zhuang-ABCA-3.005,3
540,quest_scgpt,large_simple_niche_1018093345101660290,C57BL6J-638850.31,C57BL6J-638850.28,3
541,quest_scgpt,large_simple_niche_1018093345101660290,C57BL6J-638850.31,C57BL6J-638850.29,3
542,quest_scgpt,large_simple_niche_1018093345101660290,C57BL6J-638850.31,C57BL6J-638850.30,3
543,quest_scgpt,large_simple_niche_1018093345101660290,C57BL6J-638850.31,Zhuang-ABCA-1.096,3
544,quest_scgpt,large_simple_niche_1018093345101660290,C57BL6J-638850.31,Zhuang-ABCA-1.097,3
545,quest_scgpt,large_simple_niche_1018093345101660290,C57BL6J-638850.31,Zhuang-ABCA-1.098,3
546,quest_scgpt,large_simple_niche_1018093345101660290,C57BL6J-638850.31,Zhuang-ABCA-1.099,3
547,quest_scgpt,large_simple_niche_1018093345101660290,C57BL6J-638850.31,Zhuang-ABCA-3.001,3
548,quest_scgpt,large_simple_niche_1018093345101660290,C57BL6J-638850.31,Zhuang-ABCA-3.002,3
549,quest_scgpt,large_simple_niche_1018093345101660290,C57BL6J-638850.31,Zhuang-ABCA-3.004,3
550,quest_scgpt,large_simple_niche_1018093345101660290,C57BL6J-638850.31,Zhuang-ABCA-3.005,3
551,scgpt,large_simple_niche_1018093345101660290,C57BL6J-638850.31,C57BL6J-638850.28,3
552,scgpt,large_simple_niche_1018093345101660290,C57BL6J-638850.31,C57BL6J-638850.29,3
553,scgpt,large_simple_niche_1018093345101660290,C57BL6J-638850.31,C57BL6J-638850.30,3
554,scgpt,large_simple_niche_1018093345101660290,C57BL6J-638850.31,Zhuang-ABCA-1.096,3
555,scgpt,large_simple_niche_1018093345101660290,C57BL6J-638850.31,Zhuang-ABCA-1.097,3
556,scgpt,large_simple_niche_1018093345101660290,C57BL6J-638850.31,Zhuang-ABCA-1.098,3
557,scgpt,large_simple_niche_1018093345101660290,C57BL6J-638850.31,Zhuang-ABCA-1.099,3
558,scgpt,large_simple_niche_1018093345101660290,C57BL6J-638850.31,Zhuang-ABCA-3.001,3
559,scgpt,large_simple_niche_1018093345101660290,C57BL6J-638850.31,Zhuang-ABCA-3.002,3
560,scgpt,large_simple_niche_1018093345101660290,C57BL6J-638850.31,Zhuang-ABCA-3.004,3
561,scgpt,large_simple_niche_1018093345101660290,C57BL6J-638850.31,Zhuang-ABCA-3.005,3
562,gene_expr,large_simple_niche_1018093345101660290,C57BL6J-638850.31,C57BL6J-638850.28,3
563,gene_expr,large_simple_niche_1018093345101660290,C57BL6J-638850.31,C57BL6J-638850.29,3
564,gene_expr,large_simple_niche_1018093345101660290,C57BL6J-638850.31,C57BL6J-638850.30,3
565,gene_expr,large_simple_niche_1018093345101660290,C57BL6J-638850.31,Zhuang-ABCA-1.096,3
566,gene_expr,large_simple_niche_1018093345101660290,C57BL6J-638850.31,Zhuang-ABCA-1.097,3
567,gene_expr,large_simple_niche_1018093345101660290,C57BL6J-638850.31,Zhuang-ABCA-1.098,3
568,gene_expr,large_simple_niche_1018093345101660290,C57BL6J-638850.31,Zhuang-ABCA-1.099,3
569,gene_expr,large_simple_niche_1018093345101660290,C57BL6J-638850.31,Zhuang-ABCA-3.001,3
570,gene_expr,large_simple_niche_1018093345101660290,C57BL6J-638850.31,Zhuang-ABCA-3.002,3
571,gene_expr,large_simple_niche_1018093345101660290,C57BL6J-638850.31,Zhuang-ABCA-3.004,3
572,gene_expr,large_simple_niche_1018093345101660290,C57BL6J-638850.31,Zhuang-ABCA-3.005,3
573,quest_gene_expr,large_simple_niche_1018093345101830471,C57BL6J-638850.31,C57BL6J-638850.28,3
574,quest_gene_expr,large_simple_niche_1018093345101830471,C57BL6J-638850.31,C57BL6J-638850.29,3
575,quest_gene_expr,large_simple_niche_1018093345101830471,C57BL6J-638850.31,C57BL6J-638850.30,3
576,quest_gene_expr,large_simple_niche_1018093345101830471,C57BL6J-638850.31,Zhuang-ABCA-1.096,3
577,quest_gene_expr,large_simple_niche_1018093345101830471,C57BL6J-638850.31,Zhuang-ABCA-1.097,3
578,quest_gene_expr,large_simple_niche_1018093345101830471,C57BL6J-638850.31,Zhuang-ABCA-1.098,3
579,quest_gene_expr,large_simple_niche_1018093345101830471,C57BL6J-638850.31,Zhuang-ABCA-1.099,3
580,quest_gene_expr,large_simple_niche_1018093345101830471,C57BL6J-638850.31,Zhuang-ABCA-3.001,3
581,quest_gene_expr,large_simple_niche_1018093345101830471,C57BL6J-638850.31,Zhuang-ABCA-3.002,3
582,quest_gene_expr,large_simple_niche_1018093345101830471,C57BL6J-638850.31,Zhuang-ABCA-3.004,3
583,quest_gene_expr,large_simple_niche_1018093345101830471,C57BL6J-638850.31,Zhuang-ABCA-3.005,3
584,quest_scgpt,large_simple_niche_1018093345101830471,C57BL6J-638850.31,C57BL6J-638850.28,3
585,quest_scgpt,large_simple_niche_1018093345101830471,C57BL6J-638850.31,C57BL6J-638850.29,3
586,quest_scgpt,large_simple_niche_1018093345101830471,C57BL6J-638850.31,C57BL6J-638850.30,3
587,quest_scgpt,large_simple_niche_1018093345101830471,C57BL6J-638850.31,Zhuang-ABCA-1.096,3
588,quest_scgpt,large_simple_niche_1018093345101830471,C57BL6J-638850.31,Zhuang-ABCA-1.097,3
589,quest_scgpt,large_simple_niche_1018093345101830471,C57BL6J-638850.31,Zhuang-ABCA-1.098,3
590,quest_scgpt,large_simple_niche_1018093345101830471,C57BL6J-638850.31,Zhuang-ABCA-1.099,3
591,quest_scgpt,large_simple_niche_1018093345101830471,C57BL6J-638850.31,Zhuang-ABCA-3.001,3
592,quest_scgpt,large_simple_niche_1018093345101830471,C57BL6J-638850.31,Zhuang-ABCA-3.002,3
593,quest_scgpt,large_simple_niche_1018093345101830471,C57BL6J-638850.31,Zhuang-ABCA-3.004,3
594,quest_scgpt,large_simple_niche_1018093345101830471,C57BL6J-638850.31,Zhuang-ABCA-3.005,3
595,scgpt,large_simple_niche_1018093345101830471,C57BL6J-638850.31,C57BL6J-638850.28,3
596,scgpt,large_simple_niche_1018093345101830471,C57BL6J-638850.31,C57BL6J-638850.29,3
597,scgpt,large_simple_niche_1018093345101830471,C57BL6J-638850.31,C57BL6J-638850.30,3
598,scgpt,large_simple_niche_1018093345101830471,C57BL6J-638850.31,Zhuang-ABCA-1.096,3
599,scgpt,large_simple_niche_1018093345101830471,C57BL6J-638850.31,Zhuang-ABCA-1.097,3
600,scgpt,large_simple_niche_1018093345101830471,C57BL6J-638850.31,Zhuang-ABCA-1.098,3
601,scgpt,large_simple_niche_1018093345101830471,C57BL6J-638850.31,Zhuang-ABCA-1.099,3
602,scgpt,large_simple_niche_1018093345101830471,C57BL6J-638850.31,Zhuang-ABCA-3.001,3
603,scgpt,large_simple_niche_1018093345101830471,C57BL6J-638850.31,Zhuang-ABCA-3.002,3
604,scgpt,large_simple_niche_1018093345101830471,C57BL6J-638850.31,Zhuang-ABCA-3.004,3
605,scgpt,large_simple_niche_1018093345101830471,C57BL6J-638850.31,Zhuang-ABCA-3.005,3
606,gene_expr,large_simple_niche_1018093345101830471,C57BL6J-638850.31,C57BL6J-638850.28,3
607,gene_expr,large_simple_niche_1018093345101830471,C57BL6J-638850.31,C57BL6J-638850.29,3
608,gene_expr,large_simple_niche_1018093345101830471,C57BL6J-638850.31,C57BL6J-638850.30,3
609,gene_expr,large_simple_niche_1018093345101830471,C57BL6J-638850.31,Zhuang-ABCA-1.096,3
610,gene_expr,large_simple_niche_1018093345101830471,C57BL6J-638850.31,Zhuang-ABCA-1.097,3
611,gene_expr,large_simple_niche_1018093345101830471,C57BL6J-638850.31,Zhuang-ABCA-1.098,3
612,gene_expr,large_simple_niche_1018093345101830471,C57BL6J-638850.31,Zhuang-ABCA-1.099,3
613,gene_expr,large_simple_niche_1018093345101830471,C57BL6J-638850.31,Zhuang-ABCA-3.001,3
614,gene_expr,large_simple_niche_1018093345101830471,C57BL6J-638850.31,Zhuang-ABCA-3.002,3
615,gene_expr,large_simple_niche_1018093345101830471,C57BL6J-638850.31,Zhuang-ABCA-3.004,3
616,gene_expr,large_simple_niche_1018093345101830471,C57BL6J-638850.31,Zhuang-ABCA-3.005,3
617,quest_gene_expr,large_simple_niche_1018093345102290685,C57BL6J-638850.31,C57BL6J-638850.28,3
618,quest_gene_expr,large_simple_niche_1018093345102290685,C57BL6J-638850.31,C57BL6J-638850.29,3
619,quest_gene_expr,large_simple_niche_1018093345102290685,C57BL6J-638850.31,C57BL6J-638850.30,3
620,quest_gene_expr,large_simple_niche_1018093345102290685,C57BL6J-638850.31,Zhuang-ABCA-1.096,3
621,quest_gene_expr,large_simple_niche_1018093345102290685,C57BL6J-638850.31,Zhuang-ABCA-1.097,3
622,quest_gene_expr,large_simple_niche_1018093345102290685,C57BL6J-638850.31,Zhuang-ABCA-1.098,3
623,quest_gene_expr,large_simple_niche_1018093345102290685,C57BL6J-638850.31,Zhuang-ABCA-1.099,3
624,quest_gene_expr,large_simple_niche_1018093345102290685,C57BL6J-638850.31,Zhuang-ABCA-3.001,3
625,quest_gene_expr,large_simple_niche_1018093345102290685,C57BL6J-638850.31,Zhuang-ABCA-3.002,3
626,quest_gene_expr,large_simple_niche_1018093345102290685,C57BL6J-638850.31,Zhuang-ABCA-3.004,3
627,quest_gene_expr,large_simple_niche_1018093345102290685,C57BL6J-638850.31,Zhuang-ABCA-3.005,3
628,quest_scgpt,large_simple_niche_1018093345102290685,C57BL6J-638850.31,C57BL6J-638850.28,3
629,quest_scgpt,large_simple_niche_1018093345102290685,C57BL6J-638850.31,C57BL6J-638850.29,3
630,quest_scgpt,large_simple_niche_1018093345102290685,C57BL6J-638850.31,C57BL6J-638850.30,3
631,quest_scgpt,large_simple_niche_1018093345102290685,C57BL6J-638850.31,Zhuang-ABCA-1.096,3
632,quest_scgpt,large_simple_niche_1018093345102290685,C57BL6J-638850.31,Zhuang-ABCA-1.097,3
633,quest_scgpt,large_simple_niche_1018093345102290685,C57BL6J-638850.31,Zhuang-ABCA-1.098,3
634,quest_scgpt,large_simple_niche_1018093345102290685,C57BL6J-638850.31,Zhuang-ABCA-1.099,3
635,quest_scgpt,large_simple_niche_1018093345102290685,C57BL6J-638850.31,Zhuang-ABCA-3.001,3
636,quest_scgpt,large_simple_niche_1018093345102290685,C57BL6J-638850.31,Zhuang-ABCA-3.002,3
637,quest_scgpt,large_simple_niche_1018093345102290685,C57BL6J-638850.31,Zhuang-ABCA-3.004,3
638,quest_scgpt,large_simple_niche_1018093345102290685,C57BL6J-638850.31,Zhuang-ABCA-3.005,3
639,scgpt,large_simple_niche_1018093345102290685,C57BL6J-638850.31,C57BL6J-638850.28,3
640,scgpt,large_simple_niche_1018093345102290685,C57BL6J-638850.31,C57BL6J-638850.29,3
641,scgpt,large_simple_niche_1018093345102290685,C57BL6J-638850.31,C57BL6J-638850.30,3
642,scgpt,large_simple_niche_1018093345102290685,C57BL6J-638850.31,Zhuang-ABCA-1.096,3
643,scgpt,large_simple_niche_1018093345102290685,C57BL6J-638850.31,Zhuang-ABCA-1.097,3
644,scgpt,large_simple_niche_1018093345102290685,C57BL6J-638850.31,Zhuang-ABCA-1.098,3
645,scgpt,large_simple_niche_1018093345102290685,C57BL6J-638850.31,Zhuang-ABCA-1.099,3
646,scgpt,large_simple_niche_1018093345102290685,C57BL6J-638850.31,Zhuang-ABCA-3.001,3
647,scgpt,large_simple_niche_1018093345102290685,C57BL6J-638850.31,Zhuang-ABCA-3.002,3
648,scgpt,large_simple_niche_1018093345102290685,C57BL6J-638850.31,Zhuang-ABCA-3.004,3
649,scgpt,large_simple_niche_1018093345102290685,C57BL6J-638850.31,Zhuang-ABCA-3.005,3
650,gene_expr,large_simple_niche_1018093345102290685,C57BL6J-638850.31,C57BL6J-638850.28,3
651,gene_expr,large_simple_niche_1018093345102290685,C57BL6J-638850.31,C57BL6J-638850.29,3
652,gene_expr,large_simple_niche_1018093345102290685,C57BL6J-638850.31,C57BL6J-638850.30,3
653,gene_expr,large_simple_niche_1018093345102290685,C57BL6J-638850.31,Zhuang-ABCA-1.096,3
654,gene_expr,large_simple_niche_1018093345102290685,C57BL6J-638850.31,Zhuang-ABCA-1.097,3
655,gene_expr,large_simple_niche_1018093345102290685,C57BL6J-638850.31,Zhuang-ABCA-1.098,3
656,gene_expr,large_simple_niche_1018093345102290685,C57BL6J-638850.31,Zhuang-ABCA-1.099,3
657,gene_expr,large_simple_niche_1018093345102290685,C57BL6J-638850.31,Zhuang-ABCA-3.001,3
658,gene_expr,large_simple_niche_1018093345102290685,C57BL6J-638850.31,Zhuang-ABCA-3.002,3
659,gene_expr,large_simple_niche_1018093345102290685,C57BL6J-638850.31,Zhuang-ABCA-3.004,3
660,gene_expr,large_simple_niche_1018093345102290685,C57BL6J-638850.31,Zhuang-ABCA-3.005,3
661,quest_gene_expr,large_simple_niche_12253603363894722901030835080459778855,Zhuang-ABCA-1.096,C57BL6J-638850.28,3
662,quest_gene_expr,large_simple_niche_12253603363894722901030835080459778855,Zhuang-ABCA-1.096,C57BL6J-638850.29,3
663,quest_gene_expr,large_simple_niche_12253603363894722901030835080459778855,Zhuang-ABCA-1.096,C57BL6J-638850.30,3
664,quest_gene_expr,large_simple_niche_12253603363894722901030835080459778855,Zhuang-ABCA-1.096,C57BL6J-638850.31,3
665,quest_gene_expr,large_simple_niche_12253603363894722901030835080459778855,Zhuang-ABCA-1.096,Zhuang-ABCA-1.097,3
666,quest_gene_expr,large_simple_niche_12253603363894722901030835080459778855,Zhuang-ABCA-1.096,Zhuang-ABCA-1.098,3
667,quest_gene_expr,large_simple_niche_12253603363894722901030835080459778855,Zhuang-ABCA-1.096,Zhuang-ABCA-1.099,3
668,quest_gene_expr,large_simple_niche_12253603363894722901030835080459778855,Zhuang-ABCA-1.096,Zhuang-ABCA-3.001,3
669,quest_gene_expr,large_simple_niche_12253603363894722901030835080459778855,Zhuang-ABCA-1.096,Zhuang-ABCA-3.002,3
670,quest_gene_expr,large_simple_niche_12253603363894722901030835080459778855,Zhuang-ABCA-1.096,Zhuang-ABCA-3.004,3
671,quest_gene_expr,large_simple_niche_12253603363894722901030835080459778855,Zhuang-ABCA-1.096,Zhuang-ABCA-3.005,3
672,quest_scgpt,large_simple_niche_12253603363894722901030835080459778855,Zhuang-ABCA-1.096,C57BL6J-638850.28,3
673,quest_scgpt,large_simple_niche_12253603363894722901030835080459778855,Zhuang-ABCA-1.096,C57BL6J-638850.29,3
674,quest_scgpt,large_simple_niche_12253603363894722901030835080459778855,Zhuang-ABCA-1.096,C57BL6J-638850.30,3
675,quest_scgpt,large_simple_niche_12253603363894722901030835080459778855,Zhuang-ABCA-1.096,C57BL6J-638850.31,3
676,quest_scgpt,large_simple_niche_12253603363894722901030835080459778855,Zhuang-ABCA-1.096,Zhuang-ABCA-1.097,3
677,quest_scgpt,large_simple_niche_12253603363894722901030835080459778855,Zhuang-ABCA-1.096,Zhuang-ABCA-1.098,3
678,quest_scgpt,large_simple_niche_12253603363894722901030835080459778855,Zhuang-ABCA-1.096,Zhuang-ABCA-1.099,3
679,quest_scgpt,large_simple_niche_12253603363894722901030835080459778855,Zhuang-ABCA-1.096,Zhuang-ABCA-3.001,3
680,quest_scgpt,large_simple_niche_12253603363894722901030835080459778855,Zhuang-ABCA-1.096,Zhuang-ABCA-3.002,3
681,quest_scgpt,large_simple_niche_12253603363894722901030835080459778855,Zhuang-ABCA-1.096,Zhuang-ABCA-3.004,3
682,quest_scgpt,large_simple_niche_12253603363894722901030835080459778855,Zhuang-ABCA-1.096,Zhuang-ABCA-3.005,3
683,scgpt,large_simple_niche_12253603363894722901030835080459778855,Zhuang-ABCA-1.096,C57BL6J-638850.28,3
684,scgpt,large_simple_niche_12253603363894722901030835080459778855,Zhuang-ABCA-1.096,C57BL6J-638850.29,3
685,scgpt,large_simple_niche_12253603363894722901030835080459778855,Zhuang-ABCA-1.096,C57BL6J-638850.30,3
686,scgpt,large_simple_niche_12253603363894722901030835080459778855,Zhuang-ABCA-1.096,C57BL6J-638850.31,3
687,scgpt,large_simple_niche_12253603363894722901030835080459778855,Zhuang-ABCA-1.096,Zhuang-ABCA-1.097,3
688,scgpt,large_simple_niche_12253603363894722901030835080459778855,Zhuang-ABCA-1.096,Zhuang-ABCA-1.098,3
689,scgpt,large_simple_niche_12253603363894722901030835080459778855,Zhuang-ABCA-1.096,Zhuang-ABCA-1.099,3
690,scgpt,large_simple_niche_12253603363894722901030835080459778855,Zhuang-ABCA-1.096,Zhuang-ABCA-3.001,3
691,scgpt,large_simple_niche_12253603363894722901030835080459778855,Zhuang-ABCA-1.096,Zhuang-ABCA-3.002,3
692,scgpt,large_simple_niche_12253603363894722901030835080459778855,Zhuang-ABCA-1.096,Zhuang-ABCA-3.004,3
693,scgpt,large_simple_niche_12253603363894722901030835080459778855,Zhuang-ABCA-1.096,Zhuang-ABCA-3.005,3
694,gene_expr,large_simple_niche_12253603363894722901030835080459778855,Zhuang-ABCA-1.096,C57BL6J-638850.28,3
695,gene_expr,large_simple_niche_12253603363894722901030835080459778855,Zhuang-ABCA-1.096,C57BL6J-638850.29,3
696,gene_expr,large_simple_niche_12253603363894722901030835080459778855,Zhuang-ABCA-1.096,C57BL6J-638850.30,3
697,gene_expr,large_simple_niche_12253603363894722901030835080459778855,Zhuang-ABCA-1.096,C57BL6J-638850.31,3
698,gene_expr,large_simple_niche_12253603363894722901030835080459778855,Zhuang-ABCA-1.096,Zhuang-ABCA-1.097,3
699,gene_expr,large_simple_niche_12253603363894722901030835080459778855,Zhuang-ABCA-1.096,Zhuang-ABCA-1.098,3
700,gene_expr,large_simple_niche_12253603363894722901030835080459778855,Zhuang-ABCA-1.096,Zhuang-ABCA-1.099,3
701,gene_expr,large_simple_niche_12253603363894722901030835080459778855,Zhuang-ABCA-1.096,Zhuang-ABCA-3.001,3
702,gene_expr,large_simple_niche_12253603363894722901030835080459778855,Zhuang-ABCA-1.096,Zhuang-ABCA-3.002,3
703,gene_expr,large_simple_niche_12253603363894722901030835080459778855,Zhuang-ABCA-1.096,Zhuang-ABCA-3.004,3
704,gene_expr,large_simple_niche_12253603363894722901030835080459778855,Zhuang-ABCA-1.096,Zhuang-ABCA-3.005,3
705,quest_gene_expr,large_simple_niche_273785322473917498596356814269508784463,Zhuang-ABCA-1.096,C57BL6J-638850.28,3
706,quest_gene_expr,large_simple_niche_273785322473917498596356814269508784463,Zhuang-ABCA-1.096,C57BL6J-638850.29,3
707,quest_gene_expr,large_simple_niche_273785322473917498596356814269508784463,Zhuang-ABCA-1.096,C57BL6J-638850.30,3
708,quest_gene_expr,large_simple_niche_273785322473917498596356814269508784463,Zhuang-ABCA-1.096,C57BL6J-638850.31,3
709,quest_gene_expr,large_simple_niche_273785322473917498596356814269508784463,Zhuang-ABCA-1.096,Zhuang-ABCA-1.097,3
710,quest_gene_expr,large_simple_niche_273785322473917498596356814269508784463,Zhuang-ABCA-1.096,Zhuang-ABCA-1.098,3
711,quest_gene_expr,large_simple_niche_273785322473917498596356814269508784463,Zhuang-ABCA-1.096,Zhuang-ABCA-1.099,3
712,quest_gene_expr,large_simple_niche_273785322473917498596356814269508784463,Zhuang-ABCA-1.096,Zhuang-ABCA-3.001,3
713,quest_gene_expr,large_simple_niche_273785322473917498596356814269508784463,Zhuang-ABCA-1.096,Zhuang-ABCA-3.002,3
714,quest_gene_expr,large_simple_niche_273785322473917498596356814269508784463,Zhuang-ABCA-1.096,Zhuang-ABCA-3.004,3
715,quest_gene_expr,large_simple_niche_273785322473917498596356814269508784463,Zhuang-ABCA-1.096,Zhuang-ABCA-3.005,3
716,quest_scgpt,large_simple_niche_273785322473917498596356814269508784463,Zhuang-ABCA-1.096,C57BL6J-638850.28,3
717,quest_scgpt,large_simple_niche_273785322473917498596356814269508784463,Zhuang-ABCA-1.096,C57BL6J-638850.29,3
718,quest_scgpt,large_simple_niche_273785322473917498596356814269508784463,Zhuang-ABCA-1.096,C57BL6J-638850.30,3
719,quest_scgpt,large_simple_niche_273785322473917498596356814269508784463,Zhuang-ABCA-1.096,C57BL6J-638850.31,3
720,quest_scgpt,large_simple_niche_273785322473917498596356814269508784463,Zhuang-ABCA-1.096,Zhuang-ABCA-1.097,3
721,quest_scgpt,large_simple_niche_273785322473917498596356814269508784463,Zhuang-ABCA-1.096,Zhuang-ABCA-1.098,3
722,quest_scgpt,large_simple_niche_273785322473917498596356814269508784463,Zhuang-ABCA-1.096,Zhuang-ABCA-1.099,3
723,quest_scgpt,large_simple_niche_273785322473917498596356814269508784463,Zhuang-ABCA-1.096,Zhuang-ABCA-3.001,3
724,quest_scgpt,large_simple_niche_273785322473917498596356814269508784463,Zhuang-ABCA-1.096,Zhuang-ABCA-3.002,3
725,quest_scgpt,large_simple_niche_273785322473917498596356814269508784463,Zhuang-ABCA-1.096,Zhuang-ABCA-3.004,3
726,quest_scgpt,large_simple_niche_273785322473917498596356814269508784463,Zhuang-ABCA-1.096,Zhuang-ABCA-3.005,3
727,scgpt,large_simple_niche_273785322473917498596356814269508784463,Zhuang-ABCA-1.096,C57BL6J-638850.28,3
728,scgpt,large_simple_niche_273785322473917498596356814269508784463,Zhuang-ABCA-1.096,C57BL6J-638850.29,3
729,scgpt,large_simple_niche_273785322473917498596356814269508784463,Zhuang-ABCA-1.096,C57BL6J-638850.30,3
730,scgpt,large_simple_niche_273785322473917498596356814269508784463,Zhuang-ABCA-1.096,C57BL6J-638850.31,3
731,scgpt,large_simple_niche_273785322473917498596356814269508784463,Zhuang-ABCA-1.096,Zhuang-ABCA-1.097,3
732,scgpt,large_simple_niche_273785322473917498596356814269508784463,Zhuang-ABCA-1.096,Zhuang-ABCA-1.098,3
733,scgpt,large_simple_niche_273785322473917498596356814269508784463,Zhuang-ABCA-1.096,Zhuang-ABCA-1.099,3
734,scgpt,large_simple_niche_273785322473917498596356814269508784463,Zhuang-ABCA-1.096,Zhuang-ABCA-3.001,3
735,scgpt,large_simple_niche_273785322473917498596356814269508784463,Zhuang-ABCA-1.096,Zhuang-ABCA-3.002,3
736,scgpt,large_simple_niche_273785322473917498596356814269508784463,Zhuang-ABCA-1.096,Zhuang-ABCA-3.004,3
737,scgpt,large_simple_niche_273785322473917498596356814269508784463,Zhuang-ABCA-1.096,Zhuang-ABCA-3.005,3
738,gene_expr,large_simple_niche_273785322473917498596356814269508784463,Zhuang-ABCA-1.096,C57BL6J-638850.28,3
739,gene_expr,large_simple_niche_273785322473917498596356814269508784463,Zhuang-ABCA-1.096,C57BL6J-638850.29,3
740,gene_expr,large_simple_niche_273785322473917498596356814269508784463,Zhuang-ABCA-1.096,C57BL6J-638850.30,3
741,gene_expr,large_simple_niche_273785322473917498596356814269508784463,Zhuang-ABCA-1.096,C57BL6J-638850.31,3
742,gene_expr,large_simple_niche_273785322473917498596356814269508784463,Zhuang-ABCA-1.096,Zhuang-ABCA-1.097,3
743,gene_expr,large_simple_niche_273785322473917498596356814269508784463,Zhuang-ABCA-1.096,Zhuang-ABCA-1.098,3
744,gene_expr,large_simple_niche_273785322473917498596356814269508784463,Zhuang-ABCA-1.096,Zhuang-ABCA-1.099,3
745,gene_expr,large_simple_niche_273785322473917498596356814269508784463,Zhuang-ABCA-1.096,Zhuang-ABCA-3.001,3
746,gene_expr,large_simple_niche_273785322473917498596356814269508784463,Zhuang-ABCA-1.096,Zhuang-ABCA-3.002,3
747,gene_expr,large_simple_niche_273785322473917498596356814269508784463,Zhuang-ABCA-1.096,Zhuang-ABCA-3.004,3
748,gene_expr,large_simple_niche_273785322473917498596356814269508784463,Zhuang-ABCA-1.096,Zhuang-ABCA-3.005,3
749,quest_gene_expr,large_simple_niche_146328471697905992096023150096990317510,Zhuang-ABCA-1.097,C57BL6J-638850.28,3
750,quest_gene_expr,large_simple_niche_146328471697905992096023150096990317510,Zhuang-ABCA-1.097,C57BL6J-638850.29,3
751,quest_gene_expr,large_simple_niche_146328471697905992096023150096990317510,Zhuang-ABCA-1.097,C57BL6J-638850.30,3
752,quest_gene_expr,large_simple_niche_146328471697905992096023150096990317510,Zhuang-ABCA-1.097,C57BL6J-638850.31,3
753,quest_gene_expr,large_simple_niche_146328471697905992096023150096990317510,Zhuang-ABCA-1.097,Zhuang-ABCA-1.096,3
754,quest_gene_expr,large_simple_niche_146328471697905992096023150096990317510,Zhuang-ABCA-1.097,Zhuang-ABCA-1.098,3
755,quest_gene_expr,large_simple_niche_146328471697905992096023150096990317510,Zhuang-ABCA-1.097,Zhuang-ABCA-1.099,3
756,quest_gene_expr,large_simple_niche_146328471697905992096023150096990317510,Zhuang-ABCA-1.097,Zhuang-ABCA-3.001,3
757,quest_gene_expr,large_simple_niche_146328471697905992096023150096990317510,Zhuang-ABCA-1.097,Zhuang-ABCA-3.002,3
758,quest_gene_expr,large_simple_niche_146328471697905992096023150096990317510,Zhuang-ABCA-1.097,Zhuang-ABCA-3.004,3
759,quest_gene_expr,large_simple_niche_146328471697905992096023150096990317510,Zhuang-ABCA-1.097,Zhuang-ABCA-3.005,3
760,quest_scgpt,large_simple_niche_146328471697905992096023150096990317510,Zhuang-ABCA-1.097,C57BL6J-638850.28,3
761,quest_scgpt,large_simple_niche_146328471697905992096023150096990317510,Zhuang-ABCA-1.097,C57BL6J-638850.29,3
762,quest_scgpt,large_simple_niche_146328471697905992096023150096990317510,Zhuang-ABCA-1.097,C57BL6J-638850.30,3
763,quest_scgpt,large_simple_niche_146328471697905992096023150096990317510,Zhuang-ABCA-1.097,C57BL6J-638850.31,3
764,quest_scgpt,large_simple_niche_146328471697905992096023150096990317510,Zhuang-ABCA-1.097,Zhuang-ABCA-1.096,3
765,quest_scgpt,large_simple_niche_146328471697905992096023150096990317510,Zhuang-ABCA-1.097,Zhuang-ABCA-1.098,3
766,quest_scgpt,large_simple_niche_146328471697905992096023150096990317510,Zhuang-ABCA-1.097,Zhuang-ABCA-1.099,3
767,quest_scgpt,large_simple_niche_146328471697905992096023150096990317510,Zhuang-ABCA-1.097,Zhuang-ABCA-3.001,3
768,quest_scgpt,large_simple_niche_146328471697905992096023150096990317510,Zhuang-ABCA-1.097,Zhuang-ABCA-3.002,3
769,quest_scgpt,large_simple_niche_146328471697905992096023150096990317510,Zhuang-ABCA-1.097,Zhuang-ABCA-3.004,3
770,quest_scgpt,large_simple_niche_146328471697905992096023150096990317510,Zhuang-ABCA-1.097,Zhuang-ABCA-3.005,3
771,scgpt,large_simple_niche_146328471697905992096023150096990317510,Zhuang-ABCA-1.097,C57BL6J-638850.28,3
772,scgpt,large_simple_niche_146328471697905992096023150096990317510,Zhuang-ABCA-1.097,C57BL6J-638850.29,3
773,scgpt,large_simple_niche_146328471697905992096023150096990317510,Zhuang-ABCA-1.097,C57BL6J-638850.30,3
774,scgpt,large_simple_niche_146328471697905992096023150096990317510,Zhuang-ABCA-1.097,C57BL6J-638850.31,3
775,scgpt,large_simple_niche_146328471697905992096023150096990317510,Zhuang-ABCA-1.097,Zhuang-ABCA-1.096,3
776,scgpt,large_simple_niche_146328471697905992096023150096990317510,Zhuang-ABCA-1.097,Zhuang-ABCA-1.098,3
777,scgpt,large_simple_niche_146328471697905992096023150096990317510,Zhuang-ABCA-1.097,Zhuang-ABCA-1.099,3
778,scgpt,large_simple_niche_146328471697905992096023150096990317510,Zhuang-ABCA-1.097,Zhuang-ABCA-3.001,3
779,scgpt,large_simple_niche_146328471697905992096023150096990317510,Zhuang-ABCA-1.097,Zhuang-ABCA-3.002,3
780,scgpt,large_simple_niche_146328471697905992096023150096990317510,Zhuang-ABCA-1.097,Zhuang-ABCA-3.004,3
781,scgpt,large_simple_niche_146328471697905992096023150096990317510,Zhuang-ABCA-1.097,Zhuang-ABCA-3.005,3
782,gene_expr,large_simple_niche_146328471697905992096023150096990317510,Zhuang-ABCA-1.097,C57BL6J-638850.28,3
783,gene_expr,large_simple_niche_146328471697905992096023150096990317510,Zhuang-ABCA-1.097,C57BL6J-638850.29,3
784,gene_expr,large_simple_niche_146328471697905992096023150096990317510,Zhuang-ABCA-1.097,C57BL6J-638850.30,3
785,gene_expr,large_simple_niche_146328471697905992096023150096990317510,Zhuang-ABCA-1.097,C57BL6J-638850.31,3
786,gene_expr,large_simple_niche_146328471697905992096023150096990317510,Zhuang-ABCA-1.097,Zhuang-ABCA-1.096,3
787,gene_expr,large_simple_niche_146328471697905992096023150096990317510,Zhuang-ABCA-1.097,Zhuang-ABCA-1.098,3
788,gene_expr,large_simple_niche_146328471697905992096023150096990317510,Zhuang-ABCA-1.097,Zhuang-ABCA-1.099,3
789,gene_expr,large_simple_niche_146328471697905992096023150096990317510,Zhuang-ABCA-1.097,Zhuang-ABCA-3.001,3
790,gene_expr,large_simple_niche_146328471697905992096023150096990317510,Zhuang-ABCA-1.097,Zhuang-ABCA-3.002,3
791,gene_expr,large_simple_niche_146328471697905992096023150096990317510,Zhuang-ABCA-1.097,Zhuang-ABCA-3.004,3
792,gene_expr,large_simple_niche_146328471697905992096023150096990317510,Zhuang-ABCA-1.097,Zhuang-ABCA-3.005,3
793,quest_gene_expr,large_simple_niche_20181331946348197694220154892946492658,Zhuang-ABCA-1.097,C57BL6J-638850.28,3
794,quest_gene_expr,large_simple_niche_20181331946348197694220154892946492658,Zhuang-ABCA-1.097,C57BL6J-638850.29,3
795,quest_gene_expr,large_simple_niche_20181331946348197694220154892946492658,Zhuang-ABCA-1.097,C57BL6J-638850.30,3
796,quest_gene_expr,large_simple_niche_20181331946348197694220154892946492658,Zhuang-ABCA-1.097,C57BL6J-638850.31,3
797,quest_gene_expr,large_simple_niche_20181331946348197694220154892946492658,Zhuang-ABCA-1.097,Zhuang-ABCA-1.096,3
798,quest_gene_expr,large_simple_niche_20181331946348197694220154892946492658,Zhuang-ABCA-1.097,Zhuang-ABCA-1.098,3
799,quest_gene_expr,large_simple_niche_20181331946348197694220154892946492658,Zhuang-ABCA-1.097,Zhuang-ABCA-1.099,3
800,quest_gene_expr,large_simple_niche_20181331946348197694220154892946492658,Zhuang-ABCA-1.097,Zhuang-ABCA-3.001,3
801,quest_gene_expr,large_simple_niche_20181331946348197694220154892946492658,Zhuang-ABCA-1.097,Zhuang-ABCA-3.002,3
802,quest_gene_expr,large_simple_niche_20181331946348197694220154892946492658,Zhuang-ABCA-1.097,Zhuang-ABCA-3.004,3
803,quest_gene_expr,large_simple_niche_20181331946348197694220154892946492658,Zhuang-ABCA-1.097,Zhuang-ABCA-3.005,3
804,quest_scgpt,large_simple_niche_20181331946348197694220154892946492658,Zhuang-ABCA-1.097,C57BL6J-638850.28,3
805,quest_scgpt,large_simple_niche_20181331946348197694220154892946492658,Zhuang-ABCA-1.097,C57BL6J-638850.29,3
806,quest_scgpt,large_simple_niche_20181331946348197694220154892946492658,Zhuang-ABCA-1.097,C57BL6J-638850.30,3
807,quest_scgpt,large_simple_niche_20181331946348197694220154892946492658,Zhuang-ABCA-1.097,C57BL6J-638850.31,3
808,quest_scgpt,large_simple_niche_20181331946348197694220154892946492658,Zhuang-ABCA-1.097,Zhuang-ABCA-1.096,3
809,quest_scgpt,large_simple_niche_20181331946348197694220154892946492658,Zhuang-ABCA-1.097,Zhuang-ABCA-1.098,3
810,quest_scgpt,large_simple_niche_20181331946348197694220154892946492658,Zhuang-ABCA-1.097,Zhuang-ABCA-1.099,3
811,quest_scgpt,large_simple_niche_20181331946348197694220154892946492658,Zhuang-ABCA-1.097,Zhuang-ABCA-3.001,3
812,quest_scgpt,large_simple_niche_20181331946348197694220154892946492658,Zhuang-ABCA-1.097,Zhuang-ABCA-3.002,3
813,quest_scgpt,large_simple_niche_20181331946348197694220154892946492658,Zhuang-ABCA-1.097,Zhuang-ABCA-3.004,3
814,quest_scgpt,large_simple_niche_20181331946348197694220154892946492658,Zhuang-ABCA-1.097,Zhuang-ABCA-3.005,3
815,scgpt,large_simple_niche_20181331946348197694220154892946492658,Zhuang-ABCA-1.097,C57BL6J-638850.28,3
816,scgpt,large_simple_niche_20181331946348197694220154892946492658,Zhuang-ABCA-1.097,C57BL6J-638850.29,3
817,scgpt,large_simple_niche_20181331946348197694220154892946492658,Zhuang-ABCA-1.097,C57BL6J-638850.30,3
818,scgpt,large_simple_niche_20181331946348197694220154892946492658,Zhuang-ABCA-1.097,C57BL6J-638850.31,3
819,scgpt,large_simple_niche_20181331946348197694220154892946492658,Zhuang-ABCA-1.097,Zhuang-ABCA-1.096,3
820,scgpt,large_simple_niche_20181331946348197694220154892946492658,Zhuang-ABCA-1.097,Zhuang-ABCA-1.098,3
821,scgpt,large_simple_niche_20181331946348197694220154892946492658,Zhuang-ABCA-1.097,Zhuang-ABCA-1.099,3
822,scgpt,large_simple_niche_20181331946348197694220154892946492658,Zhuang-ABCA-1.097,Zhuang-ABCA-3.001,3
823,scgpt,large_simple_niche_20181331946348197694220154892946492658,Zhuang-ABCA-1.097,Zhuang-ABCA-3.002,3
824,scgpt,large_simple_niche_20181331946348197694220154892946492658,Zhuang-ABCA-1.097,Zhuang-ABCA-3.004,3
825,scgpt,large_simple_niche_20181331946348197694220154892946492658,Zhuang-ABCA-1.097,Zhuang-ABCA-3.005,3
826,gene_expr,large_simple_niche_20181331946348197694220154892946492658,Zhuang-ABCA-1.097,C57BL6J-638850.28,3
827,gene_expr,large_simple_niche_20181331946348197694220154892946492658,Zhuang-ABCA-1.097,C57BL6J-638850.29,3
828,gene_expr,large_simple_niche_20181331946348197694220154892946492658,Zhuang-ABCA-1.097,C57BL6J-638850.30,3
829,gene_expr,large_simple_niche_20181331946348197694220154892946492658,Zhuang-ABCA-1.097,C57BL6J-638850.31,3
830,gene_expr,large_simple_niche_20181331946348197694220154892946492658,Zhuang-ABCA-1.097,Zhuang-ABCA-1.096,3
831,gene_expr,large_simple_niche_20181331946348197694220154892946492658,Zhuang-ABCA-1.097,Zhuang-ABCA-1.098,3
832,gene_expr,large_simple_niche_20181331946348197694220154892946492658,Zhuang-ABCA-1.097,Zhuang-ABCA-1.099,3
833,gene_expr,large_simple_niche_20181331946348197694220154892946492658,Zhuang-ABCA-1.097,Zhuang-ABCA-3.001,3
834,gene_expr,large_simple_niche_20181331946348197694220154892946492658,Zhuang-ABCA-1.097,Zhuang-ABCA-3.002,3
835,gene_expr,large_simple_niche_20181331946348197694220154892946492658,Zhuang-ABCA-1.097,Zhuang-ABCA-3.004,3
836,gene_expr,large_simple_niche_20181331946348197694220154892946492658,Zhuang-ABCA-1.097,Zhuang-ABCA-3.005,3
837,quest_gene_expr,large_simple_niche_157153644087789546198818426911474018971,Zhuang-ABCA-1.098,C57BL6J-638850.28,3
838,quest_gene_expr,large_simple_niche_157153644087789546198818426911474018971,Zhuang-ABCA-1.098,C57BL6J-638850.29,3
839,quest_gene_expr,large_simple_niche_157153644087789546198818426911474018971,Zhuang-ABCA-1.098,C57BL6J-638850.30,3
840,quest_gene_expr,large_simple_niche_157153644087789546198818426911474018971,Zhuang-ABCA-1.098,C57BL6J-638850.31,3
841,quest_gene_expr,large_simple_niche_157153644087789546198818426911474018971,Zhuang-ABCA-1.098,Zhuang-ABCA-1.096,3
842,quest_gene_expr,large_simple_niche_157153644087789546198818426911474018971,Zhuang-ABCA-1.098,Zhuang-ABCA-1.097,3
843,quest_gene_expr,large_simple_niche_157153644087789546198818426911474018971,Zhuang-ABCA-1.098,Zhuang-ABCA-1.099,3
844,quest_gene_expr,large_simple_niche_157153644087789546198818426911474018971,Zhuang-ABCA-1.098,Zhuang-ABCA-3.001,3
845,quest_gene_expr,large_simple_niche_157153644087789546198818426911474018971,Zhuang-ABCA-1.098,Zhuang-ABCA-3.002,3
846,quest_gene_expr,large_simple_niche_157153644087789546198818426911474018971,Zhuang-ABCA-1.098,Zhuang-ABCA-3.004,3
847,quest_gene_expr,large_simple_niche_157153644087789546198818426911474018971,Zhuang-ABCA-1.098,Zhuang-ABCA-3.005,3
848,quest_scgpt,large_simple_niche_157153644087789546198818426911474018971,Zhuang-ABCA-1.098,C57BL6J-638850.28,3
849,quest_scgpt,large_simple_niche_157153644087789546198818426911474018971,Zhuang-ABCA-1.098,C57BL6J-638850.29,3
850,quest_scgpt,large_simple_niche_157153644087789546198818426911474018971,Zhuang-ABCA-1.098,C57BL6J-638850.30,3
851,quest_scgpt,large_simple_niche_157153644087789546198818426911474018971,Zhuang-ABCA-1.098,C57BL6J-638850.31,3
852,quest_scgpt,large_simple_niche_157153644087789546198818426911474018971,Zhuang-ABCA-1.098,Zhuang-ABCA-1.096,3
853,quest_scgpt,large_simple_niche_157153644087789546198818426911474018971,Zhuang-ABCA-1.098,Zhuang-ABCA-1.097,3
854,quest_scgpt,large_simple_niche_157153644087789546198818426911474018971,Zhuang-ABCA-1.098,Zhuang-ABCA-1.099,3
855,quest_scgpt,large_simple_niche_157153644087789546198818426911474018971,Zhuang-ABCA-1.098,Zhuang-ABCA-3.001,3
856,quest_scgpt,large_simple_niche_157153644087789546198818426911474018971,Zhuang-ABCA-1.098,Zhuang-ABCA-3.002,3
857,quest_scgpt,large_simple_niche_157153644087789546198818426911474018971,Zhuang-ABCA-1.098,Zhuang-ABCA-3.004,3
858,quest_scgpt,large_simple_niche_157153644087789546198818426911474018971,Zhuang-ABCA-1.098,Zhuang-ABCA-3.005,3
859,scgpt,large_simple_niche_157153644087789546198818426911474018971,Zhuang-ABCA-1.098,C57BL6J-638850.28,3
860,scgpt,large_simple_niche_157153644087789546198818426911474018971,Zhuang-ABCA-1.098,C57BL6J-638850.29,3
861,scgpt,large_simple_niche_157153644087789546198818426911474018971,Zhuang-ABCA-1.098,C57BL6J-638850.30,3
862,scgpt,large_simple_niche_157153644087789546198818426911474018971,Zhuang-ABCA-1.098,C57BL6J-638850.31,3
863,scgpt,large_simple_niche_157153644087789546198818426911474018971,Zhuang-ABCA-1.098,Zhuang-ABCA-1.096,3
864,scgpt,large_simple_niche_157153644087789546198818426911474018971,Zhuang-ABCA-1.098,Zhuang-ABCA-1.097,3
865,scgpt,large_simple_niche_157153644087789546198818426911474018971,Zhuang-ABCA-1.098,Zhuang-ABCA-1.099,3
866,scgpt,large_simple_niche_157153644087789546198818426911474018971,Zhuang-ABCA-1.098,Zhuang-ABCA-3.001,3
867,scgpt,large_simple_niche_157153644087789546198818426911474018971,Zhuang-ABCA-1.098,Zhuang-ABCA-3.002,3
868,scgpt,large_simple_niche_157153644087789546198818426911474018971,Zhuang-ABCA-1.098,Zhuang-ABCA-3.004,3
869,scgpt,large_simple_niche_157153644087789546198818426911474018971,Zhuang-ABCA-1.098,Zhuang-ABCA-3.005,3
870,gene_expr,large_simple_niche_157153644087789546198818426911474018971,Zhuang-ABCA-1.098,C57BL6J-638850.28,3
871,gene_expr,large_simple_niche_157153644087789546198818426911474018971,Zhuang-ABCA-1.098,C57BL6J-638850.29,3
872,gene_expr,large_simple_niche_157153644087789546198818426911474018971,Zhuang-ABCA-1.098,C57BL6J-638850.30,3
873,gene_expr,large_simple_niche_157153644087789546198818426911474018971,Zhuang-ABCA-1.098,C57BL6J-638850.31,3
874,gene_expr,large_simple_niche_157153644087789546198818426911474018971,Zhuang-ABCA-1.098,Zhuang-ABCA-1.096,3
875,gene_expr,large_simple_niche_157153644087789546198818426911474018971,Zhuang-ABCA-1.098,Zhuang-ABCA-1.097,3
876,gene_expr,large_simple_niche_157153644087789546198818426911474018971,Zhuang-ABCA-1.098,Zhuang-ABCA-1.099,3
877,gene_expr,large_simple_niche_157153644087789546198818426911474018971,Zhuang-ABCA-1.098,Zhuang-ABCA-3.001,3
878,gene_expr,large_simple_niche_157153644087789546198818426911474018971,Zhuang-ABCA-1.098,Zhuang-ABCA-3.002,3
879,gene_expr,large_simple_niche_157153644087789546198818426911474018971,Zhuang-ABCA-1.098,Zhuang-ABCA-3.004,3
880,gene_expr,large_simple_niche_157153644087789546198818426911474018971,Zhuang-ABCA-1.098,Zhuang-ABCA-3.005,3
881,quest_gene_expr,large_simple_niche_196967620726170664296237597722398539190,Zhuang-ABCA-1.098,C57BL6J-638850.28,3
882,quest_gene_expr,large_simple_niche_196967620726170664296237597722398539190,Zhuang-ABCA-1.098,C57BL6J-638850.29,3
883,quest_gene_expr,large_simple_niche_196967620726170664296237597722398539190,Zhuang-ABCA-1.098,C57BL6J-638850.30,3
884,quest_gene_expr,large_simple_niche_196967620726170664296237597722398539190,Zhuang-ABCA-1.098,C57BL6J-638850.31,3
885,quest_gene_expr,large_simple_niche_196967620726170664296237597722398539190,Zhuang-ABCA-1.098,Zhuang-ABCA-1.096,3
886,quest_gene_expr,large_simple_niche_196967620726170664296237597722398539190,Zhuang-ABCA-1.098,Zhuang-ABCA-1.097,3
887,quest_gene_expr,large_simple_niche_196967620726170664296237597722398539190,Zhuang-ABCA-1.098,Zhuang-ABCA-1.099,3
888,quest_gene_expr,large_simple_niche_196967620726170664296237597722398539190,Zhuang-ABCA-1.098,Zhuang-ABCA-3.001,3
889,quest_gene_expr,large_simple_niche_196967620726170664296237597722398539190,Zhuang-ABCA-1.098,Zhuang-ABCA-3.002,3
890,quest_gene_expr,large_simple_niche_196967620726170664296237597722398539190,Zhuang-ABCA-1.098,Zhuang-ABCA-3.004,3
891,quest_gene_expr,large_simple_niche_196967620726170664296237597722398539190,Zhuang-ABCA-1.098,Zhuang-ABCA-3.005,3
892,quest_scgpt,large_simple_niche_196967620726170664296237597722398539190,Zhuang-ABCA-1.098,C57BL6J-638850.28,3
893,quest_scgpt,large_simple_niche_196967620726170664296237597722398539190,Zhuang-ABCA-1.098,C57BL6J-638850.29,3
894,quest_scgpt,large_simple_niche_196967620726170664296237597722398539190,Zhuang-ABCA-1.098,C57BL6J-638850.30,3
895,quest_scgpt,large_simple_niche_196967620726170664296237597722398539190,Zhuang-ABCA-1.098,C57BL6J-638850.31,3
896,quest_scgpt,large_simple_niche_196967620726170664296237597722398539190,Zhuang-ABCA-1.098,Zhuang-ABCA-1.096,3
897,quest_scgpt,large_simple_niche_196967620726170664296237597722398539190,Zhuang-ABCA-1.098,Zhuang-ABCA-1.097,3
898,quest_scgpt,large_simple_niche_196967620726170664296237597722398539190,Zhuang-ABCA-1.098,Zhuang-ABCA-1.099,3
899,quest_scgpt,large_simple_niche_196967620726170664296237597722398539190,Zhuang-ABCA-1.098,Zhuang-ABCA-3.001,3
900,quest_scgpt,large_simple_niche_196967620726170664296237597722398539190,Zhuang-ABCA-1.098,Zhuang-ABCA-3.002,3
901,quest_scgpt,large_simple_niche_196967620726170664296237597722398539190,Zhuang-ABCA-1.098,Zhuang-ABCA-3.004,3
902,quest_scgpt,large_simple_niche_196967620726170664296237597722398539190,Zhuang-ABCA-1.098,Zhuang-ABCA-3.005,3
903,scgpt,large_simple_niche_196967620726170664296237597722398539190,Zhuang-ABCA-1.098,C57BL6J-638850.28,3
904,scgpt,large_simple_niche_196967620726170664296237597722398539190,Zhuang-ABCA-1.098,C57BL6J-638850.29,3
905,scgpt,large_simple_niche_196967620726170664296237597722398539190,Zhuang-ABCA-1.098,C57BL6J-638850.30,3
906,scgpt,large_simple_niche_196967620726170664296237597722398539190,Zhuang-ABCA-1.098,C57BL6J-638850.31,3
907,scgpt,large_simple_niche_196967620726170664296237597722398539190,Zhuang-ABCA-1.098,Zhuang-ABCA-1.096,3
908,scgpt,large_simple_niche_196967620726170664296237597722398539190,Zhuang-ABCA-1.098,Zhuang-ABCA-1.097,3
909,scgpt,large_simple_niche_196967620726170664296237597722398539190,Zhuang-ABCA-1.098,Zhuang-ABCA-1.099,3
910,scgpt,large_simple_niche_196967620726170664296237597722398539190,Zhuang-ABCA-1.098,Zhuang-ABCA-3.001,3
911,scgpt,large_simple_niche_196967620726170664296237597722398539190,Zhuang-ABCA-1.098,Zhuang-ABCA-3.002,3
912,scgpt,large_simple_niche_196967620726170664296237597722398539190,Zhuang-ABCA-1.098,Zhuang-ABCA-3.004,3
913,scgpt,large_simple_niche_196967620726170664296237597722398539190,Zhuang-ABCA-1.098,Zhuang-ABCA-3.005,3
914,gene_expr,large_simple_niche_196967620726170664296237597722398539190,Zhuang-ABCA-1.098,C57BL6J-638850.28,3
915,gene_expr,large_simple_niche_196967620726170664296237597722398539190,Zhuang-ABCA-1.098,C57BL6J-638850.29,3
916,gene_expr,large_simple_niche_196967620726170664296237597722398539190,Zhuang-ABCA-1.098,C57BL6J-638850.30,3
917,gene_expr,large_simple_niche_196967620726170664296237597722398539190,Zhuang-ABCA-1.098,C57BL6J-638850.31,3
918,gene_expr,large_simple_niche_196967620726170664296237597722398539190,Zhuang-ABCA-1.098,Zhuang-ABCA-1.096,3
919,gene_expr,large_simple_niche_196967620726170664296237597722398539190,Zhuang-ABCA-1.098,Zhuang-ABCA-1.097,3
920,gene_expr,large_simple_niche_196967620726170664296237597722398539190,Zhuang-ABCA-1.098,Zhuang-ABCA-1.099,3
921,gene_expr,large_simple_niche_196967620726170664296237597722398539190,Zhuang-ABCA-1.098,Zhuang-ABCA-3.001,3
922,gene_expr,large_simple_niche_196967620726170664296237597722398539190,Zhuang-ABCA-1.098,Zhuang-ABCA-3.002,3
923,gene_expr,large_simple_niche_196967620726170664296237597722398539190,Zhuang-ABCA-1.098,Zhuang-ABCA-3.004,3
924,gene_expr,large_simple_niche_196967620726170664296237597722398539190,Zhuang-ABCA-1.098,Zhuang-ABCA-3.005,3
925,quest_gene_expr,large_simple_niche_303513299532941669618274008971545960845,Zhuang-ABCA-1.098,C57BL6J-638850.28,3
926,quest_gene_expr,large_simple_niche_303513299532941669618274008971545960845,Zhuang-ABCA-1.098,C57BL6J-638850.29,3
927,quest_gene_expr,large_simple_niche_303513299532941669618274008971545960845,Zhuang-ABCA-1.098,C57BL6J-638850.30,3
928,quest_gene_expr,large_simple_niche_303513299532941669618274008971545960845,Zhuang-ABCA-1.098,C57BL6J-638850.31,3
929,quest_gene_expr,large_simple_niche_303513299532941669618274008971545960845,Zhuang-ABCA-1.098,Zhuang-ABCA-1.096,3
930,quest_gene_expr,large_simple_niche_303513299532941669618274008971545960845,Zhuang-ABCA-1.098,Zhuang-ABCA-1.097,3
931,quest_gene_expr,large_simple_niche_303513299532941669618274008971545960845,Zhuang-ABCA-1.098,Zhuang-ABCA-1.099,3
932,quest_gene_expr,large_simple_niche_303513299532941669618274008971545960845,Zhuang-ABCA-1.098,Zhuang-ABCA-3.001,3
933,quest_gene_expr,large_simple_niche_303513299532941669618274008971545960845,Zhuang-ABCA-1.098,Zhuang-ABCA-3.002,3
934,quest_gene_expr,large_simple_niche_303513299532941669618274008971545960845,Zhuang-ABCA-1.098,Zhuang-ABCA-3.004,3
935,quest_gene_expr,large_simple_niche_303513299532941669618274008971545960845,Zhuang-ABCA-1.098,Zhuang-ABCA-3.005,3
936,quest_scgpt,large_simple_niche_303513299532941669618274008971545960845,Zhuang-ABCA-1.098,C57BL6J-638850.28,3
937,quest_scgpt,large_simple_niche_303513299532941669618274008971545960845,Zhuang-ABCA-1.098,C57BL6J-638850.29,3
938,quest_scgpt,large_simple_niche_303513299532941669618274008971545960845,Zhuang-ABCA-1.098,C57BL6J-638850.30,3
939,quest_scgpt,large_simple_niche_303513299532941669618274008971545960845,Zhuang-ABCA-1.098,C57BL6J-638850.31,3
940,quest_scgpt,large_simple_niche_303513299532941669618274008971545960845,Zhuang-ABCA-1.098,Zhuang-ABCA-1.096,3
941,quest_scgpt,large_simple_niche_303513299532941669618274008971545960845,Zhuang-ABCA-1.098,Zhuang-ABCA-1.097,3
942,quest_scgpt,large_simple_niche_303513299532941669618274008971545960845,Zhuang-ABCA-1.098,Zhuang-ABCA-1.099,3
943,quest_scgpt,large_simple_niche_303513299532941669618274008971545960845,Zhuang-ABCA-1.098,Zhuang-ABCA-3.001,3
944,quest_scgpt,large_simple_niche_303513299532941669618274008971545960845,Zhuang-ABCA-1.098,Zhuang-ABCA-3.002,3
945,quest_scgpt,large_simple_niche_303513299532941669618274008971545960845,Zhuang-ABCA-1.098,Zhuang-ABCA-3.004,3
946,quest_scgpt,large_simple_niche_303513299532941669618274008971545960845,Zhuang-ABCA-1.098,Zhuang-ABCA-3.005,3
947,scgpt,large_simple_niche_303513299532941669618274008971545960845,Zhuang-ABCA-1.098,C57BL6J-638850.28,3
948,scgpt,large_simple_niche_303513299532941669618274008971545960845,Zhuang-ABCA-1.098,C57BL6J-638850.29,3
949,scgpt,large_simple_niche_303513299532941669618274008971545960845,Zhuang-ABCA-1.098,C57BL6J-638850.30,3
950,scgpt,large_simple_niche_303513299532941669618274008971545960845,Zhuang-ABCA-1.098,C57BL6J-638850.31,3
951,scgpt,large_simple_niche_303513299532941669618274008971545960845,Zhuang-ABCA-1.098,Zhuang-ABCA-1.096,3
952,scgpt,large_simple_niche_303513299532941669618274008971545960845,Zhuang-ABCA-1.098,Zhuang-ABCA-1.097,3
953,scgpt,large_simple_niche_303513299532941669618274008971545960845,Zhuang-ABCA-1.098,Zhuang-ABCA-1.099,3
954,scgpt,large_simple_niche_303513299532941669618274008971545960845,Zhuang-ABCA-1.098,Zhuang-ABCA-3.001,3
955,scgpt,large_simple_niche_303513299532941669618274008971545960845,Zhuang-ABCA-1.098,Zhuang-ABCA-3.002,3
956,scgpt,large_simple_niche_303513299532941669618274008971545960845,Zhuang-ABCA-1.098,Zhuang-ABCA-3.004,3
957,scgpt,large_simple_niche_303513299532941669618274008971545960845,Zhuang-ABCA-1.098,Zhuang-ABCA-3.005,3
958,gene_expr,large_simple_niche_303513299532941669618274008971545960845,Zhuang-ABCA-1.098,C57BL6J-638850.28,3
959,gene_expr,large_simple_niche_303513299532941669618274008971545960845,Zhuang-ABCA-1.098,C57BL6J-638850.29,3
960,gene_expr,large_simple_niche_303513299532941669618274008971545960845,Zhuang-ABCA-1.098,C57BL6J-638850.30,3
961,gene_expr,large_simple_niche_303513299532941669618274008971545960845,Zhuang-ABCA-1.098,C57BL6J-638850.31,3
962,gene_expr,large_simple_niche_303513299532941669618274008971545960845,Zhuang-ABCA-1.098,Zhuang-ABCA-1.096,3
963,gene_expr,large_simple_niche_303513299532941669618274008971545960845,Zhuang-ABCA-1.098,Zhuang-ABCA-1.097,3
964,gene_expr,large_simple_niche_303513299532941669618274008971545960845,Zhuang-ABCA-1.098,Zhuang-ABCA-1.099,3
965,gene_expr,large_simple_niche_303513299532941669618274008971545960845,Zhuang-ABCA-1.098,Zhuang-ABCA-3.001,3
966,gene_expr,large_simple_niche_303513299532941669618274008971545960845,Zhuang-ABCA-1.098,Zhuang-ABCA-3.002,3
967,gene_expr,large_simple_niche_303513299532941669618274008971545960845,Zhuang-ABCA-1.098,Zhuang-ABCA-3.004,3
968,gene_expr,large_simple_niche_303513299532941669618274008971545960845,Zhuang-ABCA-1.098,Zhuang-ABCA-3.005,3
969,quest_gene_expr,large_simple_niche_101091041787612815616963935606475521174,Zhuang-ABCA-1.099,C57BL6J-638850.28,3
970,quest_gene_expr,large_simple_niche_101091041787612815616963935606475521174,Zhuang-ABCA-1.099,C57BL6J-638850.29,3
971,quest_gene_expr,large_simple_niche_101091041787612815616963935606475521174,Zhuang-ABCA-1.099,C57BL6J-638850.30,3
972,quest_gene_expr,large_simple_niche_101091041787612815616963935606475521174,Zhuang-ABCA-1.099,C57BL6J-638850.31,3
973,quest_gene_expr,large_simple_niche_101091041787612815616963935606475521174,Zhuang-ABCA-1.099,Zhuang-ABCA-1.096,3
974,quest_gene_expr,large_simple_niche_101091041787612815616963935606475521174,Zhuang-ABCA-1.099,Zhuang-ABCA-1.097,3
975,quest_gene_expr,large_simple_niche_101091041787612815616963935606475521174,Zhuang-ABCA-1.099,Zhuang-ABCA-1.098,3
976,quest_gene_expr,large_simple_niche_101091041787612815616963935606475521174,Zhuang-ABCA-1.099,Zhuang-ABCA-3.001,3
977,quest_gene_expr,large_simple_niche_101091041787612815616963935606475521174,Zhuang-ABCA-1.099,Zhuang-ABCA-3.002,3
978,quest_gene_expr,large_simple_niche_101091041787612815616963935606475521174,Zhuang-ABCA-1.099,Zhuang-ABCA-3.004,3
979,quest_gene_expr,large_simple_niche_101091041787612815616963935606475521174,Zhuang-ABCA-1.099,Zhuang-ABCA-3.005,3
980,quest_scgpt,large_simple_niche_101091041787612815616963935606475521174,Zhuang-ABCA-1.099,C57BL6J-638850.28,3
981,quest_scgpt,large_simple_niche_101091041787612815616963935606475521174,Zhuang-ABCA-1.099,C57BL6J-638850.29,3
982,quest_scgpt,large_simple_niche_101091041787612815616963935606475521174,Zhuang-ABCA-1.099,C57BL6J-638850.30,3
983,quest_scgpt,large_simple_niche_101091041787612815616963935606475521174,Zhuang-ABCA-1.099,C57BL6J-638850.31,3
984,quest_scgpt,large_simple_niche_101091041787612815616963935606475521174,Zhuang-ABCA-1.099,Zhuang-ABCA-1.096,3
985,quest_scgpt,large_simple_niche_101091041787612815616963935606475521174,Zhuang-ABCA-1.099,Zhuang-ABCA-1.097,3
986,quest_scgpt,large_simple_niche_101091041787612815616963935606475521174,Zhuang-ABCA-1.099,Zhuang-ABCA-1.098,3
987,quest_scgpt,large_simple_niche_101091041787612815616963935606475521174,Zhuang-ABCA-1.099,Zhuang-ABCA-3.001,3
988,quest_scgpt,large_simple_niche_101091041787612815616963935606475521174,Zhuang-ABCA-1.099,Zhuang-ABCA-3.002,3
989,quest_scgpt,large_simple_niche_101091041787612815616963935606475521174,Zhuang-ABCA-1.099,Zhuang-ABCA-3.004,3
990,quest_scgpt,large_simple_niche_101091041787612815616963935606475521174,Zhuang-ABCA-1.099,Zhuang-ABCA-3.005,3
991,scgpt,large_simple_niche_101091041787612815616963935606475521174,Zhuang-ABCA-1.099,C57BL6J-638850.28,3
992,scgpt,large_simple_niche_101091041787612815616963935606475521174,Zhuang-ABCA-1.099,C57BL6J-638850.29,3
993,scgpt,large_simple_niche_101091041787612815616963935606475521174,Zhuang-ABCA-1.099,C57BL6J-638850.30,3
994,scgpt,large_simple_niche_101091041787612815616963935606475521174,Zhuang-ABCA-1.099,C57BL6J-638850.31,3
995,scgpt,large_simple_niche_101091041787612815616963935606475521174,Zhuang-ABCA-1.099,Zhuang-ABCA-1.096,3
996,scgpt,large_simple_niche_101091041787612815616963935606475521174,Zhuang-ABCA-1.099,Zhuang-ABCA-1.097,3
997,scgpt,large_simple_niche_101091041787612815616963935606475521174,Zhuang-ABCA-1.099,Zhuang-ABCA-1.098,3
998,scgpt,large_simple_niche_101091041787612815616963935606475521174,Zhuang-ABCA-1.099,Zhuang-ABCA-3.001,3
999,scgpt,large_simple_niche_101091041787612815616963935606475521174,Zhuang-ABCA-1.099,Zhuang-ABCA-3.002,3
1000,scgpt,large_simple_niche_101091041787612815616963935606475521174,Zhuang-ABCA-1.099,Zhuang-ABCA-3.004,3
1001,scgpt,large_simple_niche_101091041787612815616963935606475521174,Zhuang-ABCA-1.099,Zhuang-ABCA-3.005,3
1002,gene_expr,large_simple_niche_101091041787612815616963935606475521174,Zhuang-ABCA-1.099,C57BL6J-638850.28,3
1003,gene_expr,large_simple_niche_101091041787612815616963935606475521174,Zhuang-ABCA-1.099,C57BL6J-638850.29,3
1004,gene_expr,large_simple_niche_101091041787612815616963935606475521174,Zhuang-ABCA-1.099,C57BL6J-638850.30,3
1005,gene_expr,large_simple_niche_101091041787612815616963935606475521174,Zhuang-ABCA-1.099,C57BL6J-638850.31,3
1006,gene_expr,large_simple_niche_101091041787612815616963935606475521174,Zhuang-ABCA-1.099,Zhuang-ABCA-1.096,3
1007,gene_expr,large_simple_niche_101091041787612815616963935606475521174,Zhuang-ABCA-1.099,Zhuang-ABCA-1.097,3
1008,gene_expr,large_simple_niche_101091041787612815616963935606475521174,Zhuang-ABCA-1.099,Zhuang-ABCA-1.098,3
1009,gene_expr,large_simple_niche_101091041787612815616963935606475521174,Zhuang-ABCA-1.099,Zhuang-ABCA-3.001,3
1010,gene_expr,large_simple_niche_101091041787612815616963935606475521174,Zhuang-ABCA-1.099,Zhuang-ABCA-3.002,3
1011,gene_expr,large_simple_niche_101091041787612815616963935606475521174,Zhuang-ABCA-1.099,Zhuang-ABCA-3.004,3
1012,gene_expr,large_simple_niche_101091041787612815616963935606475521174,Zhuang-ABCA-1.099,Zhuang-ABCA-3.005,3
1013,quest_gene_expr,large_simple_niche_162347547260704678876639497235674543226,Zhuang-ABCA-1.099,C57BL6J-638850.28,3
1014,quest_gene_expr,large_simple_niche_162347547260704678876639497235674543226,Zhuang-ABCA-1.099,C57BL6J-638850.29,3
1015,quest_gene_expr,large_simple_niche_162347547260704678876639497235674543226,Zhuang-ABCA-1.099,C57BL6J-638850.30,3
1016,quest_gene_expr,large_simple_niche_162347547260704678876639497235674543226,Zhuang-ABCA-1.099,C57BL6J-638850.31,3
1017,quest_gene_expr,large_simple_niche_162347547260704678876639497235674543226,Zhuang-ABCA-1.099,Zhuang-ABCA-1.096,3
1018,quest_gene_expr,large_simple_niche_162347547260704678876639497235674543226,Zhuang-ABCA-1.099,Zhuang-ABCA-1.097,3
1019,quest_gene_expr,large_simple_niche_162347547260704678876639497235674543226,Zhuang-ABCA-1.099,Zhuang-ABCA-1.098,3
1020,quest_gene_expr,large_simple_niche_162347547260704678876639497235674543226,Zhuang-ABCA-1.099,Zhuang-ABCA-3.001,3
1021,quest_gene_expr,large_simple_niche_162347547260704678876639497235674543226,Zhuang-ABCA-1.099,Zhuang-ABCA-3.002,3
1022,quest_gene_expr,large_simple_niche_162347547260704678876639497235674543226,Zhuang-ABCA-1.099,Zhuang-ABCA-3.004,3
1023,quest_gene_expr,large_simple_niche_162347547260704678876639497235674543226,Zhuang-ABCA-1.099,Zhuang-ABCA-3.005,3
1024,quest_scgpt,large_simple_niche_162347547260704678876639497235674543226,Zhuang-ABCA-1.099,C57BL6J-638850.28,3
1025,quest_scgpt,large_simple_niche_162347547260704678876639497235674543226,Zhuang-ABCA-1.099,C57BL6J-638850.29,3
1026,quest_scgpt,large_simple_niche_162347547260704678876639497235674543226,Zhuang-ABCA-1.099,C57BL6J-638850.30,3
1027,quest_scgpt,large_simple_niche_162347547260704678876639497235674543226,Zhuang-ABCA-1.099,C57BL6J-638850.31,3
1028,quest_scgpt,large_simple_niche_162347547260704678876639497235674543226,Zhuang-ABCA-1.099,Zhuang-ABCA-1.096,3
1029,quest_scgpt,large_simple_niche_162347547260704678876639497235674543226,Zhuang-ABCA-1.099,Zhuang-ABCA-1.097,3
1030,quest_scgpt,large_simple_niche_162347547260704678876639497235674543226,Zhuang-ABCA-1.099,Zhuang-ABCA-1.098,3
1031,quest_scgpt,large_simple_niche_162347547260704678876639497235674543226,Zhuang-ABCA-1.099,Zhuang-ABCA-3.001,3
1032,quest_scgpt,large_simple_niche_162347547260704678876639497235674543226,Zhuang-ABCA-1.099,Zhuang-ABCA-3.002,3
1033,quest_scgpt,large_simple_niche_162347547260704678876639497235674543226,Zhuang-ABCA-1.099,Zhuang-ABCA-3.004,3
1034,quest_scgpt,large_simple_niche_162347547260704678876639497235674543226,Zhuang-ABCA-1.099,Zhuang-ABCA-3.005,3
1035,scgpt,large_simple_niche_162347547260704678876639497235674543226,Zhuang-ABCA-1.099,C57BL6J-638850.28,3
1036,scgpt,large_simple_niche_162347547260704678876639497235674543226,Zhuang-ABCA-1.099,C57BL6J-638850.29,3
1037,scgpt,large_simple_niche_162347547260704678876639497235674543226,Zhuang-ABCA-1.099,C57BL6J-638850.30,3
1038,scgpt,large_simple_niche_162347547260704678876639497235674543226,Zhuang-ABCA-1.099,C57BL6J-638850.31,3
1039,scgpt,large_simple_niche_162347547260704678876639497235674543226,Zhuang-ABCA-1.099,Zhuang-ABCA-1.096,3
1040,scgpt,large_simple_niche_162347547260704678876639497235674543226,Zhuang-ABCA-1.099,Zhuang-ABCA-1.097,3
1041,scgpt,large_simple_niche_162347547260704678876639497235674543226,Zhuang-ABCA-1.099,Zhuang-ABCA-1.098,3
1042,scgpt,large_simple_niche_162347547260704678876639497235674543226,Zhuang-ABCA-1.099,Zhuang-ABCA-3.001,3
1043,scgpt,large_simple_niche_162347547260704678876639497235674543226,Zhuang-ABCA-1.099,Zhuang-ABCA-3.002,3
1044,scgpt,large_simple_niche_162347547260704678876639497235674543226,Zhuang-ABCA-1.099,Zhuang-ABCA-3.004,3
1045,scgpt,large_simple_niche_162347547260704678876639497235674543226,Zhuang-ABCA-1.099,Zhuang-ABCA-3.005,3
1046,gene_expr,large_simple_niche_162347547260704678876639497235674543226,Zhuang-ABCA-1.099,C57BL6J-638850.28,3
1047,gene_expr,large_simple_niche_162347547260704678876639497235674543226,Zhuang-ABCA-1.099,C57BL6J-638850.29,3
1048,gene_expr,large_simple_niche_162347547260704678876639497235674543226,Zhuang-ABCA-1.099,C57BL6J-638850.30,3
1049,gene_expr,large_simple_niche_162347547260704678876639497235674543226,Zhuang-ABCA-1.099,C57BL6J-638850.31,3
1050,gene_expr,large_simple_niche_162347547260704678876639497235674543226,Zhuang-ABCA-1.099,Zhuang-ABCA-1.096,3
1051,gene_expr,large_simple_niche_162347547260704678876639497235674543226,Zhuang-ABCA-1.099,Zhuang-ABCA-1.097,3
1052,gene_expr,large_simple_niche_162347547260704678876639497235674543226,Zhuang-ABCA-1.099,Zhuang-ABCA-1.098,3
1053,gene_expr,large_simple_niche_162347547260704678876639497235674543226,Zhuang-ABCA-1.099,Zhuang-ABCA-3.001,3
1054,gene_expr,large_simple_niche_162347547260704678876639497235674543226,Zhuang-ABCA-1.099,Zhuang-ABCA-3.002,3
1055,gene_expr,large_simple_niche_162347547260704678876639497235674543226,Zhuang-ABCA-1.099,Zhuang-ABCA-3.004,3
1056,gene_expr,large_simple_niche_162347547260704678876639497235674543226,Zhuang-ABCA-1.099,Zhuang-ABCA-3.005,3
1057,quest_gene_expr,large_simple_niche_294485874756298594876345688860082043211,Zhuang-ABCA-1.099,C57BL6J-638850.28,3
1058,quest_gene_expr,large_simple_niche_294485874756298594876345688860082043211,Zhuang-ABCA-1.099,C57BL6J-638850.29,3
1059,quest_gene_expr,large_simple_niche_294485874756298594876345688860082043211,Zhuang-ABCA-1.099,C57BL6J-638850.30,3
1060,quest_gene_expr,large_simple_niche_294485874756298594876345688860082043211,Zhuang-ABCA-1.099,C57BL6J-638850.31,3
1061,quest_gene_expr,large_simple_niche_294485874756298594876345688860082043211,Zhuang-ABCA-1.099,Zhuang-ABCA-1.096,3
1062,quest_gene_expr,large_simple_niche_294485874756298594876345688860082043211,Zhuang-ABCA-1.099,Zhuang-ABCA-1.097,3
1063,quest_gene_expr,large_simple_niche_294485874756298594876345688860082043211,Zhuang-ABCA-1.099,Zhuang-ABCA-1.098,3
1064,quest_gene_expr,large_simple_niche_294485874756298594876345688860082043211,Zhuang-ABCA-1.099,Zhuang-ABCA-3.001,3
1065,quest_gene_expr,large_simple_niche_294485874756298594876345688860082043211,Zhuang-ABCA-1.099,Zhuang-ABCA-3.002,3
1066,quest_gene_expr,large_simple_niche_294485874756298594876345688860082043211,Zhuang-ABCA-1.099,Zhuang-ABCA-3.004,3
1067,quest_gene_expr,large_simple_niche_294485874756298594876345688860082043211,Zhuang-ABCA-1.099,Zhuang-ABCA-3.005,3
1068,quest_scgpt,large_simple_niche_294485874756298594876345688860082043211,Zhuang-ABCA-1.099,C57BL6J-638850.28,3
1069,quest_scgpt,large_simple_niche_294485874756298594876345688860082043211,Zhuang-ABCA-1.099,C57BL6J-638850.29,3
1070,quest_scgpt,large_simple_niche_294485874756298594876345688860082043211,Zhuang-ABCA-1.099,C57BL6J-638850.30,3
1071,quest_scgpt,large_simple_niche_294485874756298594876345688860082043211,Zhuang-ABCA-1.099,C57BL6J-638850.31,3
1072,quest_scgpt,large_simple_niche_294485874756298594876345688860082043211,Zhuang-ABCA-1.099,Zhuang-ABCA-1.096,3
1073,quest_scgpt,large_simple_niche_294485874756298594876345688860082043211,Zhuang-ABCA-1.099,Zhuang-ABCA-1.097,3
1074,quest_scgpt,large_simple_niche_294485874756298594876345688860082043211,Zhuang-ABCA-1.099,Zhuang-ABCA-1.098,3
1075,quest_scgpt,large_simple_niche_294485874756298594876345688860082043211,Zhuang-ABCA-1.099,Zhuang-ABCA-3.001,3
1076,quest_scgpt,large_simple_niche_294485874756298594876345688860082043211,Zhuang-ABCA-1.099,Zhuang-ABCA-3.002,3
1077,quest_scgpt,large_simple_niche_294485874756298594876345688860082043211,Zhuang-ABCA-1.099,Zhuang-ABCA-3.004,3
1078,quest_scgpt,large_simple_niche_294485874756298594876345688860082043211,Zhuang-ABCA-1.099,Zhuang-ABCA-3.005,3
1079,scgpt,large_simple_niche_294485874756298594876345688860082043211,Zhuang-ABCA-1.099,C57BL6J-638850.28,3
1080,scgpt,large_simple_niche_294485874756298594876345688860082043211,Zhuang-ABCA-1.099,C57BL6J-638850.29,3
1081,scgpt,large_simple_niche_294485874756298594876345688860082043211,Zhuang-ABCA-1.099,C57BL6J-638850.30,3
1082,scgpt,large_simple_niche_294485874756298594876345688860082043211,Zhuang-ABCA-1.099,C57BL6J-638850.31,3
1083,scgpt,large_simple_niche_294485874756298594876345688860082043211,Zhuang-ABCA-1.099,Zhuang-ABCA-1.096,3
1084,scgpt,large_simple_niche_294485874756298594876345688860082043211,Zhuang-ABCA-1.099,Zhuang-ABCA-1.097,3
1085,scgpt,large_simple_niche_294485874756298594876345688860082043211,Zhuang-ABCA-1.099,Zhuang-ABCA-1.098,3
1086,scgpt,large_simple_niche_294485874756298594876345688860082043211,Zhuang-ABCA-1.099,Zhuang-ABCA-3.001,3
1087,scgpt,large_simple_niche_294485874756298594876345688860082043211,Zhuang-ABCA-1.099,Zhuang-ABCA-3.002,3
1088,scgpt,large_simple_niche_294485874756298594876345688860082043211,Zhuang-ABCA-1.099,Zhuang-ABCA-3.004,3
1089,scgpt,large_simple_niche_294485874756298594876345688860082043211,Zhuang-ABCA-1.099,Zhuang-ABCA-3.005,3
1090,gene_expr,large_simple_niche_294485874756298594876345688860082043211,Zhuang-ABCA-1.099,C57BL6J-638850.28,3
1091,gene_expr,large_simple_niche_294485874756298594876345688860082043211,Zhuang-ABCA-1.099,C57BL6J-638850.29,3
1092,gene_expr,large_simple_niche_294485874756298594876345688860082043211,Zhuang-ABCA-1.099,C57BL6J-638850.30,3
1093,gene_expr,large_simple_niche_294485874756298594876345688860082043211,Zhuang-ABCA-1.099,C57BL6J-638850.31,3
1094,gene_expr,large_simple_niche_294485874756298594876345688860082043211,Zhuang-ABCA-1.099,Zhuang-ABCA-1.096,3
1095,gene_expr,large_simple_niche_294485874756298594876345688860082043211,Zhuang-ABCA-1.099,Zhuang-ABCA-1.097,3
1096,gene_expr,large_simple_niche_294485874756298594876345688860082043211,Zhuang-ABCA-1.099,Zhuang-ABCA-1.098,3
1097,gene_expr,large_simple_niche_294485874756298594876345688860082043211,Zhuang-ABCA-1.099,Zhuang-ABCA-3.001,3
1098,gene_expr,large_simple_niche_294485874756298594876345688860082043211,Zhuang-ABCA-1.099,Zhuang-ABCA-3.002,3
1099,gene_expr,large_simple_niche_294485874756298594876345688860082043211,Zhuang-ABCA-1.099,Zhuang-ABCA-3.004,3
1100,gene_expr,large_simple_niche_294485874756298594876345688860082043211,Zhuang-ABCA-1.099,Zhuang-ABCA-3.005,3
1101,quest_gene_expr,large_simple_niche_62762786836443323203825666837466629773,Zhuang-ABCA-1.099,C57BL6J-638850.28,3
1102,quest_gene_expr,large_simple_niche_62762786836443323203825666837466629773,Zhuang-ABCA-1.099,C57BL6J-638850.29,3
1103,quest_gene_expr,large_simple_niche_62762786836443323203825666837466629773,Zhuang-ABCA-1.099,C57BL6J-638850.30,3
1104,quest_gene_expr,large_simple_niche_62762786836443323203825666837466629773,Zhuang-ABCA-1.099,C57BL6J-638850.31,3
1105,quest_gene_expr,large_simple_niche_62762786836443323203825666837466629773,Zhuang-ABCA-1.099,Zhuang-ABCA-1.096,3
1106,quest_gene_expr,large_simple_niche_62762786836443323203825666837466629773,Zhuang-ABCA-1.099,Zhuang-ABCA-1.097,3
1107,quest_gene_expr,large_simple_niche_62762786836443323203825666837466629773,Zhuang-ABCA-1.099,Zhuang-ABCA-1.098,3
1108,quest_gene_expr,large_simple_niche_62762786836443323203825666837466629773,Zhuang-ABCA-1.099,Zhuang-ABCA-3.001,3
1109,quest_gene_expr,large_simple_niche_62762786836443323203825666837466629773,Zhuang-ABCA-1.099,Zhuang-ABCA-3.002,3
1110,quest_gene_expr,large_simple_niche_62762786836443323203825666837466629773,Zhuang-ABCA-1.099,Zhuang-ABCA-3.004,3
1111,quest_gene_expr,large_simple_niche_62762786836443323203825666837466629773,Zhuang-ABCA-1.099,Zhuang-ABCA-3.005,3
1112,quest_scgpt,large_simple_niche_62762786836443323203825666837466629773,Zhuang-ABCA-1.099,C57BL6J-638850.28,3
1113,quest_scgpt,large_simple_niche_62762786836443323203825666837466629773,Zhuang-ABCA-1.099,C57BL6J-638850.29,3
1114,quest_scgpt,large_simple_niche_62762786836443323203825666837466629773,Zhuang-ABCA-1.099,C57BL6J-638850.30,3
1115,quest_scgpt,large_simple_niche_62762786836443323203825666837466629773,Zhuang-ABCA-1.099,C57BL6J-638850.31,3
1116,quest_scgpt,large_simple_niche_62762786836443323203825666837466629773,Zhuang-ABCA-1.099,Zhuang-ABCA-1.096,3
1117,quest_scgpt,large_simple_niche_62762786836443323203825666837466629773,Zhuang-ABCA-1.099,Zhuang-ABCA-1.097,3
1118,quest_scgpt,large_simple_niche_62762786836443323203825666837466629773,Zhuang-ABCA-1.099,Zhuang-ABCA-1.098,3
1119,quest_scgpt,large_simple_niche_62762786836443323203825666837466629773,Zhuang-ABCA-1.099,Zhuang-ABCA-3.001,3
1120,quest_scgpt,large_simple_niche_62762786836443323203825666837466629773,Zhuang-ABCA-1.099,Zhuang-ABCA-3.002,3
1121,quest_scgpt,large_simple_niche_62762786836443323203825666837466629773,Zhuang-ABCA-1.099,Zhuang-ABCA-3.004,3
1122,quest_scgpt,large_simple_niche_62762786836443323203825666837466629773,Zhuang-ABCA-1.099,Zhuang-ABCA-3.005,3
1123,scgpt,large_simple_niche_62762786836443323203825666837466629773,Zhuang-ABCA-1.099,C57BL6J-638850.28,3
1124,scgpt,large_simple_niche_62762786836443323203825666837466629773,Zhuang-ABCA-1.099,C57BL6J-638850.29,3
1125,scgpt,large_simple_niche_62762786836443323203825666837466629773,Zhuang-ABCA-1.099,C57BL6J-638850.30,3
1126,scgpt,large_simple_niche_62762786836443323203825666837466629773,Zhuang-ABCA-1.099,C57BL6J-638850.31,3
1127,scgpt,large_simple_niche_62762786836443323203825666837466629773,Zhuang-ABCA-1.099,Zhuang-ABCA-1.096,3
1128,scgpt,large_simple_niche_62762786836443323203825666837466629773,Zhuang-ABCA-1.099,Zhuang-ABCA-1.097,3
1129,scgpt,large_simple_niche_62762786836443323203825666837466629773,Zhuang-ABCA-1.099,Zhuang-ABCA-1.098,3
1130,scgpt,large_simple_niche_62762786836443323203825666837466629773,Zhuang-ABCA-1.099,Zhuang-ABCA-3.001,3
1131,scgpt,large_simple_niche_62762786836443323203825666837466629773,Zhuang-ABCA-1.099,Zhuang-ABCA-3.002,3
1132,scgpt,large_simple_niche_62762786836443323203825666837466629773,Zhuang-ABCA-1.099,Zhuang-ABCA-3.004,3
1133,scgpt,large_simple_niche_62762786836443323203825666837466629773,Zhuang-ABCA-1.099,Zhuang-ABCA-3.005,3
1134,gene_expr,large_simple_niche_62762786836443323203825666837466629773,Zhuang-ABCA-1.099,C57BL6J-638850.28,3
1135,gene_expr,large_simple_niche_62762786836443323203825666837466629773,Zhuang-ABCA-1.099,C57BL6J-638850.29,3
1136,gene_expr,large_simple_niche_62762786836443323203825666837466629773,Zhuang-ABCA-1.099,C57BL6J-638850.30,3
1137,gene_expr,large_simple_niche_62762786836443323203825666837466629773,Zhuang-ABCA-1.099,C57BL6J-638850.31,3
1138,gene_expr,large_simple_niche_62762786836443323203825666837466629773,Zhuang-ABCA-1.099,Zhuang-ABCA-1.096,3
1139,gene_expr,large_simple_niche_62762786836443323203825666837466629773,Zhuang-ABCA-1.099,Zhuang-ABCA-1.097,3
1140,gene_expr,large_simple_niche_62762786836443323203825666837466629773,Zhuang-ABCA-1.099,Zhuang-ABCA-1.098,3
1141,gene_expr,large_simple_niche_62762786836443323203825666837466629773,Zhuang-ABCA-1.099,Zhuang-ABCA-3.001,3
1142,gene_expr,large_simple_niche_62762786836443323203825666837466629773,Zhuang-ABCA-1.099,Zhuang-ABCA-3.002,3
1143,gene_expr,large_simple_niche_62762786836443323203825666837466629773,Zhuang-ABCA-1.099,Zhuang-ABCA-3.004,3
1144,gene_expr,large_simple_niche_62762786836443323203825666837466629773,Zhuang-ABCA-1.099,Zhuang-ABCA-3.005,3
1145,quest_gene_expr,large_simple_niche_121222663899341689833551289289410197622,Zhuang-ABCA-3.001,C57BL6J-638850.28,3
1146,quest_gene_expr,large_simple_niche_121222663899341689833551289289410197622,Zhuang-ABCA-3.001,C57BL6J-638850.29,3
1147,quest_gene_expr,large_simple_niche_121222663899341689833551289289410197622,Zhuang-ABCA-3.001,C57BL6J-638850.30,3
1148,quest_gene_expr,large_simple_niche_121222663899341689833551289289410197622,Zhuang-ABCA-3.001,C57BL6J-638850.31,3
1149,quest_gene_expr,large_simple_niche_121222663899341689833551289289410197622,Zhuang-ABCA-3.001,Zhuang-ABCA-1.096,3
1150,quest_gene_expr,large_simple_niche_121222663899341689833551289289410197622,Zhuang-ABCA-3.001,Zhuang-ABCA-1.097,3
1151,quest_gene_expr,large_simple_niche_121222663899341689833551289289410197622,Zhuang-ABCA-3.001,Zhuang-ABCA-1.098,3
1152,quest_gene_expr,large_simple_niche_121222663899341689833551289289410197622,Zhuang-ABCA-3.001,Zhuang-ABCA-1.099,3
1153,quest_gene_expr,large_simple_niche_121222663899341689833551289289410197622,Zhuang-ABCA-3.001,Zhuang-ABCA-3.002,3
1154,quest_gene_expr,large_simple_niche_121222663899341689833551289289410197622,Zhuang-ABCA-3.001,Zhuang-ABCA-3.004,3
1155,quest_gene_expr,large_simple_niche_121222663899341689833551289289410197622,Zhuang-ABCA-3.001,Zhuang-ABCA-3.005,3
1156,quest_scgpt,large_simple_niche_121222663899341689833551289289410197622,Zhuang-ABCA-3.001,C57BL6J-638850.28,3
1157,quest_scgpt,large_simple_niche_121222663899341689833551289289410197622,Zhuang-ABCA-3.001,C57BL6J-638850.29,3
1158,quest_scgpt,large_simple_niche_121222663899341689833551289289410197622,Zhuang-ABCA-3.001,C57BL6J-638850.30,3
1159,quest_scgpt,large_simple_niche_121222663899341689833551289289410197622,Zhuang-ABCA-3.001,C57BL6J-638850.31,3
1160,quest_scgpt,large_simple_niche_121222663899341689833551289289410197622,Zhuang-ABCA-3.001,Zhuang-ABCA-1.096,3
1161,quest_scgpt,large_simple_niche_121222663899341689833551289289410197622,Zhuang-ABCA-3.001,Zhuang-ABCA-1.097,3
1162,quest_scgpt,large_simple_niche_121222663899341689833551289289410197622,Zhuang-ABCA-3.001,Zhuang-ABCA-1.098,3
1163,quest_scgpt,large_simple_niche_121222663899341689833551289289410197622,Zhuang-ABCA-3.001,Zhuang-ABCA-1.099,3
1164,quest_scgpt,large_simple_niche_121222663899341689833551289289410197622,Zhuang-ABCA-3.001,Zhuang-ABCA-3.002,3
1165,quest_scgpt,large_simple_niche_121222663899341689833551289289410197622,Zhuang-ABCA-3.001,Zhuang-ABCA-3.004,3
1166,quest_scgpt,large_simple_niche_121222663899341689833551289289410197622,Zhuang-ABCA-3.001,Zhuang-ABCA-3.005,3
1167,scgpt,large_simple_niche_121222663899341689833551289289410197622,Zhuang-ABCA-3.001,C57BL6J-638850.28,3
1168,scgpt,large_simple_niche_121222663899341689833551289289410197622,Zhuang-ABCA-3.001,C57BL6J-638850.29,3
1169,scgpt,large_simple_niche_121222663899341689833551289289410197622,Zhuang-ABCA-3.001,C57BL6J-638850.30,3
1170,scgpt,large_simple_niche_121222663899341689833551289289410197622,Zhuang-ABCA-3.001,C57BL6J-638850.31,3
1171,scgpt,large_simple_niche_121222663899341689833551289289410197622,Zhuang-ABCA-3.001,Zhuang-ABCA-1.096,3
1172,scgpt,large_simple_niche_121222663899341689833551289289410197622,Zhuang-ABCA-3.001,Zhuang-ABCA-1.097,3
1173,scgpt,large_simple_niche_121222663899341689833551289289410197622,Zhuang-ABCA-3.001,Zhuang-ABCA-1.098,3
1174,scgpt,large_simple_niche_121222663899341689833551289289410197622,Zhuang-ABCA-3.001,Zhuang-ABCA-1.099,3
1175,scgpt,large_simple_niche_121222663899341689833551289289410197622,Zhuang-ABCA-3.001,Zhuang-ABCA-3.002,3
1176,scgpt,large_simple_niche_121222663899341689833551289289410197622,Zhuang-ABCA-3.001,Zhuang-ABCA-3.004,3
1177,scgpt,large_simple_niche_121222663899341689833551289289410197622,Zhuang-ABCA-3.001,Zhuang-ABCA-3.005,3
1178,gene_expr,large_simple_niche_121222663899341689833551289289410197622,Zhuang-ABCA-3.001,C57BL6J-638850.28,3
1179,gene_expr,large_simple_niche_121222663899341689833551289289410197622,Zhuang-ABCA-3.001,C57BL6J-638850.29,3
1180,gene_expr,large_simple_niche_121222663899341689833551289289410197622,Zhuang-ABCA-3.001,C57BL6J-638850.30,3
1181,gene_expr,large_simple_niche_121222663899341689833551289289410197622,Zhuang-ABCA-3.001,C57BL6J-638850.31,3
1182,gene_expr,large_simple_niche_121222663899341689833551289289410197622,Zhuang-ABCA-3.001,Zhuang-ABCA-1.096,3
1183,gene_expr,large_simple_niche_121222663899341689833551289289410197622,Zhuang-ABCA-3.001,Zhuang-ABCA-1.097,3
1184,gene_expr,large_simple_niche_121222663899341689833551289289410197622,Zhuang-ABCA-3.001,Zhuang-ABCA-1.098,3
1185,gene_expr,large_simple_niche_121222663899341689833551289289410197622,Zhuang-ABCA-3.001,Zhuang-ABCA-1.099,3
1186,gene_expr,large_simple_niche_121222663899341689833551289289410197622,Zhuang-ABCA-3.001,Zhuang-ABCA-3.002,3
1187,gene_expr,large_simple_niche_121222663899341689833551289289410197622,Zhuang-ABCA-3.001,Zhuang-ABCA-3.004,3
1188,gene_expr,large_simple_niche_121222663899341689833551289289410197622,Zhuang-ABCA-3.001,Zhuang-ABCA-3.005,3
1189,quest_gene_expr,large_simple_niche_192561380822669122715215113594441296688,Zhuang-ABCA-3.001,C57BL6J-638850.28,3
1190,quest_gene_expr,large_simple_niche_192561380822669122715215113594441296688,Zhuang-ABCA-3.001,C57BL6J-638850.29,3
1191,quest_gene_expr,large_simple_niche_192561380822669122715215113594441296688,Zhuang-ABCA-3.001,C57BL6J-638850.30,3
1192,quest_gene_expr,large_simple_niche_192561380822669122715215113594441296688,Zhuang-ABCA-3.001,C57BL6J-638850.31,3
1193,quest_gene_expr,large_simple_niche_192561380822669122715215113594441296688,Zhuang-ABCA-3.001,Zhuang-ABCA-1.096,3
1194,quest_gene_expr,large_simple_niche_192561380822669122715215113594441296688,Zhuang-ABCA-3.001,Zhuang-ABCA-1.097,3
1195,quest_gene_expr,large_simple_niche_192561380822669122715215113594441296688,Zhuang-ABCA-3.001,Zhuang-ABCA-1.098,3
1196,quest_gene_expr,large_simple_niche_192561380822669122715215113594441296688,Zhuang-ABCA-3.001,Zhuang-ABCA-1.099,3
1197,quest_gene_expr,large_simple_niche_192561380822669122715215113594441296688,Zhuang-ABCA-3.001,Zhuang-ABCA-3.002,3
1198,quest_gene_expr,large_simple_niche_192561380822669122715215113594441296688,Zhuang-ABCA-3.001,Zhuang-ABCA-3.004,3
1199,quest_gene_expr,large_simple_niche_192561380822669122715215113594441296688,Zhuang-ABCA-3.001,Zhuang-ABCA-3.005,3
1200,quest_scgpt,large_simple_niche_192561380822669122715215113594441296688,Zhuang-ABCA-3.001,C57BL6J-638850.28,3
1201,quest_scgpt,large_simple_niche_192561380822669122715215113594441296688,Zhuang-ABCA-3.001,C57BL6J-638850.29,3
1202,quest_scgpt,large_simple_niche_192561380822669122715215113594441296688,Zhuang-ABCA-3.001,C57BL6J-638850.30,3
1203,quest_scgpt,large_simple_niche_192561380822669122715215113594441296688,Zhuang-ABCA-3.001,C57BL6J-638850.31,3
1204,quest_scgpt,large_simple_niche_192561380822669122715215113594441296688,Zhuang-ABCA-3.001,Zhuang-ABCA-1.096,3
1205,quest_scgpt,large_simple_niche_192561380822669122715215113594441296688,Zhuang-ABCA-3.001,Zhuang-ABCA-1.097,3
1206,quest_scgpt,large_simple_niche_192561380822669122715215113594441296688,Zhuang-ABCA-3.001,Zhuang-ABCA-1.098,3
1207,quest_scgpt,large_simple_niche_192561380822669122715215113594441296688,Zhuang-ABCA-3.001,Zhuang-ABCA-1.099,3
1208,quest_scgpt,large_simple_niche_192561380822669122715215113594441296688,Zhuang-ABCA-3.001,Zhuang-ABCA-3.002,3
1209,quest_scgpt,large_simple_niche_192561380822669122715215113594441296688,Zhuang-ABCA-3.001,Zhuang-ABCA-3.004,3
1210,quest_scgpt,large_simple_niche_192561380822669122715215113594441296688,Zhuang-ABCA-3.001,Zhuang-ABCA-3.005,3
1211,scgpt,large_simple_niche_192561380822669122715215113594441296688,Zhuang-ABCA-3.001,C57BL6J-638850.28,3
1212,scgpt,large_simple_niche_192561380822669122715215113594441296688,Zhuang-ABCA-3.001,C57BL6J-638850.29,3
1213,scgpt,large_simple_niche_192561380822669122715215113594441296688,Zhuang-ABCA-3.001,C57BL6J-638850.30,3
1214,scgpt,large_simple_niche_192561380822669122715215113594441296688,Zhuang-ABCA-3.001,C57BL6J-638850.31,3
1215,scgpt,large_simple_niche_192561380822669122715215113594441296688,Zhuang-ABCA-3.001,Zhuang-ABCA-1.096,3
1216,scgpt,large_simple_niche_192561380822669122715215113594441296688,Zhuang-ABCA-3.001,Zhuang-ABCA-1.097,3
1217,scgpt,large_simple_niche_192561380822669122715215113594441296688,Zhuang-ABCA-3.001,Zhuang-ABCA-1.098,3
1218,scgpt,large_simple_niche_192561380822669122715215113594441296688,Zhuang-ABCA-3.001,Zhuang-ABCA-1.099,3
1219,scgpt,large_simple_niche_192561380822669122715215113594441296688,Zhuang-ABCA-3.001,Zhuang-ABCA-3.002,3
1220,scgpt,large_simple_niche_192561380822669122715215113594441296688,Zhuang-ABCA-3.001,Zhuang-ABCA-3.004,3
1221,scgpt,large_simple_niche_192561380822669122715215113594441296688,Zhuang-ABCA-3.001,Zhuang-ABCA-3.005,3
1222,gene_expr,large_simple_niche_192561380822669122715215113594441296688,Zhuang-ABCA-3.001,C57BL6J-638850.28,3
1223,gene_expr,large_simple_niche_192561380822669122715215113594441296688,Zhuang-ABCA-3.001,C57BL6J-638850.29,3
1224,gene_expr,large_simple_niche_192561380822669122715215113594441296688,Zhuang-ABCA-3.001,C57BL6J-638850.30,3
1225,gene_expr,large_simple_niche_192561380822669122715215113594441296688,Zhuang-ABCA-3.001,C57BL6J-638850.31,3
1226,gene_expr,large_simple_niche_192561380822669122715215113594441296688,Zhuang-ABCA-3.001,Zhuang-ABCA-1.096,3
1227,gene_expr,large_simple_niche_192561380822669122715215113594441296688,Zhuang-ABCA-3.001,Zhuang-ABCA-1.097,3
1228,gene_expr,large_simple_niche_192561380822669122715215113594441296688,Zhuang-ABCA-3.001,Zhuang-ABCA-1.098,3
1229,gene_expr,large_simple_niche_192561380822669122715215113594441296688,Zhuang-ABCA-3.001,Zhuang-ABCA-1.099,3
1230,gene_expr,large_simple_niche_192561380822669122715215113594441296688,Zhuang-ABCA-3.001,Zhuang-ABCA-3.002,3
1231,gene_expr,large_simple_niche_192561380822669122715215113594441296688,Zhuang-ABCA-3.001,Zhuang-ABCA-3.004,3
1232,gene_expr,large_simple_niche_192561380822669122715215113594441296688,Zhuang-ABCA-3.001,Zhuang-ABCA-3.005,3
1233,quest_gene_expr,large_simple_niche_10954756915750795762711761253214285725,Zhuang-ABCA-3.002,C57BL6J-638850.28,3
1234,quest_gene_expr,large_simple_niche_10954756915750795762711761253214285725,Zhuang-ABCA-3.002,C57BL6J-638850.29,3
1235,quest_gene_expr,large_simple_niche_10954756915750795762711761253214285725,Zhuang-ABCA-3.002,C57BL6J-638850.30,3
1236,quest_gene_expr,large_simple_niche_10954756915750795762711761253214285725,Zhuang-ABCA-3.002,C57BL6J-638850.31,3
1237,quest_gene_expr,large_simple_niche_10954756915750795762711761253214285725,Zhuang-ABCA-3.002,Zhuang-ABCA-1.096,3
1238,quest_gene_expr,large_simple_niche_10954756915750795762711761253214285725,Zhuang-ABCA-3.002,Zhuang-ABCA-1.097,3
1239,quest_gene_expr,large_simple_niche_10954756915750795762711761253214285725,Zhuang-ABCA-3.002,Zhuang-ABCA-1.098,3
1240,quest_gene_expr,large_simple_niche_10954756915750795762711761253214285725,Zhuang-ABCA-3.002,Zhuang-ABCA-1.099,3
1241,quest_gene_expr,large_simple_niche_10954756915750795762711761253214285725,Zhuang-ABCA-3.002,Zhuang-ABCA-3.001,3
1242,quest_gene_expr,large_simple_niche_10954756915750795762711761253214285725,Zhuang-ABCA-3.002,Zhuang-ABCA-3.004,3
1243,quest_gene_expr,large_simple_niche_10954756915750795762711761253214285725,Zhuang-ABCA-3.002,Zhuang-ABCA-3.005,3
1244,quest_scgpt,large_simple_niche_10954756915750795762711761253214285725,Zhuang-ABCA-3.002,C57BL6J-638850.28,3
1245,quest_scgpt,large_simple_niche_10954756915750795762711761253214285725,Zhuang-ABCA-3.002,C57BL6J-638850.29,3
1246,quest_scgpt,large_simple_niche_10954756915750795762711761253214285725,Zhuang-ABCA-3.002,C57BL6J-638850.30,3
1247,quest_scgpt,large_simple_niche_10954756915750795762711761253214285725,Zhuang-ABCA-3.002,C57BL6J-638850.31,3
1248,quest_scgpt,large_simple_niche_10954756915750795762711761253214285725,Zhuang-ABCA-3.002,Zhuang-ABCA-1.096,3
1249,quest_scgpt,large_simple_niche_10954756915750795762711761253214285725,Zhuang-ABCA-3.002,Zhuang-ABCA-1.097,3
1250,quest_scgpt,large_simple_niche_10954756915750795762711761253214285725,Zhuang-ABCA-3.002,Zhuang-ABCA-1.098,3
1251,quest_scgpt,large_simple_niche_10954756915750795762711761253214285725,Zhuang-ABCA-3.002,Zhuang-ABCA-1.099,3
1252,quest_scgpt,large_simple_niche_10954756915750795762711761253214285725,Zhuang-ABCA-3.002,Zhuang-ABCA-3.001,3
1253,quest_scgpt,large_simple_niche_10954756915750795762711761253214285725,Zhuang-ABCA-3.002,Zhuang-ABCA-3.004,3
1254,quest_scgpt,large_simple_niche_10954756915750795762711761253214285725,Zhuang-ABCA-3.002,Zhuang-ABCA-3.005,3
1255,scgpt,large_simple_niche_10954756915750795762711761253214285725,Zhuang-ABCA-3.002,C57BL6J-638850.28,3
1256,scgpt,large_simple_niche_10954756915750795762711761253214285725,Zhuang-ABCA-3.002,C57BL6J-638850.29,3
1257,scgpt,large_simple_niche_10954756915750795762711761253214285725,Zhuang-ABCA-3.002,C57BL6J-638850.30,3
1258,scgpt,large_simple_niche_10954756915750795762711761253214285725,Zhuang-ABCA-3.002,C57BL6J-638850.31,3
1259,scgpt,large_simple_niche_10954756915750795762711761253214285725,Zhuang-ABCA-3.002,Zhuang-ABCA-1.096,3
1260,scgpt,large_simple_niche_10954756915750795762711761253214285725,Zhuang-ABCA-3.002,Zhuang-ABCA-1.097,3
1261,scgpt,large_simple_niche_10954756915750795762711761253214285725,Zhuang-ABCA-3.002,Zhuang-ABCA-1.098,3
1262,scgpt,large_simple_niche_10954756915750795762711761253214285725,Zhuang-ABCA-3.002,Zhuang-ABCA-1.099,3
1263,scgpt,large_simple_niche_10954756915750795762711761253214285725,Zhuang-ABCA-3.002,Zhuang-ABCA-3.001,3
1264,scgpt,large_simple_niche_10954756915750795762711761253214285725,Zhuang-ABCA-3.002,Zhuang-ABCA-3.004,3
1265,scgpt,large_simple_niche_10954756915750795762711761253214285725,Zhuang-ABCA-3.002,Zhuang-ABCA-3.005,3
1266,gene_expr,large_simple_niche_10954756915750795762711761253214285725,Zhuang-ABCA-3.002,C57BL6J-638850.28,3
1267,gene_expr,large_simple_niche_10954756915750795762711761253214285725,Zhuang-ABCA-3.002,C57BL6J-638850.29,3
1268,gene_expr,large_simple_niche_10954756915750795762711761253214285725,Zhuang-ABCA-3.002,C57BL6J-638850.30,3
1269,gene_expr,large_simple_niche_10954756915750795762711761253214285725,Zhuang-ABCA-3.002,C57BL6J-638850.31,3
1270,gene_expr,large_simple_niche_10954756915750795762711761253214285725,Zhuang-ABCA-3.002,Zhuang-ABCA-1.096,3
1271,gene_expr,large_simple_niche_10954756915750795762711761253214285725,Zhuang-ABCA-3.002,Zhuang-ABCA-1.097,3
1272,gene_expr,large_simple_niche_10954756915750795762711761253214285725,Zhuang-ABCA-3.002,Zhuang-ABCA-1.098,3
1273,gene_expr,large_simple_niche_10954756915750795762711761253214285725,Zhuang-ABCA-3.002,Zhuang-ABCA-1.099,3
1274,gene_expr,large_simple_niche_10954756915750795762711761253214285725,Zhuang-ABCA-3.002,Zhuang-ABCA-3.001,3
1275,gene_expr,large_simple_niche_10954756915750795762711761253214285725,Zhuang-ABCA-3.002,Zhuang-ABCA-3.004,3
1276,gene_expr,large_simple_niche_10954756915750795762711761253214285725,Zhuang-ABCA-3.002,Zhuang-ABCA-3.005,3
1277,quest_gene_expr,large_simple_niche_125860591516241773591108740305149463728,Zhuang-ABCA-3.002,C57BL6J-638850.28,3
1278,quest_gene_expr,large_simple_niche_125860591516241773591108740305149463728,Zhuang-ABCA-3.002,C57BL6J-638850.29,3
1279,quest_gene_expr,large_simple_niche_125860591516241773591108740305149463728,Zhuang-ABCA-3.002,C57BL6J-638850.30,3
1280,quest_gene_expr,large_simple_niche_125860591516241773591108740305149463728,Zhuang-ABCA-3.002,C57BL6J-638850.31,3
1281,quest_gene_expr,large_simple_niche_125860591516241773591108740305149463728,Zhuang-ABCA-3.002,Zhuang-ABCA-1.096,3
1282,quest_gene_expr,large_simple_niche_125860591516241773591108740305149463728,Zhuang-ABCA-3.002,Zhuang-ABCA-1.097,3
1283,quest_gene_expr,large_simple_niche_125860591516241773591108740305149463728,Zhuang-ABCA-3.002,Zhuang-ABCA-1.098,3
1284,quest_gene_expr,large_simple_niche_125860591516241773591108740305149463728,Zhuang-ABCA-3.002,Zhuang-ABCA-1.099,3
1285,quest_gene_expr,large_simple_niche_125860591516241773591108740305149463728,Zhuang-ABCA-3.002,Zhuang-ABCA-3.001,3
1286,quest_gene_expr,large_simple_niche_125860591516241773591108740305149463728,Zhuang-ABCA-3.002,Zhuang-ABCA-3.004,3
1287,quest_gene_expr,large_simple_niche_125860591516241773591108740305149463728,Zhuang-ABCA-3.002,Zhuang-ABCA-3.005,3
1288,quest_scgpt,large_simple_niche_125860591516241773591108740305149463728,Zhuang-ABCA-3.002,C57BL6J-638850.28,3
1289,quest_scgpt,large_simple_niche_125860591516241773591108740305149463728,Zhuang-ABCA-3.002,C57BL6J-638850.29,3
1290,quest_scgpt,large_simple_niche_125860591516241773591108740305149463728,Zhuang-ABCA-3.002,C57BL6J-638850.30,3
1291,quest_scgpt,large_simple_niche_125860591516241773591108740305149463728,Zhuang-ABCA-3.002,C57BL6J-638850.31,3
1292,quest_scgpt,large_simple_niche_125860591516241773591108740305149463728,Zhuang-ABCA-3.002,Zhuang-ABCA-1.096,3
1293,quest_scgpt,large_simple_niche_125860591516241773591108740305149463728,Zhuang-ABCA-3.002,Zhuang-ABCA-1.097,3
1294,quest_scgpt,large_simple_niche_125860591516241773591108740305149463728,Zhuang-ABCA-3.002,Zhuang-ABCA-1.098,3
1295,quest_scgpt,large_simple_niche_125860591516241773591108740305149463728,Zhuang-ABCA-3.002,Zhuang-ABCA-1.099,3
1296,quest_scgpt,large_simple_niche_125860591516241773591108740305149463728,Zhuang-ABCA-3.002,Zhuang-ABCA-3.001,3
1297,quest_scgpt,large_simple_niche_125860591516241773591108740305149463728,Zhuang-ABCA-3.002,Zhuang-ABCA-3.004,3
1298,quest_scgpt,large_simple_niche_125860591516241773591108740305149463728,Zhuang-ABCA-3.002,Zhuang-ABCA-3.005,3
1299,scgpt,large_simple_niche_125860591516241773591108740305149463728,Zhuang-ABCA-3.002,C57BL6J-638850.28,3
1300,scgpt,large_simple_niche_125860591516241773591108740305149463728,Zhuang-ABCA-3.002,C57BL6J-638850.29,3
1301,scgpt,large_simple_niche_125860591516241773591108740305149463728,Zhuang-ABCA-3.002,C57BL6J-638850.30,3
1302,scgpt,large_simple_niche_125860591516241773591108740305149463728,Zhuang-ABCA-3.002,C57BL6J-638850.31,3
1303,scgpt,large_simple_niche_125860591516241773591108740305149463728,Zhuang-ABCA-3.002,Zhuang-ABCA-1.096,3
1304,scgpt,large_simple_niche_125860591516241773591108740305149463728,Zhuang-ABCA-3.002,Zhuang-ABCA-1.097,3
1305,scgpt,large_simple_niche_125860591516241773591108740305149463728,Zhuang-ABCA-3.002,Zhuang-ABCA-1.098,3
1306,scgpt,large_simple_niche_125860591516241773591108740305149463728,Zhuang-ABCA-3.002,Zhuang-ABCA-1.099,3
1307,scgpt,large_simple_niche_125860591516241773591108740305149463728,Zhuang-ABCA-3.002,Zhuang-ABCA-3.001,3
1308,scgpt,large_simple_niche_125860591516241773591108740305149463728,Zhuang-ABCA-3.002,Zhuang-ABCA-3.004,3
1309,scgpt,large_simple_niche_125860591516241773591108740305149463728,Zhuang-ABCA-3.002,Zhuang-ABCA-3.005,3
1310,gene_expr,large_simple_niche_125860591516241773591108740305149463728,Zhuang-ABCA-3.002,C57BL6J-638850.28,3
1311,gene_expr,large_simple_niche_125860591516241773591108740305149463728,Zhuang-ABCA-3.002,C57BL6J-638850.29,3
1312,gene_expr,large_simple_niche_125860591516241773591108740305149463728,Zhuang-ABCA-3.002,C57BL6J-638850.30,3
1313,gene_expr,large_simple_niche_125860591516241773591108740305149463728,Zhuang-ABCA-3.002,C57BL6J-638850.31,3
1314,gene_expr,large_simple_niche_125860591516241773591108740305149463728,Zhuang-ABCA-3.002,Zhuang-ABCA-1.096,3
1315,gene_expr,large_simple_niche_125860591516241773591108740305149463728,Zhuang-ABCA-3.002,Zhuang-ABCA-1.097,3
1316,gene_expr,large_simple_niche_125860591516241773591108740305149463728,Zhuang-ABCA-3.002,Zhuang-ABCA-1.098,3
1317,gene_expr,large_simple_niche_125860591516241773591108740305149463728,Zhuang-ABCA-3.002,Zhuang-ABCA-1.099,3
1318,gene_expr,large_simple_niche_125860591516241773591108740305149463728,Zhuang-ABCA-3.002,Zhuang-ABCA-3.001,3
1319,gene_expr,large_simple_niche_125860591516241773591108740305149463728,Zhuang-ABCA-3.002,Zhuang-ABCA-3.004,3
1320,gene_expr,large_simple_niche_125860591516241773591108740305149463728,Zhuang-ABCA-3.002,Zhuang-ABCA-3.005,3
1321,quest_gene_expr,large_simple_niche_135266499521890624564733261904887163307,Zhuang-ABCA-3.002,C57BL6J-638850.28,3
1322,quest_gene_expr,large_simple_niche_135266499521890624564733261904887163307,Zhuang-ABCA-3.002,C57BL6J-638850.29,3
1323,quest_gene_expr,large_simple_niche_135266499521890624564733261904887163307,Zhuang-ABCA-3.002,C57BL6J-638850.30,3
1324,quest_gene_expr,large_simple_niche_135266499521890624564733261904887163307,Zhuang-ABCA-3.002,C57BL6J-638850.31,3
1325,quest_gene_expr,large_simple_niche_135266499521890624564733261904887163307,Zhuang-ABCA-3.002,Zhuang-ABCA-1.096,3
1326,quest_gene_expr,large_simple_niche_135266499521890624564733261904887163307,Zhuang-ABCA-3.002,Zhuang-ABCA-1.097,3
1327,quest_gene_expr,large_simple_niche_135266499521890624564733261904887163307,Zhuang-ABCA-3.002,Zhuang-ABCA-1.098,3
1328,quest_gene_expr,large_simple_niche_135266499521890624564733261904887163307,Zhuang-ABCA-3.002,Zhuang-ABCA-1.099,3
1329,quest_gene_expr,large_simple_niche_135266499521890624564733261904887163307,Zhuang-ABCA-3.002,Zhuang-ABCA-3.001,3
1330,quest_gene_expr,large_simple_niche_135266499521890624564733261904887163307,Zhuang-ABCA-3.002,Zhuang-ABCA-3.004,3
1331,quest_gene_expr,large_simple_niche_135266499521890624564733261904887163307,Zhuang-ABCA-3.002,Zhuang-ABCA-3.005,3
1332,quest_scgpt,large_simple_niche_135266499521890624564733261904887163307,Zhuang-ABCA-3.002,C57BL6J-638850.28,3
1333,quest_scgpt,large_simple_niche_135266499521890624564733261904887163307,Zhuang-ABCA-3.002,C57BL6J-638850.29,3
1334,quest_scgpt,large_simple_niche_135266499521890624564733261904887163307,Zhuang-ABCA-3.002,C57BL6J-638850.30,3
1335,quest_scgpt,large_simple_niche_135266499521890624564733261904887163307,Zhuang-ABCA-3.002,C57BL6J-638850.31,3
1336,quest_scgpt,large_simple_niche_135266499521890624564733261904887163307,Zhuang-ABCA-3.002,Zhuang-ABCA-1.096,3
1337,quest_scgpt,large_simple_niche_135266499521890624564733261904887163307,Zhuang-ABCA-3.002,Zhuang-ABCA-1.097,3
1338,quest_scgpt,large_simple_niche_135266499521890624564733261904887163307,Zhuang-ABCA-3.002,Zhuang-ABCA-1.098,3
1339,quest_scgpt,large_simple_niche_135266499521890624564733261904887163307,Zhuang-ABCA-3.002,Zhuang-ABCA-1.099,3
1340,quest_scgpt,large_simple_niche_135266499521890624564733261904887163307,Zhuang-ABCA-3.002,Zhuang-ABCA-3.001,3
1341,quest_scgpt,large_simple_niche_135266499521890624564733261904887163307,Zhuang-ABCA-3.002,Zhuang-ABCA-3.004,3
1342,quest_scgpt,large_simple_niche_135266499521890624564733261904887163307,Zhuang-ABCA-3.002,Zhuang-ABCA-3.005,3
1343,scgpt,large_simple_niche_135266499521890624564733261904887163307,Zhuang-ABCA-3.002,C57BL6J-638850.28,3
1344,scgpt,large_simple_niche_135266499521890624564733261904887163307,Zhuang-ABCA-3.002,C57BL6J-638850.29,3
1345,scgpt,large_simple_niche_135266499521890624564733261904887163307,Zhuang-ABCA-3.002,C57BL6J-638850.30,3
1346,scgpt,large_simple_niche_135266499521890624564733261904887163307,Zhuang-ABCA-3.002,C57BL6J-638850.31,3
1347,scgpt,large_simple_niche_135266499521890624564733261904887163307,Zhuang-ABCA-3.002,Zhuang-ABCA-1.096,3
1348,scgpt,large_simple_niche_135266499521890624564733261904887163307,Zhuang-ABCA-3.002,Zhuang-ABCA-1.097,3
1349,scgpt,large_simple_niche_135266499521890624564733261904887163307,Zhuang-ABCA-3.002,Zhuang-ABCA-1.098,3
1350,scgpt,large_simple_niche_135266499521890624564733261904887163307,Zhuang-ABCA-3.002,Zhuang-ABCA-1.099,3
1351,scgpt,large_simple_niche_135266499521890624564733261904887163307,Zhuang-ABCA-3.002,Zhuang-ABCA-3.001,3
1352,scgpt,large_simple_niche_135266499521890624564733261904887163307,Zhuang-ABCA-3.002,Zhuang-ABCA-3.004,3
1353,scgpt,large_simple_niche_135266499521890624564733261904887163307,Zhuang-ABCA-3.002,Zhuang-ABCA-3.005,3
1354,gene_expr,large_simple_niche_135266499521890624564733261904887163307,Zhuang-ABCA-3.002,C57BL6J-638850.28,3
1355,gene_expr,large_simple_niche_135266499521890624564733261904887163307,Zhuang-ABCA-3.002,C57BL6J-638850.29,3
1356,gene_expr,large_simple_niche_135266499521890624564733261904887163307,Zhuang-ABCA-3.002,C57BL6J-638850.30,3
1357,gene_expr,large_simple_niche_135266499521890624564733261904887163307,Zhuang-ABCA-3.002,C57BL6J-638850.31,3
1358,gene_expr,large_simple_niche_135266499521890624564733261904887163307,Zhuang-ABCA-3.002,Zhuang-ABCA-1.096,3
1359,gene_expr,large_simple_niche_135266499521890624564733261904887163307,Zhuang-ABCA-3.002,Zhuang-ABCA-1.097,3
1360,gene_expr,large_simple_niche_135266499521890624564733261904887163307,Zhuang-ABCA-3.002,Zhuang-ABCA-1.098,3
1361,gene_expr,large_simple_niche_135266499521890624564733261904887163307,Zhuang-ABCA-3.002,Zhuang-ABCA-1.099,3
1362,gene_expr,large_simple_niche_135266499521890624564733261904887163307,Zhuang-ABCA-3.002,Zhuang-ABCA-3.001,3
1363,gene_expr,large_simple_niche_135266499521890624564733261904887163307,Zhuang-ABCA-3.002,Zhuang-ABCA-3.004,3
1364,gene_expr,large_simple_niche_135266499521890624564733261904887163307,Zhuang-ABCA-3.002,Zhuang-ABCA-3.005,3
1365,quest_gene_expr,large_simple_niche_161462779639356307588319562967715734116,Zhuang-ABCA-3.004,C57BL6J-638850.28,3
1366,quest_gene_expr,large_simple_niche_161462779639356307588319562967715734116,Zhuang-ABCA-3.004,C57BL6J-638850.29,3
1367,quest_gene_expr,large_simple_niche_161462779639356307588319562967715734116,Zhuang-ABCA-3.004,C57BL6J-638850.30,3
1368,quest_gene_expr,large_simple_niche_161462779639356307588319562967715734116,Zhuang-ABCA-3.004,C57BL6J-638850.31,3
1369,quest_gene_expr,large_simple_niche_161462779639356307588319562967715734116,Zhuang-ABCA-3.004,Zhuang-ABCA-1.096,3
1370,quest_gene_expr,large_simple_niche_161462779639356307588319562967715734116,Zhuang-ABCA-3.004,Zhuang-ABCA-1.097,3
1371,quest_gene_expr,large_simple_niche_161462779639356307588319562967715734116,Zhuang-ABCA-3.004,Zhuang-ABCA-1.098,3
1372,quest_gene_expr,large_simple_niche_161462779639356307588319562967715734116,Zhuang-ABCA-3.004,Zhuang-ABCA-1.099,3
1373,quest_gene_expr,large_simple_niche_161462779639356307588319562967715734116,Zhuang-ABCA-3.004,Zhuang-ABCA-3.001,3
1374,quest_gene_expr,large_simple_niche_161462779639356307588319562967715734116,Zhuang-ABCA-3.004,Zhuang-ABCA-3.002,3
1375,quest_gene_expr,large_simple_niche_161462779639356307588319562967715734116,Zhuang-ABCA-3.004,Zhuang-ABCA-3.005,3
1376,quest_scgpt,large_simple_niche_161462779639356307588319562967715734116,Zhuang-ABCA-3.004,C57BL6J-638850.28,3
1377,quest_scgpt,large_simple_niche_161462779639356307588319562967715734116,Zhuang-ABCA-3.004,C57BL6J-638850.29,3
1378,quest_scgpt,large_simple_niche_161462779639356307588319562967715734116,Zhuang-ABCA-3.004,C57BL6J-638850.30,3
1379,quest_scgpt,large_simple_niche_161462779639356307588319562967715734116,Zhuang-ABCA-3.004,C57BL6J-638850.31,3
1380,quest_scgpt,large_simple_niche_161462779639356307588319562967715734116,Zhuang-ABCA-3.004,Zhuang-ABCA-1.096,3
1381,quest_scgpt,large_simple_niche_161462779639356307588319562967715734116,Zhuang-ABCA-3.004,Zhuang-ABCA-1.097,3
1382,quest_scgpt,large_simple_niche_161462779639356307588319562967715734116,Zhuang-ABCA-3.004,Zhuang-ABCA-1.098,3
1383,quest_scgpt,large_simple_niche_161462779639356307588319562967715734116,Zhuang-ABCA-3.004,Zhuang-ABCA-1.099,3
1384,quest_scgpt,large_simple_niche_161462779639356307588319562967715734116,Zhuang-ABCA-3.004,Zhuang-ABCA-3.001,3
1385,quest_scgpt,large_simple_niche_161462779639356307588319562967715734116,Zhuang-ABCA-3.004,Zhuang-ABCA-3.002,3
1386,quest_scgpt,large_simple_niche_161462779639356307588319562967715734116,Zhuang-ABCA-3.004,Zhuang-ABCA-3.005,3
1387,scgpt,large_simple_niche_161462779639356307588319562967715734116,Zhuang-ABCA-3.004,C57BL6J-638850.28,3
1388,scgpt,large_simple_niche_161462779639356307588319562967715734116,Zhuang-ABCA-3.004,C57BL6J-638850.29,3
1389,scgpt,large_simple_niche_161462779639356307588319562967715734116,Zhuang-ABCA-3.004,C57BL6J-638850.30,3
1390,scgpt,large_simple_niche_161462779639356307588319562967715734116,Zhuang-ABCA-3.004,C57BL6J-638850.31,3
1391,scgpt,large_simple_niche_161462779639356307588319562967715734116,Zhuang-ABCA-3.004,Zhuang-ABCA-1.096,3
1392,scgpt,large_simple_niche_161462779639356307588319562967715734116,Zhuang-ABCA-3.004,Zhuang-ABCA-1.097,3
1393,scgpt,large_simple_niche_161462779639356307588319562967715734116,Zhuang-ABCA-3.004,Zhuang-ABCA-1.098,3
1394,scgpt,large_simple_niche_161462779639356307588319562967715734116,Zhuang-ABCA-3.004,Zhuang-ABCA-1.099,3
1395,scgpt,large_simple_niche_161462779639356307588319562967715734116,Zhuang-ABCA-3.004,Zhuang-ABCA-3.001,3
1396,scgpt,large_simple_niche_161462779639356307588319562967715734116,Zhuang-ABCA-3.004,Zhuang-ABCA-3.002,3
1397,scgpt,large_simple_niche_161462779639356307588319562967715734116,Zhuang-ABCA-3.004,Zhuang-ABCA-3.005,3
1398,gene_expr,large_simple_niche_161462779639356307588319562967715734116,Zhuang-ABCA-3.004,C57BL6J-638850.28,3
1399,gene_expr,large_simple_niche_161462779639356307588319562967715734116,Zhuang-ABCA-3.004,C57BL6J-638850.29,3
1400,gene_expr,large_simple_niche_161462779639356307588319562967715734116,Zhuang-ABCA-3.004,C57BL6J-638850.30,3
1401,gene_expr,large_simple_niche_161462779639356307588319562967715734116,Zhuang-ABCA-3.004,C57BL6J-638850.31,3
1402,gene_expr,large_simple_niche_161462779639356307588319562967715734116,Zhuang-ABCA-3.004,Zhuang-ABCA-1.096,3
1403,gene_expr,large_simple_niche_161462779639356307588319562967715734116,Zhuang-ABCA-3.004,Zhuang-ABCA-1.097,3
1404,gene_expr,large_simple_niche_161462779639356307588319562967715734116,Zhuang-ABCA-3.004,Zhuang-ABCA-1.098,3
1405,gene_expr,large_simple_niche_161462779639356307588319562967715734116,Zhuang-ABCA-3.004,Zhuang-ABCA-1.099,3
1406,gene_expr,large_simple_niche_161462779639356307588319562967715734116,Zhuang-ABCA-3.004,Zhuang-ABCA-3.001,3
1407,gene_expr,large_simple_niche_161462779639356307588319562967715734116,Zhuang-ABCA-3.004,Zhuang-ABCA-3.002,3
1408,gene_expr,large_simple_niche_161462779639356307588319562967715734116,Zhuang-ABCA-3.004,Zhuang-ABCA-3.005,3
1409,quest_gene_expr,large_simple_niche_232284527071616768801635674753397366539,Zhuang-ABCA-3.004,C57BL6J-638850.28,3
1410,quest_gene_expr,large_simple_niche_232284527071616768801635674753397366539,Zhuang-ABCA-3.004,C57BL6J-638850.29,3
1411,quest_gene_expr,large_simple_niche_232284527071616768801635674753397366539,Zhuang-ABCA-3.004,C57BL6J-638850.30,3
1412,quest_gene_expr,large_simple_niche_232284527071616768801635674753397366539,Zhuang-ABCA-3.004,C57BL6J-638850.31,3
1413,quest_gene_expr,large_simple_niche_232284527071616768801635674753397366539,Zhuang-ABCA-3.004,Zhuang-ABCA-1.096,3
1414,quest_gene_expr,large_simple_niche_232284527071616768801635674753397366539,Zhuang-ABCA-3.004,Zhuang-ABCA-1.097,3
1415,quest_gene_expr,large_simple_niche_232284527071616768801635674753397366539,Zhuang-ABCA-3.004,Zhuang-ABCA-1.098,3
1416,quest_gene_expr,large_simple_niche_232284527071616768801635674753397366539,Zhuang-ABCA-3.004,Zhuang-ABCA-1.099,3
1417,quest_gene_expr,large_simple_niche_232284527071616768801635674753397366539,Zhuang-ABCA-3.004,Zhuang-ABCA-3.001,3
1418,quest_gene_expr,large_simple_niche_232284527071616768801635674753397366539,Zhuang-ABCA-3.004,Zhuang-ABCA-3.002,3
1419,quest_gene_expr,large_simple_niche_232284527071616768801635674753397366539,Zhuang-ABCA-3.004,Zhuang-ABCA-3.005,3
1420,quest_scgpt,large_simple_niche_232284527071616768801635674753397366539,Zhuang-ABCA-3.004,C57BL6J-638850.28,3
1421,quest_scgpt,large_simple_niche_232284527071616768801635674753397366539,Zhuang-ABCA-3.004,C57BL6J-638850.29,3
1422,quest_scgpt,large_simple_niche_232284527071616768801635674753397366539,Zhuang-ABCA-3.004,C57BL6J-638850.30,3
1423,quest_scgpt,large_simple_niche_232284527071616768801635674753397366539,Zhuang-ABCA-3.004,C57BL6J-638850.31,3
1424,quest_scgpt,large_simple_niche_232284527071616768801635674753397366539,Zhuang-ABCA-3.004,Zhuang-ABCA-1.096,3
1425,quest_scgpt,large_simple_niche_232284527071616768801635674753397366539,Zhuang-ABCA-3.004,Zhuang-ABCA-1.097,3
1426,quest_scgpt,large_simple_niche_232284527071616768801635674753397366539,Zhuang-ABCA-3.004,Zhuang-ABCA-1.098,3
1427,quest_scgpt,large_simple_niche_232284527071616768801635674753397366539,Zhuang-ABCA-3.004,Zhuang-ABCA-1.099,3
1428,quest_scgpt,large_simple_niche_232284527071616768801635674753397366539,Zhuang-ABCA-3.004,Zhuang-ABCA-3.001,3
1429,quest_scgpt,large_simple_niche_232284527071616768801635674753397366539,Zhuang-ABCA-3.004,Zhuang-ABCA-3.002,3
1430,quest_scgpt,large_simple_niche_232284527071616768801635674753397366539,Zhuang-ABCA-3.004,Zhuang-ABCA-3.005,3
1431,scgpt,large_simple_niche_232284527071616768801635674753397366539,Zhuang-ABCA-3.004,C57BL6J-638850.28,3
1432,scgpt,large_simple_niche_232284527071616768801635674753397366539,Zhuang-ABCA-3.004,C57BL6J-638850.29,3
1433,scgpt,large_simple_niche_232284527071616768801635674753397366539,Zhuang-ABCA-3.004,C57BL6J-638850.30,3
1434,scgpt,large_simple_niche_232284527071616768801635674753397366539,Zhuang-ABCA-3.004,C57BL6J-638850.31,3
1435,scgpt,large_simple_niche_232284527071616768801635674753397366539,Zhuang-ABCA-3.004,Zhuang-ABCA-1.096,3
1436,scgpt,large_simple_niche_232284527071616768801635674753397366539,Zhuang-ABCA-3.004,Zhuang-ABCA-1.097,3
1437,scgpt,large_simple_niche_232284527071616768801635674753397366539,Zhuang-ABCA-3.004,Zhuang-ABCA-1.098,3
1438,scgpt,large_simple_niche_232284527071616768801635674753397366539,Zhuang-ABCA-3.004,Zhuang-ABCA-1.099,3
1439,scgpt,large_simple_niche_232284527071616768801635674753397366539,Zhuang-ABCA-3.004,Zhuang-ABCA-3.001,3
1440,scgpt,large_simple_niche_232284527071616768801635674753397366539,Zhuang-ABCA-3.004,Zhuang-ABCA-3.002,3
1441,scgpt,large_simple_niche_232284527071616768801635674753397366539,Zhuang-ABCA-3.004,Zhuang-ABCA-3.005,3
1442,gene_expr,large_simple_niche_232284527071616768801635674753397366539,Zhuang-ABCA-3.004,C57BL6J-638850.28,3
1443,gene_expr,large_simple_niche_232284527071616768801635674753397366539,Zhuang-ABCA-3.004,C57BL6J-638850.29,3
1444,gene_expr,large_simple_niche_232284527071616768801635674753397366539,Zhuang-ABCA-3.004,C57BL6J-638850.30,3
1445,gene_expr,large_simple_niche_232284527071616768801635674753397366539,Zhuang-ABCA-3.004,C57BL6J-638850.31,3
1446,gene_expr,large_simple_niche_232284527071616768801635674753397366539,Zhuang-ABCA-3.004,Zhuang-ABCA-1.096,3
1447,gene_expr,large_simple_niche_232284527071616768801635674753397366539,Zhuang-ABCA-3.004,Zhuang-ABCA-1.097,3
1448,gene_expr,large_simple_niche_232284527071616768801635674753397366539,Zhuang-ABCA-3.004,Zhuang-ABCA-1.098,3
1449,gene_expr,large_simple_niche_232284527071616768801635674753397366539,Zhuang-ABCA-3.004,Zhuang-ABCA-1.099,3
1450,gene_expr,large_simple_niche_232284527071616768801635674753397366539,Zhuang-ABCA-3.004,Zhuang-ABCA-3.001,3
1451,gene_expr,large_simple_niche_232284527071616768801635674753397366539,Zhuang-ABCA-3.004,Zhuang-ABCA-3.002,3
1452,gene_expr,large_simple_niche_232284527071616768801635674753397366539,Zhuang-ABCA-3.004,Zhuang-ABCA-3.005,3
1453,quest_gene_expr,large_simple_niche_271032203966335200172458143307632591963,Zhuang-ABCA-3.004,C57BL6J-638850.28,3
1454,quest_gene_expr,large_simple_niche_271032203966335200172458143307632591963,Zhuang-ABCA-3.004,C57BL6J-638850.29,3
1455,quest_gene_expr,large_simple_niche_271032203966335200172458143307632591963,Zhuang-ABCA-3.004,C57BL6J-638850.30,3
1456,quest_gene_expr,large_simple_niche_271032203966335200172458143307632591963,Zhuang-ABCA-3.004,C57BL6J-638850.31,3
1457,quest_gene_expr,large_simple_niche_271032203966335200172458143307632591963,Zhuang-ABCA-3.004,Zhuang-ABCA-1.096,3
1458,quest_gene_expr,large_simple_niche_271032203966335200172458143307632591963,Zhuang-ABCA-3.004,Zhuang-ABCA-1.097,3
1459,quest_gene_expr,large_simple_niche_271032203966335200172458143307632591963,Zhuang-ABCA-3.004,Zhuang-ABCA-1.098,3
1460,quest_gene_expr,large_simple_niche_271032203966335200172458143307632591963,Zhuang-ABCA-3.004,Zhuang-ABCA-1.099,3
1461,quest_gene_expr,large_simple_niche_271032203966335200172458143307632591963,Zhuang-ABCA-3.004,Zhuang-ABCA-3.001,3
1462,quest_gene_expr,large_simple_niche_271032203966335200172458143307632591963,Zhuang-ABCA-3.004,Zhuang-ABCA-3.002,3
1463,quest_gene_expr,large_simple_niche_271032203966335200172458143307632591963,Zhuang-ABCA-3.004,Zhuang-ABCA-3.005,3
1464,quest_scgpt,large_simple_niche_271032203966335200172458143307632591963,Zhuang-ABCA-3.004,C57BL6J-638850.28,3
1465,quest_scgpt,large_simple_niche_271032203966335200172458143307632591963,Zhuang-ABCA-3.004,C57BL6J-638850.29,3
1466,quest_scgpt,large_simple_niche_271032203966335200172458143307632591963,Zhuang-ABCA-3.004,C57BL6J-638850.30,3
1467,quest_scgpt,large_simple_niche_271032203966335200172458143307632591963,Zhuang-ABCA-3.004,C57BL6J-638850.31,3
1468,quest_scgpt,large_simple_niche_271032203966335200172458143307632591963,Zhuang-ABCA-3.004,Zhuang-ABCA-1.096,3
1469,quest_scgpt,large_simple_niche_271032203966335200172458143307632591963,Zhuang-ABCA-3.004,Zhuang-ABCA-1.097,3
1470,quest_scgpt,large_simple_niche_271032203966335200172458143307632591963,Zhuang-ABCA-3.004,Zhuang-ABCA-1.098,3
1471,quest_scgpt,large_simple_niche_271032203966335200172458143307632591963,Zhuang-ABCA-3.004,Zhuang-ABCA-1.099,3
1472,quest_scgpt,large_simple_niche_271032203966335200172458143307632591963,Zhuang-ABCA-3.004,Zhuang-ABCA-3.001,3
1473,quest_scgpt,large_simple_niche_271032203966335200172458143307632591963,Zhuang-ABCA-3.004,Zhuang-ABCA-3.002,3
1474,quest_scgpt,large_simple_niche_271032203966335200172458143307632591963,Zhuang-ABCA-3.004,Zhuang-ABCA-3.005,3
1475,scgpt,large_simple_niche_271032203966335200172458143307632591963,Zhuang-ABCA-3.004,C57BL6J-638850.28,3
1476,scgpt,large_simple_niche_271032203966335200172458143307632591963,Zhuang-ABCA-3.004,C57BL6J-638850.29,3
1477,scgpt,large_simple_niche_271032203966335200172458143307632591963,Zhuang-ABCA-3.004,C57BL6J-638850.30,3
1478,scgpt,large_simple_niche_271032203966335200172458143307632591963,Zhuang-ABCA-3.004,C57BL6J-638850.31,3
1479,scgpt,large_simple_niche_271032203966335200172458143307632591963,Zhuang-ABCA-3.004,Zhuang-ABCA-1.096,3
1480,scgpt,large_simple_niche_271032203966335200172458143307632591963,Zhuang-ABCA-3.004,Zhuang-ABCA-1.097,3
1481,scgpt,large_simple_niche_271032203966335200172458143307632591963,Zhuang-ABCA-3.004,Zhuang-ABCA-1.098,3
1482,scgpt,large_simple_niche_271032203966335200172458143307632591963,Zhuang-ABCA-3.004,Zhuang-ABCA-1.099,3
1483,scgpt,large_simple_niche_271032203966335200172458143307632591963,Zhuang-ABCA-3.004,Zhuang-ABCA-3.001,3
1484,scgpt,large_simple_niche_271032203966335200172458143307632591963,Zhuang-ABCA-3.004,Zhuang-ABCA-3.002,3
1485,scgpt,large_simple_niche_271032203966335200172458143307632591963,Zhuang-ABCA-3.004,Zhuang-ABCA-3.005,3
1486,gene_expr,large_simple_niche_271032203966335200172458143307632591963,Zhuang-ABCA-3.004,C57BL6J-638850.28,3
1487,gene_expr,large_simple_niche_271032203966335200172458143307632591963,Zhuang-ABCA-3.004,C57BL6J-638850.29,3
1488,gene_expr,large_simple_niche_271032203966335200172458143307632591963,Zhuang-ABCA-3.004,C57BL6J-638850.30,3
1489,gene_expr,large_simple_niche_271032203966335200172458143307632591963,Zhuang-ABCA-3.004,C57BL6J-638850.31,3
1490,gene_expr,large_simple_niche_271032203966335200172458143307632591963,Zhuang-ABCA-3.004,Zhuang-ABCA-1.096,3
1491,gene_expr,large_simple_niche_271032203966335200172458143307632591963,Zhuang-ABCA-3.004,Zhuang-ABCA-1.097,3
1492,gene_expr,large_simple_niche_271032203966335200172458143307632591963,Zhuang-ABCA-3.004,Zhuang-ABCA-1.098,3
1493,gene_expr,large_simple_niche_271032203966335200172458143307632591963,Zhuang-ABCA-3.004,Zhuang-ABCA-1.099,3
1494,gene_expr,large_simple_niche_271032203966335200172458143307632591963,Zhuang-ABCA-3.004,Zhuang-ABCA-3.001,3
1495,gene_expr,large_simple_niche_271032203966335200172458143307632591963,Zhuang-ABCA-3.004,Zhuang-ABCA-3.002,3
1496,gene_expr,large_simple_niche_271032203966335200172458143307632591963,Zhuang-ABCA-3.004,Zhuang-ABCA-3.005,3
1497,quest_gene_expr,large_simple_niche_100572430543595680016848938697419790407,Zhuang-ABCA-3.005,C57BL6J-638850.28,3
1498,quest_gene_expr,large_simple_niche_100572430543595680016848938697419790407,Zhuang-ABCA-3.005,C57BL6J-638850.29,3
1499,quest_gene_expr,large_simple_niche_100572430543595680016848938697419790407,Zhuang-ABCA-3.005,C57BL6J-638850.30,3
1500,quest_gene_expr,large_simple_niche_100572430543595680016848938697419790407,Zhuang-ABCA-3.005,C57BL6J-638850.31,3
1501,quest_gene_expr,large_simple_niche_100572430543595680016848938697419790407,Zhuang-ABCA-3.005,Zhuang-ABCA-1.096,3
1502,quest_gene_expr,large_simple_niche_100572430543595680016848938697419790407,Zhuang-ABCA-3.005,Zhuang-ABCA-1.097,3
1503,quest_gene_expr,large_simple_niche_100572430543595680016848938697419790407,Zhuang-ABCA-3.005,Zhuang-ABCA-1.098,3
1504,quest_gene_expr,large_simple_niche_100572430543595680016848938697419790407,Zhuang-ABCA-3.005,Zhuang-ABCA-1.099,3
1505,quest_gene_expr,large_simple_niche_100572430543595680016848938697419790407,Zhuang-ABCA-3.005,Zhuang-ABCA-3.001,3
1506,quest_gene_expr,large_simple_niche_100572430543595680016848938697419790407,Zhuang-ABCA-3.005,Zhuang-ABCA-3.002,3
1507,quest_gene_expr,large_simple_niche_100572430543595680016848938697419790407,Zhuang-ABCA-3.005,Zhuang-ABCA-3.004,3
1508,quest_scgpt,large_simple_niche_100572430543595680016848938697419790407,Zhuang-ABCA-3.005,C57BL6J-638850.28,3
1509,quest_scgpt,large_simple_niche_100572430543595680016848938697419790407,Zhuang-ABCA-3.005,C57BL6J-638850.29,3
1510,quest_scgpt,large_simple_niche_100572430543595680016848938697419790407,Zhuang-ABCA-3.005,C57BL6J-638850.30,3
1511,quest_scgpt,large_simple_niche_100572430543595680016848938697419790407,Zhuang-ABCA-3.005,C57BL6J-638850.31,3
1512,quest_scgpt,large_simple_niche_100572430543595680016848938697419790407,Zhuang-ABCA-3.005,Zhuang-ABCA-1.096,3
1513,quest_scgpt,large_simple_niche_100572430543595680016848938697419790407,Zhuang-ABCA-3.005,Zhuang-ABCA-1.097,3
1514,quest_scgpt,large_simple_niche_100572430543595680016848938697419790407,Zhuang-ABCA-3.005,Zhuang-ABCA-1.098,3
1515,quest_scgpt,large_simple_niche_100572430543595680016848938697419790407,Zhuang-ABCA-3.005,Zhuang-ABCA-1.099,3
1516,quest_scgpt,large_simple_niche_100572430543595680016848938697419790407,Zhuang-ABCA-3.005,Zhuang-ABCA-3.001,3
1517,quest_scgpt,large_simple_niche_100572430543595680016848938697419790407,Zhuang-ABCA-3.005,Zhuang-ABCA-3.002,3
1518,quest_scgpt,large_simple_niche_100572430543595680016848938697419790407,Zhuang-ABCA-3.005,Zhuang-ABCA-3.004,3
1519,scgpt,large_simple_niche_100572430543595680016848938697419790407,Zhuang-ABCA-3.005,C57BL6J-638850.28,3
1520,scgpt,large_simple_niche_100572430543595680016848938697419790407,Zhuang-ABCA-3.005,C57BL6J-638850.29,3
1521,scgpt,large_simple_niche_100572430543595680016848938697419790407,Zhuang-ABCA-3.005,C57BL6J-638850.30,3
1522,scgpt,large_simple_niche_100572430543595680016848938697419790407,Zhuang-ABCA-3.005,C57BL6J-638850.31,3
1523,scgpt,large_simple_niche_100572430543595680016848938697419790407,Zhuang-ABCA-3.005,Zhuang-ABCA-1.096,3
1524,scgpt,large_simple_niche_100572430543595680016848938697419790407,Zhuang-ABCA-3.005,Zhuang-ABCA-1.097,3
1525,scgpt,large_simple_niche_100572430543595680016848938697419790407,Zhuang-ABCA-3.005,Zhuang-ABCA-1.098,3
1526,scgpt,large_simple_niche_100572430543595680016848938697419790407,Zhuang-ABCA-3.005,Zhuang-ABCA-1.099,3
1527,scgpt,large_simple_niche_100572430543595680016848938697419790407,Zhuang-ABCA-3.005,Zhuang-ABCA-3.001,3
1528,scgpt,large_simple_niche_100572430543595680016848938697419790407,Zhuang-ABCA-3.005,Zhuang-ABCA-3.002,3
1529,scgpt,large_simple_niche_100572430543595680016848938697419790407,Zhuang-ABCA-3.005,Zhuang-ABCA-3.004,3
1530,gene_expr,large_simple_niche_100572430543595680016848938697419790407,Zhuang-ABCA-3.005,C57BL6J-638850.28,3
1531,gene_expr,large_simple_niche_100572430543595680016848938697419790407,Zhuang-ABCA-3.005,C57BL6J-638850.29,3
1532,gene_expr,large_simple_niche_100572430543595680016848938697419790407,Zhuang-ABCA-3.005,C57BL6J-638850.30,3
1533,gene_expr,large_simple_niche_100572430543595680016848938697419790407,Zhuang-ABCA-3.005,C57BL6J-638850.31,3
1534,gene_expr,large_simple_niche_100572430543595680016848938697419790407,Zhuang-ABCA-3.005,Zhuang-ABCA-1.096,3
1535,gene_expr,large_simple_niche_100572430543595680016848938697419790407,Zhuang-ABCA-3.005,Zhuang-ABCA-1.097,3
1536,gene_expr,large_simple_niche_100572430543595680016848938697419790407,Zhuang-ABCA-3.005,Zhuang-ABCA-1.098,3
1537,gene_expr,large_simple_niche_100572430543595680016848938697419790407,Zhuang-ABCA-3.005,Zhuang-ABCA-1.099,3
1538,gene_expr,large_simple_niche_100572430543595680016848938697419790407,Zhuang-ABCA-3.005,Zhuang-ABCA-3.001,3
1539,gene_expr,large_simple_niche_100572430543595680016848938697419790407,Zhuang-ABCA-3.005,Zhuang-ABCA-3.002,3
1540,gene_expr,large_simple_niche_100572430543595680016848938697419790407,Zhuang-ABCA-3.005,Zhuang-ABCA-3.004,3
1541,quest_gene_expr,small_simple_niche_1019171910101420741,C57BL6J-638850.28,C57BL6J-638850.29,3
1542,quest_gene_expr,small_simple_niche_1019171910101420741,C57BL6J-638850.28,C57BL6J-638850.30,3
1543,quest_gene_expr,small_simple_niche_1019171910101420741,C57BL6J-638850.28,C57BL6J-638850.31,3
1544,quest_gene_expr,small_simple_niche_1019171910101420741,C57BL6J-638850.28,Zhuang-ABCA-1.096,3
1545,quest_gene_expr,small_simple_niche_1019171910101420741,C57BL6J-638850.28,Zhuang-ABCA-1.097,3
1546,quest_gene_expr,small_simple_niche_1019171910101420741,C57BL6J-638850.28,Zhuang-ABCA-1.098,3
1547,quest_gene_expr,small_simple_niche_1019171910101420741,C57BL6J-638850.28,Zhuang-ABCA-1.099,3
1548,quest_gene_expr,small_simple_niche_1019171910101420741,C57BL6J-638850.28,Zhuang-ABCA-3.001,3
1549,quest_gene_expr,small_simple_niche_1019171910101420741,C57BL6J-638850.28,Zhuang-ABCA-3.002,3
1550,quest_gene_expr,small_simple_niche_1019171910101420741,C57BL6J-638850.28,Zhuang-ABCA-3.004,3
1551,quest_gene_expr,small_simple_niche_1019171910101420741,C57BL6J-638850.28,Zhuang-ABCA-3.005,3
1552,quest_scgpt,small_simple_niche_1019171910101420741,C57BL6J-638850.28,C57BL6J-638850.29,3
1553,quest_scgpt,small_simple_niche_1019171910101420741,C57BL6J-638850.28,C57BL6J-638850.30,3
1554,quest_scgpt,small_simple_niche_1019171910101420741,C57BL6J-638850.28,C57BL6J-638850.31,3
1555,quest_scgpt,small_simple_niche_1019171910101420741,C57BL6J-638850.28,Zhuang-ABCA-1.096,3
1556,quest_scgpt,small_simple_niche_1019171910101420741,C57BL6J-638850.28,Zhuang-ABCA-1.097,3
1557,quest_scgpt,small_simple_niche_1019171910101420741,C57BL6J-638850.28,Zhuang-ABCA-1.098,3
1558,quest_scgpt,small_simple_niche_1019171910101420741,C57BL6J-638850.28,Zhuang-ABCA-1.099,3
1559,quest_scgpt,small_simple_niche_1019171910101420741,C57BL6J-638850.28,Zhuang-ABCA-3.001,3
1560,quest_scgpt,small_simple_niche_1019171910101420741,C57BL6J-638850.28,Zhuang-ABCA-3.002,3
1561,quest_scgpt,small_simple_niche_1019171910101420741,C57BL6J-638850.28,Zhuang-ABCA-3.004,3
1562,quest_scgpt,small_simple_niche_1019171910101420741,C57BL6J-638850.28,Zhuang-ABCA-3.005,3
1563,scgpt,small_simple_niche_1019171910101420741,C57BL6J-638850.28,C57BL6J-638850.29,3
1564,scgpt,small_simple_niche_1019171910101420741,C57BL6J-638850.28,C57BL6J-638850.30,3
1565,scgpt,small_simple_niche_1019171910101420741,C57BL6J-638850.28,C57BL6J-638850.31,3
1566,scgpt,small_simple_niche_1019171910101420741,C57BL6J-638850.28,Zhuang-ABCA-1.096,3
1567,scgpt,small_simple_niche_1019171910101420741,C57BL6J-638850.28,Zhuang-ABCA-1.097,3
1568,scgpt,small_simple_niche_1019171910101420741,C57BL6J-638850.28,Zhuang-ABCA-1.098,3
1569,scgpt,small_simple_niche_1019171910101420741,C57BL6J-638850.28,Zhuang-ABCA-1.099,3
1570,scgpt,small_simple_niche_1019171910101420741,C57BL6J-638850.28,Zhuang-ABCA-3.001,3
1571,scgpt,small_simple_niche_1019171910101420741,C57BL6J-638850.28,Zhuang-ABCA-3.002,3
1572,scgpt,small_simple_niche_1019171910101420741,C57BL6J-638850.28,Zhuang-ABCA-3.004,3
1573,scgpt,small_simple_niche_1019171910101420741,C57BL6J-638850.28,Zhuang-ABCA-3.005,3
1574,gene_expr,small_simple_niche_1019171910101420741,C57BL6J-638850.28,C57BL6J-638850.29,3
1575,gene_expr,small_simple_niche_1019171910101420741,C57BL6J-638850.28,C57BL6J-638850.30,3
1576,gene_expr,small_simple_niche_1019171910101420741,C57BL6J-638850.28,C57BL6J-638850.31,3
1577,gene_expr,small_simple_niche_1019171910101420741,C57BL6J-638850.28,Zhuang-ABCA-1.096,3
1578,gene_expr,small_simple_niche_1019171910101420741,C57BL6J-638850.28,Zhuang-ABCA-1.097,3
1579,gene_expr,small_simple_niche_1019171910101420741,C57BL6J-638850.28,Zhuang-ABCA-1.098,3
1580,gene_expr,small_simple_niche_1019171910101420741,C57BL6J-638850.28,Zhuang-ABCA-1.099,3
1581,gene_expr,small_simple_niche_1019171910101420741,C57BL6J-638850.28,Zhuang-ABCA-3.001,3
1582,gene_expr,small_simple_niche_1019171910101420741,C57BL6J-638850.28,Zhuang-ABCA-3.002,3
1583,gene_expr,small_simple_niche_1019171910101420741,C57BL6J-638850.28,Zhuang-ABCA-3.004,3
1584,gene_expr,small_simple_niche_1019171910101420741,C57BL6J-638850.28,Zhuang-ABCA-3.005,3
1585,quest_gene_expr,small_simple_niche_1019171910101760420,C57BL6J-638850.28,C57BL6J-638850.29,3
1586,quest_gene_expr,small_simple_niche_1019171910101760420,C57BL6J-638850.28,C57BL6J-638850.30,3
1587,quest_gene_expr,small_simple_niche_1019171910101760420,C57BL6J-638850.28,C57BL6J-638850.31,3
1588,quest_gene_expr,small_simple_niche_1019171910101760420,C57BL6J-638850.28,Zhuang-ABCA-1.096,3
1589,quest_gene_expr,small_simple_niche_1019171910101760420,C57BL6J-638850.28,Zhuang-ABCA-1.097,3
1590,quest_gene_expr,small_simple_niche_1019171910101760420,C57BL6J-638850.28,Zhuang-ABCA-1.098,3
1591,quest_gene_expr,small_simple_niche_1019171910101760420,C57BL6J-638850.28,Zhuang-ABCA-1.099,3
1592,quest_gene_expr,small_simple_niche_1019171910101760420,C57BL6J-638850.28,Zhuang-ABCA-3.001,3
1593,quest_gene_expr,small_simple_niche_1019171910101760420,C57BL6J-638850.28,Zhuang-ABCA-3.002,3
1594,quest_gene_expr,small_simple_niche_1019171910101760420,C57BL6J-638850.28,Zhuang-ABCA-3.004,3
1595,quest_gene_expr,small_simple_niche_1019171910101760420,C57BL6J-638850.28,Zhuang-ABCA-3.005,3
1596,quest_scgpt,small_simple_niche_1019171910101760420,C57BL6J-638850.28,C57BL6J-638850.29,3
1597,quest_scgpt,small_simple_niche_1019171910101760420,C57BL6J-638850.28,C57BL6J-638850.30,3
1598,quest_scgpt,small_simple_niche_1019171910101760420,C57BL6J-638850.28,C57BL6J-638850.31,3
1599,quest_scgpt,small_simple_niche_1019171910101760420,C57BL6J-638850.28,Zhuang-ABCA-1.096,3
1600,quest_scgpt,small_simple_niche_1019171910101760420,C57BL6J-638850.28,Zhuang-ABCA-1.097,3
1601,quest_scgpt,small_simple_niche_1019171910101760420,C57BL6J-638850.28,Zhuang-ABCA-1.098,3
1602,quest_scgpt,small_simple_niche_1019171910101760420,C57BL6J-638850.28,Zhuang-ABCA-1.099,3
1603,quest_scgpt,small_simple_niche_1019171910101760420,C57BL6J-638850.28,Zhuang-ABCA-3.001,3
1604,quest_scgpt,small_simple_niche_1019171910101760420,C57BL6J-638850.28,Zhuang-ABCA-3.002,3
1605,quest_scgpt,small_simple_niche_1019171910101760420,C57BL6J-638850.28,Zhuang-ABCA-3.004,3
1606,quest_scgpt,small_simple_niche_1019171910101760420,C57BL6J-638850.28,Zhuang-ABCA-3.005,3
1607,scgpt,small_simple_niche_1019171910101760420,C57BL6J-638850.28,C57BL6J-638850.29,3
1608,scgpt,small_simple_niche_1019171910101760420,C57BL6J-638850.28,C57BL6J-638850.30,3
1609,scgpt,small_simple_niche_1019171910101760420,C57BL6J-638850.28,C57BL6J-638850.31,3
1610,scgpt,small_simple_niche_1019171910101760420,C57BL6J-638850.28,Zhuang-ABCA-1.096,3
1611,scgpt,small_simple_niche_1019171910101760420,C57BL6J-638850.28,Zhuang-ABCA-1.097,3
1612,scgpt,small_simple_niche_1019171910101760420,C57BL6J-638850.28,Zhuang-ABCA-1.098,3
1613,scgpt,small_simple_niche_1019171910101760420,C57BL6J-638850.28,Zhuang-ABCA-1.099,3
1614,scgpt,small_simple_niche_1019171910101760420,C57BL6J-638850.28,Zhuang-ABCA-3.001,3
1615,scgpt,small_simple_niche_1019171910101760420,C57BL6J-638850.28,Zhuang-ABCA-3.002,3
1616,scgpt,small_simple_niche_1019171910101760420,C57BL6J-638850.28,Zhuang-ABCA-3.004,3
1617,scgpt,small_simple_niche_1019171910101760420,C57BL6J-638850.28,Zhuang-ABCA-3.005,3
1618,gene_expr,small_simple_niche_1019171910101760420,C57BL6J-638850.28,C57BL6J-638850.29,3
1619,gene_expr,small_simple_niche_1019171910101760420,C57BL6J-638850.28,C57BL6J-638850.30,3
1620,gene_expr,small_simple_niche_1019171910101760420,C57BL6J-638850.28,C57BL6J-638850.31,3
1621,gene_expr,small_simple_niche_1019171910101760420,C57BL6J-638850.28,Zhuang-ABCA-1.096,3
1622,gene_expr,small_simple_niche_1019171910101760420,C57BL6J-638850.28,Zhuang-ABCA-1.097,3
1623,gene_expr,small_simple_niche_1019171910101760420,C57BL6J-638850.28,Zhuang-ABCA-1.098,3
1624,gene_expr,small_simple_niche_1019171910101760420,C57BL6J-638850.28,Zhuang-ABCA-1.099,3
1625,gene_expr,small_simple_niche_1019171910101760420,C57BL6J-638850.28,Zhuang-ABCA-3.001,3
1626,gene_expr,small_simple_niche_1019171910101760420,C57BL6J-638850.28,Zhuang-ABCA-3.002,3
1627,gene_expr,small_simple_niche_1019171910101760420,C57BL6J-638850.28,Zhuang-ABCA-3.004,3
1628,gene_expr,small_simple_niche_1019171910101760420,C57BL6J-638850.28,Zhuang-ABCA-3.005,3
1629,quest_gene_expr,small_simple_niche_1019171910102020454,C57BL6J-638850.28,C57BL6J-638850.29,3
1630,quest_gene_expr,small_simple_niche_1019171910102020454,C57BL6J-638850.28,C57BL6J-638850.30,3
1631,quest_gene_expr,small_simple_niche_1019171910102020454,C57BL6J-638850.28,C57BL6J-638850.31,3
1632,quest_gene_expr,small_simple_niche_1019171910102020454,C57BL6J-638850.28,Zhuang-ABCA-1.096,3
1633,quest_gene_expr,small_simple_niche_1019171910102020454,C57BL6J-638850.28,Zhuang-ABCA-1.097,3
1634,quest_gene_expr,small_simple_niche_1019171910102020454,C57BL6J-638850.28,Zhuang-ABCA-1.098,3
1635,quest_gene_expr,small_simple_niche_1019171910102020454,C57BL6J-638850.28,Zhuang-ABCA-1.099,3
1636,quest_gene_expr,small_simple_niche_1019171910102020454,C57BL6J-638850.28,Zhuang-ABCA-3.001,3
1637,quest_gene_expr,small_simple_niche_1019171910102020454,C57BL6J-638850.28,Zhuang-ABCA-3.002,3
1638,quest_gene_expr,small_simple_niche_1019171910102020454,C57BL6J-638850.28,Zhuang-ABCA-3.004,3
1639,quest_gene_expr,small_simple_niche_1019171910102020454,C57BL6J-638850.28,Zhuang-ABCA-3.005,3
1640,quest_scgpt,small_simple_niche_1019171910102020454,C57BL6J-638850.28,C57BL6J-638850.29,3
1641,quest_scgpt,small_simple_niche_1019171910102020454,C57BL6J-638850.28,C57BL6J-638850.30,3
1642,quest_scgpt,small_simple_niche_1019171910102020454,C57BL6J-638850.28,C57BL6J-638850.31,3
1643,quest_scgpt,small_simple_niche_1019171910102020454,C57BL6J-638850.28,Zhuang-ABCA-1.096,3
1644,quest_scgpt,small_simple_niche_1019171910102020454,C57BL6J-638850.28,Zhuang-ABCA-1.097,3
1645,quest_scgpt,small_simple_niche_1019171910102020454,C57BL6J-638850.28,Zhuang-ABCA-1.098,3
1646,quest_scgpt,small_simple_niche_1019171910102020454,C57BL6J-638850.28,Zhuang-ABCA-1.099,3
1647,quest_scgpt,small_simple_niche_1019171910102020454,C57BL6J-638850.28,Zhuang-ABCA-3.001,3
1648,quest_scgpt,small_simple_niche_1019171910102020454,C57BL6J-638850.28,Zhuang-ABCA-3.002,3
1649,quest_scgpt,small_simple_niche_1019171910102020454,C57BL6J-638850.28,Zhuang-ABCA-3.004,3
1650,quest_scgpt,small_simple_niche_1019171910102020454,C57BL6J-638850.28,Zhuang-ABCA-3.005,3
1651,scgpt,small_simple_niche_1019171910102020454,C57BL6J-638850.28,C57BL6J-638850.29,3
1652,scgpt,small_simple_niche_1019171910102020454,C57BL6J-638850.28,C57BL6J-638850.30,3
1653,scgpt,small_simple_niche_1019171910102020454,C57BL6J-638850.28,C57BL6J-638850.31,3
1654,scgpt,small_simple_niche_1019171910102020454,C57BL6J-638850.28,Zhuang-ABCA-1.096,3
1655,scgpt,small_simple_niche_1019171910102020454,C57BL6J-638850.28,Zhuang-ABCA-1.097,3
1656,scgpt,small_simple_niche_1019171910102020454,C57BL6J-638850.28,Zhuang-ABCA-1.098,3
1657,scgpt,small_simple_niche_1019171910102020454,C57BL6J-638850.28,Zhuang-ABCA-1.099,3
1658,scgpt,small_simple_niche_1019171910102020454,C57BL6J-638850.28,Zhuang-ABCA-3.001,3
1659,scgpt,small_simple_niche_1019171910102020454,C57BL6J-638850.28,Zhuang-ABCA-3.002,3
1660,scgpt,small_simple_niche_1019171910102020454,C57BL6J-638850.28,Zhuang-ABCA-3.004,3
1661,scgpt,small_simple_niche_1019171910102020454,C57BL6J-638850.28,Zhuang-ABCA-3.005,3
1662,gene_expr,small_simple_niche_1019171910102020454,C57BL6J-638850.28,C57BL6J-638850.29,3
1663,gene_expr,small_simple_niche_1019171910102020454,C57BL6J-638850.28,C57BL6J-638850.30,3
1664,gene_expr,small_simple_niche_1019171910102020454,C57BL6J-638850.28,C57BL6J-638850.31,3
1665,gene_expr,small_simple_niche_1019171910102020454,C57BL6J-638850.28,Zhuang-ABCA-1.096,3
1666,gene_expr,small_simple_niche_1019171910102020454,C57BL6J-638850.28,Zhuang-ABCA-1.097,3
1667,gene_expr,small_simple_niche_1019171910102020454,C57BL6J-638850.28,Zhuang-ABCA-1.098,3
1668,gene_expr,small_simple_niche_1019171910102020454,C57BL6J-638850.28,Zhuang-ABCA-1.099,3
1669,gene_expr,small_simple_niche_1019171910102020454,C57BL6J-638850.28,Zhuang-ABCA-3.001,3
1670,gene_expr,small_simple_niche_1019171910102020454,C57BL6J-638850.28,Zhuang-ABCA-3.002,3
1671,gene_expr,small_simple_niche_1019171910102020454,C57BL6J-638850.28,Zhuang-ABCA-3.004,3
1672,gene_expr,small_simple_niche_1019171910102020454,C57BL6J-638850.28,Zhuang-ABCA-3.005,3
1673,quest_gene_expr,small_simple_niche_1019171910102590036,C57BL6J-638850.28,C57BL6J-638850.29,3
1674,quest_gene_expr,small_simple_niche_1019171910102590036,C57BL6J-638850.28,C57BL6J-638850.30,3
1675,quest_gene_expr,small_simple_niche_1019171910102590036,C57BL6J-638850.28,C57BL6J-638850.31,3
1676,quest_gene_expr,small_simple_niche_1019171910102590036,C57BL6J-638850.28,Zhuang-ABCA-1.096,3
1677,quest_gene_expr,small_simple_niche_1019171910102590036,C57BL6J-638850.28,Zhuang-ABCA-1.097,3
1678,quest_gene_expr,small_simple_niche_1019171910102590036,C57BL6J-638850.28,Zhuang-ABCA-1.098,3
1679,quest_gene_expr,small_simple_niche_1019171910102590036,C57BL6J-638850.28,Zhuang-ABCA-1.099,3
1680,quest_gene_expr,small_simple_niche_1019171910102590036,C57BL6J-638850.28,Zhuang-ABCA-3.001,3
1681,quest_gene_expr,small_simple_niche_1019171910102590036,C57BL6J-638850.28,Zhuang-ABCA-3.002,3
1682,quest_gene_expr,small_simple_niche_1019171910102590036,C57BL6J-638850.28,Zhuang-ABCA-3.004,3
1683,quest_gene_expr,small_simple_niche_1019171910102590036,C57BL6J-638850.28,Zhuang-ABCA-3.005,3
1684,quest_scgpt,small_simple_niche_1019171910102590036,C57BL6J-638850.28,C57BL6J-638850.29,3
1685,quest_scgpt,small_simple_niche_1019171910102590036,C57BL6J-638850.28,C57BL6J-638850.30,3
1686,quest_scgpt,small_simple_niche_1019171910102590036,C57BL6J-638850.28,C57BL6J-638850.31,3
1687,quest_scgpt,small_simple_niche_1019171910102590036,C57BL6J-638850.28,Zhuang-ABCA-1.096,3
1688,quest_scgpt,small_simple_niche_1019171910102590036,C57BL6J-638850.28,Zhuang-ABCA-1.097,3
1689,quest_scgpt,small_simple_niche_1019171910102590036,C57BL6J-638850.28,Zhuang-ABCA-1.098,3
1690,quest_scgpt,small_simple_niche_1019171910102590036,C57BL6J-638850.28,Zhuang-ABCA-1.099,3
1691,quest_scgpt,small_simple_niche_1019171910102590036,C57BL6J-638850.28,Zhuang-ABCA-3.001,3
1692,quest_scgpt,small_simple_niche_1019171910102590036,C57BL6J-638850.28,Zhuang-ABCA-3.002,3
1693,quest_scgpt,small_simple_niche_1019171910102590036,C57BL6J-638850.28,Zhuang-ABCA-3.004,3
1694,quest_scgpt,small_simple_niche_1019171910102590036,C57BL6J-638850.28,Zhuang-ABCA-3.005,3
1695,scgpt,small_simple_niche_1019171910102590036,C57BL6J-638850.28,C57BL6J-638850.29,3
1696,scgpt,small_simple_niche_1019171910102590036,C57BL6J-638850.28,C57BL6J-638850.30,3
1697,scgpt,small_simple_niche_1019171910102590036,C57BL6J-638850.28,C57BL6J-638850.31,3
1698,scgpt,small_simple_niche_1019171910102590036,C57BL6J-638850.28,Zhuang-ABCA-1.096,3
1699,scgpt,small_simple_niche_1019171910102590036,C57BL6J-638850.28,Zhuang-ABCA-1.097,3
1700,scgpt,small_simple_niche_1019171910102590036,C57BL6J-638850.28,Zhuang-ABCA-1.098,3
1701,scgpt,small_simple_niche_1019171910102590036,C57BL6J-638850.28,Zhuang-ABCA-1.099,3
1702,scgpt,small_simple_niche_1019171910102590036,C57BL6J-638850.28,Zhuang-ABCA-3.001,3
1703,scgpt,small_simple_niche_1019171910102590036,C57BL6J-638850.28,Zhuang-ABCA-3.002,3
1704,scgpt,small_simple_niche_1019171910102590036,C57BL6J-638850.28,Zhuang-ABCA-3.004,3
1705,scgpt,small_simple_niche_1019171910102590036,C57BL6J-638850.28,Zhuang-ABCA-3.005,3
1706,gene_expr,small_simple_niche_1019171910102590036,C57BL6J-638850.28,C57BL6J-638850.29,3
1707,gene_expr,small_simple_niche_1019171910102590036,C57BL6J-638850.28,C57BL6J-638850.30,3
1708,gene_expr,small_simple_niche_1019171910102590036,C57BL6J-638850.28,C57BL6J-638850.31,3
1709,gene_expr,small_simple_niche_1019171910102590036,C57BL6J-638850.28,Zhuang-ABCA-1.096,3
1710,gene_expr,small_simple_niche_1019171910102590036,C57BL6J-638850.28,Zhuang-ABCA-1.097,3
1711,gene_expr,small_simple_niche_1019171910102590036,C57BL6J-638850.28,Zhuang-ABCA-1.098,3
1712,gene_expr,small_simple_niche_1019171910102590036,C57BL6J-638850.28,Zhuang-ABCA-1.099,3
1713,gene_expr,small_simple_niche_1019171910102590036,C57BL6J-638850.28,Zhuang-ABCA-3.001,3
1714,gene_expr,small_simple_niche_1019171910102590036,C57BL6J-638850.28,Zhuang-ABCA-3.002,3
1715,gene_expr,small_simple_niche_1019171910102590036,C57BL6J-638850.28,Zhuang-ABCA-3.004,3
1716,gene_expr,small_simple_niche_1019171910102590036,C57BL6J-638850.28,Zhuang-ABCA-3.005,3
1717,quest_gene_expr,small_simple_niche_1019171907101550547,C57BL6J-638850.29,C57BL6J-638850.28,3
1718,quest_gene_expr,small_simple_niche_1019171907101550547,C57BL6J-638850.29,C57BL6J-638850.30,3
1719,quest_gene_expr,small_simple_niche_1019171907101550547,C57BL6J-638850.29,C57BL6J-638850.31,3
1720,quest_gene_expr,small_simple_niche_1019171907101550547,C57BL6J-638850.29,Zhuang-ABCA-1.096,3
1721,quest_gene_expr,small_simple_niche_1019171907101550547,C57BL6J-638850.29,Zhuang-ABCA-1.097,3
1722,quest_gene_expr,small_simple_niche_1019171907101550547,C57BL6J-638850.29,Zhuang-ABCA-1.098,3
1723,quest_gene_expr,small_simple_niche_1019171907101550547,C57BL6J-638850.29,Zhuang-ABCA-1.099,3
1724,quest_gene_expr,small_simple_niche_1019171907101550547,C57BL6J-638850.29,Zhuang-ABCA-3.001,3
1725,quest_gene_expr,small_simple_niche_1019171907101550547,C57BL6J-638850.29,Zhuang-ABCA-3.002,3
1726,quest_gene_expr,small_simple_niche_1019171907101550547,C57BL6J-638850.29,Zhuang-ABCA-3.004,3
1727,quest_gene_expr,small_simple_niche_1019171907101550547,C57BL6J-638850.29,Zhuang-ABCA-3.005,3
1728,quest_scgpt,small_simple_niche_1019171907101550547,C57BL6J-638850.29,C57BL6J-638850.28,3
1729,quest_scgpt,small_simple_niche_1019171907101550547,C57BL6J-638850.29,C57BL6J-638850.30,3
1730,quest_scgpt,small_simple_niche_1019171907101550547,C57BL6J-638850.29,C57BL6J-638850.31,3
1731,quest_scgpt,small_simple_niche_1019171907101550547,C57BL6J-638850.29,Zhuang-ABCA-1.096,3
1732,quest_scgpt,small_simple_niche_1019171907101550547,C57BL6J-638850.29,Zhuang-ABCA-1.097,3
1733,quest_scgpt,small_simple_niche_1019171907101550547,C57BL6J-638850.29,Zhuang-ABCA-1.098,3
1734,quest_scgpt,small_simple_niche_1019171907101550547,C57BL6J-638850.29,Zhuang-ABCA-1.099,3
1735,quest_scgpt,small_simple_niche_1019171907101550547,C57BL6J-638850.29,Zhuang-ABCA-3.001,3
1736,quest_scgpt,small_simple_niche_1019171907101550547,C57BL6J-638850.29,Zhuang-ABCA-3.002,3
1737,quest_scgpt,small_simple_niche_1019171907101550547,C57BL6J-638850.29,Zhuang-ABCA-3.004,3
1738,quest_scgpt,small_simple_niche_1019171907101550547,C57BL6J-638850.29,Zhuang-ABCA-3.005,3
1739,scgpt,small_simple_niche_1019171907101550547,C57BL6J-638850.29,C57BL6J-638850.28,3
1740,scgpt,small_simple_niche_1019171907101550547,C57BL6J-638850.29,C57BL6J-638850.30,3
1741,scgpt,small_simple_niche_1019171907101550547,C57BL6J-638850.29,C57BL6J-638850.31,3
1742,scgpt,small_simple_niche_1019171907101550547,C57BL6J-638850.29,Zhuang-ABCA-1.096,3
1743,scgpt,small_simple_niche_1019171907101550547,C57BL6J-638850.29,Zhuang-ABCA-1.097,3
1744,scgpt,small_simple_niche_1019171907101550547,C57BL6J-638850.29,Zhuang-ABCA-1.098,3
1745,scgpt,small_simple_niche_1019171907101550547,C57BL6J-638850.29,Zhuang-ABCA-1.099,3
1746,scgpt,small_simple_niche_1019171907101550547,C57BL6J-638850.29,Zhuang-ABCA-3.001,3
1747,scgpt,small_simple_niche_1019171907101550547,C57BL6J-638850.29,Zhuang-ABCA-3.002,3
1748,scgpt,small_simple_niche_1019171907101550547,C57BL6J-638850.29,Zhuang-ABCA-3.004,3
1749,scgpt,small_simple_niche_1019171907101550547,C57BL6J-638850.29,Zhuang-ABCA-3.005,3
1750,gene_expr,small_simple_niche_1019171907101550547,C57BL6J-638850.29,C57BL6J-638850.28,3
1751,gene_expr,small_simple_niche_1019171907101550547,C57BL6J-638850.29,C57BL6J-638850.30,3
1752,gene_expr,small_simple_niche_1019171907101550547,C57BL6J-638850.29,C57BL6J-638850.31,3
1753,gene_expr,small_simple_niche_1019171907101550547,C57BL6J-638850.29,Zhuang-ABCA-1.096,3
1754,gene_expr,small_simple_niche_1019171907101550547,C57BL6J-638850.29,Zhuang-ABCA-1.097,3
1755,gene_expr,small_simple_niche_1019171907101550547,C57BL6J-638850.29,Zhuang-ABCA-1.098,3
1756,gene_expr,small_simple_niche_1019171907101550547,C57BL6J-638850.29,Zhuang-ABCA-1.099,3
1757,gene_expr,small_simple_niche_1019171907101550547,C57BL6J-638850.29,Zhuang-ABCA-3.001,3
1758,gene_expr,small_simple_niche_1019171907101550547,C57BL6J-638850.29,Zhuang-ABCA-3.002,3
1759,gene_expr,small_simple_niche_1019171907101550547,C57BL6J-638850.29,Zhuang-ABCA-3.004,3
1760,gene_expr,small_simple_niche_1019171907101550547,C57BL6J-638850.29,Zhuang-ABCA-3.005,3
1761,quest_gene_expr,small_simple_niche_1019171907101610134,C57BL6J-638850.29,C57BL6J-638850.28,3
1762,quest_gene_expr,small_simple_niche_1019171907101610134,C57BL6J-638850.29,C57BL6J-638850.30,3
1763,quest_gene_expr,small_simple_niche_1019171907101610134,C57BL6J-638850.29,C57BL6J-638850.31,3
1764,quest_gene_expr,small_simple_niche_1019171907101610134,C57BL6J-638850.29,Zhuang-ABCA-1.096,3
1765,quest_gene_expr,small_simple_niche_1019171907101610134,C57BL6J-638850.29,Zhuang-ABCA-1.097,3
1766,quest_gene_expr,small_simple_niche_1019171907101610134,C57BL6J-638850.29,Zhuang-ABCA-1.098,3
1767,quest_gene_expr,small_simple_niche_1019171907101610134,C57BL6J-638850.29,Zhuang-ABCA-1.099,3
1768,quest_gene_expr,small_simple_niche_1019171907101610134,C57BL6J-638850.29,Zhuang-ABCA-3.001,3
1769,quest_gene_expr,small_simple_niche_1019171907101610134,C57BL6J-638850.29,Zhuang-ABCA-3.002,3
1770,quest_gene_expr,small_simple_niche_1019171907101610134,C57BL6J-638850.29,Zhuang-ABCA-3.004,3
1771,quest_gene_expr,small_simple_niche_1019171907101610134,C57BL6J-638850.29,Zhuang-ABCA-3.005,3
1772,quest_scgpt,small_simple_niche_1019171907101610134,C57BL6J-638850.29,C57BL6J-638850.28,3
1773,quest_scgpt,small_simple_niche_1019171907101610134,C57BL6J-638850.29,C57BL6J-638850.30,3
1774,quest_scgpt,small_simple_niche_1019171907101610134,C57BL6J-638850.29,C57BL6J-638850.31,3
1775,quest_scgpt,small_simple_niche_1019171907101610134,C57BL6J-638850.29,Zhuang-ABCA-1.096,3
1776,quest_scgpt,small_simple_niche_1019171907101610134,C57BL6J-638850.29,Zhuang-ABCA-1.097,3
1777,quest_scgpt,small_simple_niche_1019171907101610134,C57BL6J-638850.29,Zhuang-ABCA-1.098,3
1778,quest_scgpt,small_simple_niche_1019171907101610134,C57BL6J-638850.29,Zhuang-ABCA-1.099,3
1779,quest_scgpt,small_simple_niche_1019171907101610134,C57BL6J-638850.29,Zhuang-ABCA-3.001,3
1780,quest_scgpt,small_simple_niche_1019171907101610134,C57BL6J-638850.29,Zhuang-ABCA-3.002,3
1781,quest_scgpt,small_simple_niche_1019171907101610134,C57BL6J-638850.29,Zhuang-ABCA-3.004,3
1782,quest_scgpt,small_simple_niche_1019171907101610134,C57BL6J-638850.29,Zhuang-ABCA-3.005,3
1783,scgpt,small_simple_niche_1019171907101610134,C57BL6J-638850.29,C57BL6J-638850.28,3
1784,scgpt,small_simple_niche_1019171907101610134,C57BL6J-638850.29,C57BL6J-638850.30,3
1785,scgpt,small_simple_niche_1019171907101610134,C57BL6J-638850.29,C57BL6J-638850.31,3
1786,scgpt,small_simple_niche_1019171907101610134,C57BL6J-638850.29,Zhuang-ABCA-1.096,3
1787,scgpt,small_simple_niche_1019171907101610134,C57BL6J-638850.29,Zhuang-ABCA-1.097,3
1788,scgpt,small_simple_niche_1019171907101610134,C57BL6J-638850.29,Zhuang-ABCA-1.098,3
1789,scgpt,small_simple_niche_1019171907101610134,C57BL6J-638850.29,Zhuang-ABCA-1.099,3
1790,scgpt,small_simple_niche_1019171907101610134,C57BL6J-638850.29,Zhuang-ABCA-3.001,3
1791,scgpt,small_simple_niche_1019171907101610134,C57BL6J-638850.29,Zhuang-ABCA-3.002,3
1792,scgpt,small_simple_niche_1019171907101610134,C57BL6J-638850.29,Zhuang-ABCA-3.004,3
1793,scgpt,small_simple_niche_1019171907101610134,C57BL6J-638850.29,Zhuang-ABCA-3.005,3
1794,gene_expr,small_simple_niche_1019171907101610134,C57BL6J-638850.29,C57BL6J-638850.28,3
1795,gene_expr,small_simple_niche_1019171907101610134,C57BL6J-638850.29,C57BL6J-638850.30,3
1796,gene_expr,small_simple_niche_1019171907101610134,C57BL6J-638850.29,C57BL6J-638850.31,3
1797,gene_expr,small_simple_niche_1019171907101610134,C57BL6J-638850.29,Zhuang-ABCA-1.096,3
1798,gene_expr,small_simple_niche_1019171907101610134,C57BL6J-638850.29,Zhuang-ABCA-1.097,3
1799,gene_expr,small_simple_niche_1019171907101610134,C57BL6J-638850.29,Zhuang-ABCA-1.098,3
1800,gene_expr,small_simple_niche_1019171907101610134,C57BL6J-638850.29,Zhuang-ABCA-1.099,3
1801,gene_expr,small_simple_niche_1019171907101610134,C57BL6J-638850.29,Zhuang-ABCA-3.001,3
1802,gene_expr,small_simple_niche_1019171907101610134,C57BL6J-638850.29,Zhuang-ABCA-3.002,3
1803,gene_expr,small_simple_niche_1019171907101610134,C57BL6J-638850.29,Zhuang-ABCA-3.004,3
1804,gene_expr,small_simple_niche_1019171907101610134,C57BL6J-638850.29,Zhuang-ABCA-3.005,3
1805,quest_gene_expr,small_simple_niche_1019171907101880289,C57BL6J-638850.29,C57BL6J-638850.28,3
1806,quest_gene_expr,small_simple_niche_1019171907101880289,C57BL6J-638850.29,C57BL6J-638850.30,3
1807,quest_gene_expr,small_simple_niche_1019171907101880289,C57BL6J-638850.29,C57BL6J-638850.31,3
1808,quest_gene_expr,small_simple_niche_1019171907101880289,C57BL6J-638850.29,Zhuang-ABCA-1.096,3
1809,quest_gene_expr,small_simple_niche_1019171907101880289,C57BL6J-638850.29,Zhuang-ABCA-1.097,3
1810,quest_gene_expr,small_simple_niche_1019171907101880289,C57BL6J-638850.29,Zhuang-ABCA-1.098,3
1811,quest_gene_expr,small_simple_niche_1019171907101880289,C57BL6J-638850.29,Zhuang-ABCA-1.099,3
1812,quest_gene_expr,small_simple_niche_1019171907101880289,C57BL6J-638850.29,Zhuang-ABCA-3.001,3
1813,quest_gene_expr,small_simple_niche_1019171907101880289,C57BL6J-638850.29,Zhuang-ABCA-3.002,3
1814,quest_gene_expr,small_simple_niche_1019171907101880289,C57BL6J-638850.29,Zhuang-ABCA-3.004,3
1815,quest_gene_expr,small_simple_niche_1019171907101880289,C57BL6J-638850.29,Zhuang-ABCA-3.005,3
1816,quest_scgpt,small_simple_niche_1019171907101880289,C57BL6J-638850.29,C57BL6J-638850.28,3
1817,quest_scgpt,small_simple_niche_1019171907101880289,C57BL6J-638850.29,C57BL6J-638850.30,3
1818,quest_scgpt,small_simple_niche_1019171907101880289,C57BL6J-638850.29,C57BL6J-638850.31,3
1819,quest_scgpt,small_simple_niche_1019171907101880289,C57BL6J-638850.29,Zhuang-ABCA-1.096,3
1820,quest_scgpt,small_simple_niche_1019171907101880289,C57BL6J-638850.29,Zhuang-ABCA-1.097,3
1821,quest_scgpt,small_simple_niche_1019171907101880289,C57BL6J-638850.29,Zhuang-ABCA-1.098,3
1822,quest_scgpt,small_simple_niche_1019171907101880289,C57BL6J-638850.29,Zhuang-ABCA-1.099,3
1823,quest_scgpt,small_simple_niche_1019171907101880289,C57BL6J-638850.29,Zhuang-ABCA-3.001,3
1824,quest_scgpt,small_simple_niche_1019171907101880289,C57BL6J-638850.29,Zhuang-ABCA-3.002,3
1825,quest_scgpt,small_simple_niche_1019171907101880289,C57BL6J-638850.29,Zhuang-ABCA-3.004,3
1826,quest_scgpt,small_simple_niche_1019171907101880289,C57BL6J-638850.29,Zhuang-ABCA-3.005,3
1827,scgpt,small_simple_niche_1019171907101880289,C57BL6J-638850.29,C57BL6J-638850.28,3
1828,scgpt,small_simple_niche_1019171907101880289,C57BL6J-638850.29,C57BL6J-638850.30,3
1829,scgpt,small_simple_niche_1019171907101880289,C57BL6J-638850.29,C57BL6J-638850.31,3
1830,scgpt,small_simple_niche_1019171907101880289,C57BL6J-638850.29,Zhuang-ABCA-1.096,3
1831,scgpt,small_simple_niche_1019171907101880289,C57BL6J-638850.29,Zhuang-ABCA-1.097,3
1832,scgpt,small_simple_niche_1019171907101880289,C57BL6J-638850.29,Zhuang-ABCA-1.098,3
1833,scgpt,small_simple_niche_1019171907101880289,C57BL6J-638850.29,Zhuang-ABCA-1.099,3
1834,scgpt,small_simple_niche_1019171907101880289,C57BL6J-638850.29,Zhuang-ABCA-3.001,3
1835,scgpt,small_simple_niche_1019171907101880289,C57BL6J-638850.29,Zhuang-ABCA-3.002,3
1836,scgpt,small_simple_niche_1019171907101880289,C57BL6J-638850.29,Zhuang-ABCA-3.004,3
1837,scgpt,small_simple_niche_1019171907101880289,C57BL6J-638850.29,Zhuang-ABCA-3.005,3
1838,gene_expr,small_simple_niche_1019171907101880289,C57BL6J-638850.29,C57BL6J-638850.28,3
1839,gene_expr,small_simple_niche_1019171907101880289,C57BL6J-638850.29,C57BL6J-638850.30,3
1840,gene_expr,small_simple_niche_1019171907101880289,C57BL6J-638850.29,C57BL6J-638850.31,3
1841,gene_expr,small_simple_niche_1019171907101880289,C57BL6J-638850.29,Zhuang-ABCA-1.096,3
1842,gene_expr,small_simple_niche_1019171907101880289,C57BL6J-638850.29,Zhuang-ABCA-1.097,3
1843,gene_expr,small_simple_niche_1019171907101880289,C57BL6J-638850.29,Zhuang-ABCA-1.098,3
1844,gene_expr,small_simple_niche_1019171907101880289,C57BL6J-638850.29,Zhuang-ABCA-1.099,3
1845,gene_expr,small_simple_niche_1019171907101880289,C57BL6J-638850.29,Zhuang-ABCA-3.001,3
1846,gene_expr,small_simple_niche_1019171907101880289,C57BL6J-638850.29,Zhuang-ABCA-3.002,3
1847,gene_expr,small_simple_niche_1019171907101880289,C57BL6J-638850.29,Zhuang-ABCA-3.004,3
1848,gene_expr,small_simple_niche_1019171907101880289,C57BL6J-638850.29,Zhuang-ABCA-3.005,3
1849,quest_gene_expr,small_simple_niche_1018093344101090631-2,C57BL6J-638850.30,C57BL6J-638850.28,3
1850,quest_gene_expr,small_simple_niche_1018093344101090631-2,C57BL6J-638850.30,C57BL6J-638850.29,3
1851,quest_gene_expr,small_simple_niche_1018093344101090631-2,C57BL6J-638850.30,C57BL6J-638850.31,3
1852,quest_gene_expr,small_simple_niche_1018093344101090631-2,C57BL6J-638850.30,Zhuang-ABCA-1.096,3
1853,quest_gene_expr,small_simple_niche_1018093344101090631-2,C57BL6J-638850.30,Zhuang-ABCA-1.097,3
1854,quest_gene_expr,small_simple_niche_1018093344101090631-2,C57BL6J-638850.30,Zhuang-ABCA-1.098,3
1855,quest_gene_expr,small_simple_niche_1018093344101090631-2,C57BL6J-638850.30,Zhuang-ABCA-1.099,3
1856,quest_gene_expr,small_simple_niche_1018093344101090631-2,C57BL6J-638850.30,Zhuang-ABCA-3.001,3
1857,quest_gene_expr,small_simple_niche_1018093344101090631-2,C57BL6J-638850.30,Zhuang-ABCA-3.002,3
1858,quest_gene_expr,small_simple_niche_1018093344101090631-2,C57BL6J-638850.30,Zhuang-ABCA-3.004,3
1859,quest_gene_expr,small_simple_niche_1018093344101090631-2,C57BL6J-638850.30,Zhuang-ABCA-3.005,3
1860,quest_scgpt,small_simple_niche_1018093344101090631-2,C57BL6J-638850.30,C57BL6J-638850.28,3
1861,quest_scgpt,small_simple_niche_1018093344101090631-2,C57BL6J-638850.30,C57BL6J-638850.29,3
1862,quest_scgpt,small_simple_niche_1018093344101090631-2,C57BL6J-638850.30,C57BL6J-638850.31,3
1863,quest_scgpt,small_simple_niche_1018093344101090631-2,C57BL6J-638850.30,Zhuang-ABCA-1.096,3
1864,quest_scgpt,small_simple_niche_1018093344101090631-2,C57BL6J-638850.30,Zhuang-ABCA-1.097,3
1865,quest_scgpt,small_simple_niche_1018093344101090631-2,C57BL6J-638850.30,Zhuang-ABCA-1.098,3
1866,quest_scgpt,small_simple_niche_1018093344101090631-2,C57BL6J-638850.30,Zhuang-ABCA-1.099,3
1867,quest_scgpt,small_simple_niche_1018093344101090631-2,C57BL6J-638850.30,Zhuang-ABCA-3.001,3
1868,quest_scgpt,small_simple_niche_1018093344101090631-2,C57BL6J-638850.30,Zhuang-ABCA-3.002,3
1869,quest_scgpt,small_simple_niche_1018093344101090631-2,C57BL6J-638850.30,Zhuang-ABCA-3.004,3
1870,quest_scgpt,small_simple_niche_1018093344101090631-2,C57BL6J-638850.30,Zhuang-ABCA-3.005,3
1871,scgpt,small_simple_niche_1018093344101090631-2,C57BL6J-638850.30,C57BL6J-638850.28,3
1872,scgpt,small_simple_niche_1018093344101090631-2,C57BL6J-638850.30,C57BL6J-638850.29,3
1873,scgpt,small_simple_niche_1018093344101090631-2,C57BL6J-638850.30,C57BL6J-638850.31,3
1874,scgpt,small_simple_niche_1018093344101090631-2,C57BL6J-638850.30,Zhuang-ABCA-1.096,3
1875,scgpt,small_simple_niche_1018093344101090631-2,C57BL6J-638850.30,Zhuang-ABCA-1.097,3
1876,scgpt,small_simple_niche_1018093344101090631-2,C57BL6J-638850.30,Zhuang-ABCA-1.098,3
1877,scgpt,small_simple_niche_1018093344101090631-2,C57BL6J-638850.30,Zhuang-ABCA-1.099,3
1878,scgpt,small_simple_niche_1018093344101090631-2,C57BL6J-638850.30,Zhuang-ABCA-3.001,3
1879,scgpt,small_simple_niche_1018093344101090631-2,C57BL6J-638850.30,Zhuang-ABCA-3.002,3
1880,scgpt,small_simple_niche_1018093344101090631-2,C57BL6J-638850.30,Zhuang-ABCA-3.004,3
1881,scgpt,small_simple_niche_1018093344101090631-2,C57BL6J-638850.30,Zhuang-ABCA-3.005,3
1882,gene_expr,small_simple_niche_1018093344101090631-2,C57BL6J-638850.30,C57BL6J-638850.28,3
1883,gene_expr,small_simple_niche_1018093344101090631-2,C57BL6J-638850.30,C57BL6J-638850.29,3
1884,gene_expr,small_simple_niche_1018093344101090631-2,C57BL6J-638850.30,C57BL6J-638850.31,3
1885,gene_expr,small_simple_niche_1018093344101090631-2,C57BL6J-638850.30,Zhuang-ABCA-1.096,3
1886,gene_expr,small_simple_niche_1018093344101090631-2,C57BL6J-638850.30,Zhuang-ABCA-1.097,3
1887,gene_expr,small_simple_niche_1018093344101090631-2,C57BL6J-638850.30,Zhuang-ABCA-1.098,3
1888,gene_expr,small_simple_niche_1018093344101090631-2,C57BL6J-638850.30,Zhuang-ABCA-1.099,3
1889,gene_expr,small_simple_niche_1018093344101090631-2,C57BL6J-638850.30,Zhuang-ABCA-3.001,3
1890,gene_expr,small_simple_niche_1018093344101090631-2,C57BL6J-638850.30,Zhuang-ABCA-3.002,3
1891,gene_expr,small_simple_niche_1018093344101090631-2,C57BL6J-638850.30,Zhuang-ABCA-3.004,3
1892,gene_expr,small_simple_niche_1018093344101090631-2,C57BL6J-638850.30,Zhuang-ABCA-3.005,3
1893,quest_gene_expr,small_simple_niche_1018093344101280317-4,C57BL6J-638850.30,C57BL6J-638850.28,3
1894,quest_gene_expr,small_simple_niche_1018093344101280317-4,C57BL6J-638850.30,C57BL6J-638850.29,3
1895,quest_gene_expr,small_simple_niche_1018093344101280317-4,C57BL6J-638850.30,C57BL6J-638850.31,3
1896,quest_gene_expr,small_simple_niche_1018093344101280317-4,C57BL6J-638850.30,Zhuang-ABCA-1.096,3
1897,quest_gene_expr,small_simple_niche_1018093344101280317-4,C57BL6J-638850.30,Zhuang-ABCA-1.097,3
1898,quest_gene_expr,small_simple_niche_1018093344101280317-4,C57BL6J-638850.30,Zhuang-ABCA-1.098,3
1899,quest_gene_expr,small_simple_niche_1018093344101280317-4,C57BL6J-638850.30,Zhuang-ABCA-1.099,3
1900,quest_gene_expr,small_simple_niche_1018093344101280317-4,C57BL6J-638850.30,Zhuang-ABCA-3.001,3
1901,quest_gene_expr,small_simple_niche_1018093344101280317-4,C57BL6J-638850.30,Zhuang-ABCA-3.002,3
1902,quest_gene_expr,small_simple_niche_1018093344101280317-4,C57BL6J-638850.30,Zhuang-ABCA-3.004,3
1903,quest_gene_expr,small_simple_niche_1018093344101280317-4,C57BL6J-638850.30,Zhuang-ABCA-3.005,3
1904,quest_scgpt,small_simple_niche_1018093344101280317-4,C57BL6J-638850.30,C57BL6J-638850.28,3
1905,quest_scgpt,small_simple_niche_1018093344101280317-4,C57BL6J-638850.30,C57BL6J-638850.29,3
1906,quest_scgpt,small_simple_niche_1018093344101280317-4,C57BL6J-638850.30,C57BL6J-638850.31,3
1907,quest_scgpt,small_simple_niche_1018093344101280317-4,C57BL6J-638850.30,Zhuang-ABCA-1.096,3
1908,quest_scgpt,small_simple_niche_1018093344101280317-4,C57BL6J-638850.30,Zhuang-ABCA-1.097,3
1909,quest_scgpt,small_simple_niche_1018093344101280317-4,C57BL6J-638850.30,Zhuang-ABCA-1.098,3
1910,quest_scgpt,small_simple_niche_1018093344101280317-4,C57BL6J-638850.30,Zhuang-ABCA-1.099,3
1911,quest_scgpt,small_simple_niche_1018093344101280317-4,C57BL6J-638850.30,Zhuang-ABCA-3.001,3
1912,quest_scgpt,small_simple_niche_1018093344101280317-4,C57BL6J-638850.30,Zhuang-ABCA-3.002,3
1913,quest_scgpt,small_simple_niche_1018093344101280317-4,C57BL6J-638850.30,Zhuang-ABCA-3.004,3
1914,quest_scgpt,small_simple_niche_1018093344101280317-4,C57BL6J-638850.30,Zhuang-ABCA-3.005,3
1915,scgpt,small_simple_niche_1018093344101280317-4,C57BL6J-638850.30,C57BL6J-638850.28,3
1916,scgpt,small_simple_niche_1018093344101280317-4,C57BL6J-638850.30,C57BL6J-638850.29,3
1917,scgpt,small_simple_niche_1018093344101280317-4,C57BL6J-638850.30,C57BL6J-638850.31,3
1918,scgpt,small_simple_niche_1018093344101280317-4,C57BL6J-638850.30,Zhuang-ABCA-1.096,3
1919,scgpt,small_simple_niche_1018093344101280317-4,C57BL6J-638850.30,Zhuang-ABCA-1.097,3
1920,scgpt,small_simple_niche_1018093344101280317-4,C57BL6J-638850.30,Zhuang-ABCA-1.098,3
1921,scgpt,small_simple_niche_1018093344101280317-4,C57BL6J-638850.30,Zhuang-ABCA-1.099,3
1922,scgpt,small_simple_niche_1018093344101280317-4,C57BL6J-638850.30,Zhuang-ABCA-3.001,3
1923,scgpt,small_simple_niche_1018093344101280317-4,C57BL6J-638850.30,Zhuang-ABCA-3.002,3
1924,scgpt,small_simple_niche_1018093344101280317-4,C57BL6J-638850.30,Zhuang-ABCA-3.004,3
1925,scgpt,small_simple_niche_1018093344101280317-4,C57BL6J-638850.30,Zhuang-ABCA-3.005,3
1926,gene_expr,small_simple_niche_1018093344101280317-4,C57BL6J-638850.30,C57BL6J-638850.28,3
1927,gene_expr,small_simple_niche_1018093344101280317-4,C57BL6J-638850.30,C57BL6J-638850.29,3
1928,gene_expr,small_simple_niche_1018093344101280317-4,C57BL6J-638850.30,C57BL6J-638850.31,3
1929,gene_expr,small_simple_niche_1018093344101280317-4,C57BL6J-638850.30,Zhuang-ABCA-1.096,3
1930,gene_expr,small_simple_niche_1018093344101280317-4,C57BL6J-638850.30,Zhuang-ABCA-1.097,3
1931,gene_expr,small_simple_niche_1018093344101280317-4,C57BL6J-638850.30,Zhuang-ABCA-1.098,3
1932,gene_expr,small_simple_niche_1018093344101280317-4,C57BL6J-638850.30,Zhuang-ABCA-1.099,3
1933,gene_expr,small_simple_niche_1018093344101280317-4,C57BL6J-638850.30,Zhuang-ABCA-3.001,3
1934,gene_expr,small_simple_niche_1018093344101280317-4,C57BL6J-638850.30,Zhuang-ABCA-3.002,3
1935,gene_expr,small_simple_niche_1018093344101280317-4,C57BL6J-638850.30,Zhuang-ABCA-3.004,3
1936,gene_expr,small_simple_niche_1018093344101280317-4,C57BL6J-638850.30,Zhuang-ABCA-3.005,3
1937,quest_gene_expr,small_simple_niche_1018093344101400431-5,C57BL6J-638850.30,C57BL6J-638850.28,3
1938,quest_gene_expr,small_simple_niche_1018093344101400431-5,C57BL6J-638850.30,C57BL6J-638850.29,3
1939,quest_gene_expr,small_simple_niche_1018093344101400431-5,C57BL6J-638850.30,C57BL6J-638850.31,3
1940,quest_gene_expr,small_simple_niche_1018093344101400431-5,C57BL6J-638850.30,Zhuang-ABCA-1.096,3
1941,quest_gene_expr,small_simple_niche_1018093344101400431-5,C57BL6J-638850.30,Zhuang-ABCA-1.097,3
1942,quest_gene_expr,small_simple_niche_1018093344101400431-5,C57BL6J-638850.30,Zhuang-ABCA-1.098,3
1943,quest_gene_expr,small_simple_niche_1018093344101400431-5,C57BL6J-638850.30,Zhuang-ABCA-1.099,3
1944,quest_gene_expr,small_simple_niche_1018093344101400431-5,C57BL6J-638850.30,Zhuang-ABCA-3.001,3
1945,quest_gene_expr,small_simple_niche_1018093344101400431-5,C57BL6J-638850.30,Zhuang-ABCA-3.002,3
1946,quest_gene_expr,small_simple_niche_1018093344101400431-5,C57BL6J-638850.30,Zhuang-ABCA-3.004,3
1947,quest_gene_expr,small_simple_niche_1018093344101400431-5,C57BL6J-638850.30,Zhuang-ABCA-3.005,3
1948,quest_scgpt,small_simple_niche_1018093344101400431-5,C57BL6J-638850.30,C57BL6J-638850.28,3
1949,quest_scgpt,small_simple_niche_1018093344101400431-5,C57BL6J-638850.30,C57BL6J-638850.29,3
1950,quest_scgpt,small_simple_niche_1018093344101400431-5,C57BL6J-638850.30,C57BL6J-638850.31,3
1951,quest_scgpt,small_simple_niche_1018093344101400431-5,C57BL6J-638850.30,Zhuang-ABCA-1.096,3
1952,quest_scgpt,small_simple_niche_1018093344101400431-5,C57BL6J-638850.30,Zhuang-ABCA-1.097,3
1953,quest_scgpt,small_simple_niche_1018093344101400431-5,C57BL6J-638850.30,Zhuang-ABCA-1.098,3
1954,quest_scgpt,small_simple_niche_1018093344101400431-5,C57BL6J-638850.30,Zhuang-ABCA-1.099,3
1955,quest_scgpt,small_simple_niche_1018093344101400431-5,C57BL6J-638850.30,Zhuang-ABCA-3.001,3
1956,quest_scgpt,small_simple_niche_1018093344101400431-5,C57BL6J-638850.30,Zhuang-ABCA-3.002,3
1957,quest_scgpt,small_simple_niche_1018093344101400431-5,C57BL6J-638850.30,Zhuang-ABCA-3.004,3
1958,quest_scgpt,small_simple_niche_1018093344101400431-5,C57BL6J-638850.30,Zhuang-ABCA-3.005,3
1959,scgpt,small_simple_niche_1018093344101400431-5,C57BL6J-638850.30,C57BL6J-638850.28,3
1960,scgpt,small_simple_niche_1018093344101400431-5,C57BL6J-638850.30,C57BL6J-638850.29,3
1961,scgpt,small_simple_niche_1018093344101400431-5,C57BL6J-638850.30,C57BL6J-638850.31,3
1962,scgpt,small_simple_niche_1018093344101400431-5,C57BL6J-638850.30,Zhuang-ABCA-1.096,3
1963,scgpt,small_simple_niche_1018093344101400431-5,C57BL6J-638850.30,Zhuang-ABCA-1.097,3
1964,scgpt,small_simple_niche_1018093344101400431-5,C57BL6J-638850.30,Zhuang-ABCA-1.098,3
1965,scgpt,small_simple_niche_1018093344101400431-5,C57BL6J-638850.30,Zhuang-ABCA-1.099,3
1966,scgpt,small_simple_niche_1018093344101400431-5,C57BL6J-638850.30,Zhuang-ABCA-3.001,3
1967,scgpt,small_simple_niche_1018093344101400431-5,C57BL6J-638850.30,Zhuang-ABCA-3.002,3
1968,scgpt,small_simple_niche_1018093344101400431-5,C57BL6J-638850.30,Zhuang-ABCA-3.004,3
1969,scgpt,small_simple_niche_1018093344101400431-5,C57BL6J-638850.30,Zhuang-ABCA-3.005,3
1970,gene_expr,small_simple_niche_1018093344101400431-5,C57BL6J-638850.30,C57BL6J-638850.28,3
1971,gene_expr,small_simple_niche_1018093344101400431-5,C57BL6J-638850.30,C57BL6J-638850.29,3
1972,gene_expr,small_simple_niche_1018093344101400431-5,C57BL6J-638850.30,C57BL6J-638850.31,3
1973,gene_expr,small_simple_niche_1018093344101400431-5,C57BL6J-638850.30,Zhuang-ABCA-1.096,3
1974,gene_expr,small_simple_niche_1018093344101400431-5,C57BL6J-638850.30,Zhuang-ABCA-1.097,3
1975,gene_expr,small_simple_niche_1018093344101400431-5,C57BL6J-638850.30,Zhuang-ABCA-1.098,3
1976,gene_expr,small_simple_niche_1018093344101400431-5,C57BL6J-638850.30,Zhuang-ABCA-1.099,3
1977,gene_expr,small_simple_niche_1018093344101400431-5,C57BL6J-638850.30,Zhuang-ABCA-3.001,3
1978,gene_expr,small_simple_niche_1018093344101400431-5,C57BL6J-638850.30,Zhuang-ABCA-3.002,3
1979,gene_expr,small_simple_niche_1018093344101400431-5,C57BL6J-638850.30,Zhuang-ABCA-3.004,3
1980,gene_expr,small_simple_niche_1018093344101400431-5,C57BL6J-638850.30,Zhuang-ABCA-3.005,3
1981,quest_gene_expr,small_simple_niche_1018093344101580701-1,C57BL6J-638850.30,C57BL6J-638850.28,3
1982,quest_gene_expr,small_simple_niche_1018093344101580701-1,C57BL6J-638850.30,C57BL6J-638850.29,3
1983,quest_gene_expr,small_simple_niche_1018093344101580701-1,C57BL6J-638850.30,C57BL6J-638850.31,3
1984,quest_gene_expr,small_simple_niche_1018093344101580701-1,C57BL6J-638850.30,Zhuang-ABCA-1.096,3
1985,quest_gene_expr,small_simple_niche_1018093344101580701-1,C57BL6J-638850.30,Zhuang-ABCA-1.097,3
1986,quest_gene_expr,small_simple_niche_1018093344101580701-1,C57BL6J-638850.30,Zhuang-ABCA-1.098,3
1987,quest_gene_expr,small_simple_niche_1018093344101580701-1,C57BL6J-638850.30,Zhuang-ABCA-1.099,3
1988,quest_gene_expr,small_simple_niche_1018093344101580701-1,C57BL6J-638850.30,Zhuang-ABCA-3.001,3
1989,quest_gene_expr,small_simple_niche_1018093344101580701-1,C57BL6J-638850.30,Zhuang-ABCA-3.002,3
1990,quest_gene_expr,small_simple_niche_1018093344101580701-1,C57BL6J-638850.30,Zhuang-ABCA-3.004,3
1991,quest_gene_expr,small_simple_niche_1018093344101580701-1,C57BL6J-638850.30,Zhuang-ABCA-3.005,3
1992,quest_scgpt,small_simple_niche_1018093344101580701-1,C57BL6J-638850.30,C57BL6J-638850.28,3
1993,quest_scgpt,small_simple_niche_1018093344101580701-1,C57BL6J-638850.30,C57BL6J-638850.29,3
1994,quest_scgpt,small_simple_niche_1018093344101580701-1,C57BL6J-638850.30,C57BL6J-638850.31,3
1995,quest_scgpt,small_simple_niche_1018093344101580701-1,C57BL6J-638850.30,Zhuang-ABCA-1.096,3
1996,quest_scgpt,small_simple_niche_1018093344101580701-1,C57BL6J-638850.30,Zhuang-ABCA-1.097,3
1997,quest_scgpt,small_simple_niche_1018093344101580701-1,C57BL6J-638850.30,Zhuang-ABCA-1.098,3
1998,quest_scgpt,small_simple_niche_1018093344101580701-1,C57BL6J-638850.30,Zhuang-ABCA-1.099,3
1999,quest_scgpt,small_simple_niche_1018093344101580701-1,C57BL6J-638850.30,Zhuang-ABCA-3.001,3
2000,quest_scgpt,small_simple_niche_1018093344101580701-1,C57BL6J-638850.30,Zhuang-ABCA-3.002,3
2001,quest_scgpt,small_simple_niche_1018093344101580701-1,C57BL6J-638850.30,Zhuang-ABCA-3.004,3
2002,quest_scgpt,small_simple_niche_1018093344101580701-1,C57BL6J-638850.30,Zhuang-ABCA-3.005,3
2003,scgpt,small_simple_niche_1018093344101580701-1,C57BL6J-638850.30,C57BL6J-638850.28,3
2004,scgpt,small_simple_niche_1018093344101580701-1,C57BL6J-638850.30,C57BL6J-638850.29,3
2005,scgpt,small_simple_niche_1018093344101580701-1,C57BL6J-638850.30,C57BL6J-638850.31,3
2006,scgpt,small_simple_niche_1018093344101580701-1,C57BL6J-638850.30,Zhuang-ABCA-1.096,3
2007,scgpt,small_simple_niche_1018093344101580701-1,C57BL6J-638850.30,Zhuang-ABCA-1.097,3
2008,scgpt,small_simple_niche_1018093344101580701-1,C57BL6J-638850.30,Zhuang-ABCA-1.098,3
2009,scgpt,small_simple_niche_1018093344101580701-1,C57BL6J-638850.30,Zhuang-ABCA-1.099,3
2010,scgpt,small_simple_niche_1018093344101580701-1,C57BL6J-638850.30,Zhuang-ABCA-3.001,3
2011,scgpt,small_simple_niche_1018093344101580701-1,C57BL6J-638850.30,Zhuang-ABCA-3.002,3
2012,scgpt,small_simple_niche_1018093344101580701-1,C57BL6J-638850.30,Zhuang-ABCA-3.004,3
2013,scgpt,small_simple_niche_1018093344101580701-1,C57BL6J-638850.30,Zhuang-ABCA-3.005,3
2014,gene_expr,small_simple_niche_1018093344101580701-1,C57BL6J-638850.30,C57BL6J-638850.28,3
2015,gene_expr,small_simple_niche_1018093344101580701-1,C57BL6J-638850.30,C57BL6J-638850.29,3
2016,gene_expr,small_simple_niche_1018093344101580701-1,C57BL6J-638850.30,C57BL6J-638850.31,3
2017,gene_expr,small_simple_niche_1018093344101580701-1,C57BL6J-638850.30,Zhuang-ABCA-1.096,3
2018,gene_expr,small_simple_niche_1018093344101580701-1,C57BL6J-638850.30,Zhuang-ABCA-1.097,3
2019,gene_expr,small_simple_niche_1018093344101580701-1,C57BL6J-638850.30,Zhuang-ABCA-1.098,3
2020,gene_expr,small_simple_niche_1018093344101580701-1,C57BL6J-638850.30,Zhuang-ABCA-1.099,3
2021,gene_expr,small_simple_niche_1018093344101580701-1,C57BL6J-638850.30,Zhuang-ABCA-3.001,3
2022,gene_expr,small_simple_niche_1018093344101580701-1,C57BL6J-638850.30,Zhuang-ABCA-3.002,3
2023,gene_expr,small_simple_niche_1018093344101580701-1,C57BL6J-638850.30,Zhuang-ABCA-3.004,3
2024,gene_expr,small_simple_niche_1018093344101580701-1,C57BL6J-638850.30,Zhuang-ABCA-3.005,3
2025,quest_gene_expr,small_simple_niche_1018093345101050427,C57BL6J-638850.31,C57BL6J-638850.28,3
2026,quest_gene_expr,small_simple_niche_1018093345101050427,C57BL6J-638850.31,C57BL6J-638850.29,3
2027,quest_gene_expr,small_simple_niche_1018093345101050427,C57BL6J-638850.31,C57BL6J-638850.30,3
2028,quest_gene_expr,small_simple_niche_1018093345101050427,C57BL6J-638850.31,Zhuang-ABCA-1.096,3
2029,quest_gene_expr,small_simple_niche_1018093345101050427,C57BL6J-638850.31,Zhuang-ABCA-1.097,3
2030,quest_gene_expr,small_simple_niche_1018093345101050427,C57BL6J-638850.31,Zhuang-ABCA-1.098,3
2031,quest_gene_expr,small_simple_niche_1018093345101050427,C57BL6J-638850.31,Zhuang-ABCA-1.099,3
2032,quest_gene_expr,small_simple_niche_1018093345101050427,C57BL6J-638850.31,Zhuang-ABCA-3.001,3
2033,quest_gene_expr,small_simple_niche_1018093345101050427,C57BL6J-638850.31,Zhuang-ABCA-3.002,3
2034,quest_gene_expr,small_simple_niche_1018093345101050427,C57BL6J-638850.31,Zhuang-ABCA-3.004,3
2035,quest_gene_expr,small_simple_niche_1018093345101050427,C57BL6J-638850.31,Zhuang-ABCA-3.005,3
2036,quest_scgpt,small_simple_niche_1018093345101050427,C57BL6J-638850.31,C57BL6J-638850.28,3
2037,quest_scgpt,small_simple_niche_1018093345101050427,C57BL6J-638850.31,C57BL6J-638850.29,3
2038,quest_scgpt,small_simple_niche_1018093345101050427,C57BL6J-638850.31,C57BL6J-638850.30,3
2039,quest_scgpt,small_simple_niche_1018093345101050427,C57BL6J-638850.31,Zhuang-ABCA-1.096,3
2040,quest_scgpt,small_simple_niche_1018093345101050427,C57BL6J-638850.31,Zhuang-ABCA-1.097,3
2041,quest_scgpt,small_simple_niche_1018093345101050427,C57BL6J-638850.31,Zhuang-ABCA-1.098,3
2042,quest_scgpt,small_simple_niche_1018093345101050427,C57BL6J-638850.31,Zhuang-ABCA-1.099,3
2043,quest_scgpt,small_simple_niche_1018093345101050427,C57BL6J-638850.31,Zhuang-ABCA-3.001,3
2044,quest_scgpt,small_simple_niche_1018093345101050427,C57BL6J-638850.31,Zhuang-ABCA-3.002,3
2045,quest_scgpt,small_simple_niche_1018093345101050427,C57BL6J-638850.31,Zhuang-ABCA-3.004,3
2046,quest_scgpt,small_simple_niche_1018093345101050427,C57BL6J-638850.31,Zhuang-ABCA-3.005,3
2047,scgpt,small_simple_niche_1018093345101050427,C57BL6J-638850.31,C57BL6J-638850.28,3
2048,scgpt,small_simple_niche_1018093345101050427,C57BL6J-638850.31,C57BL6J-638850.29,3
2049,scgpt,small_simple_niche_1018093345101050427,C57BL6J-638850.31,C57BL6J-638850.30,3
2050,scgpt,small_simple_niche_1018093345101050427,C57BL6J-638850.31,Zhuang-ABCA-1.096,3
2051,scgpt,small_simple_niche_1018093345101050427,C57BL6J-638850.31,Zhuang-ABCA-1.097,3
2052,scgpt,small_simple_niche_1018093345101050427,C57BL6J-638850.31,Zhuang-ABCA-1.098,3
2053,scgpt,small_simple_niche_1018093345101050427,C57BL6J-638850.31,Zhuang-ABCA-1.099,3
2054,scgpt,small_simple_niche_1018093345101050427,C57BL6J-638850.31,Zhuang-ABCA-3.001,3
2055,scgpt,small_simple_niche_1018093345101050427,C57BL6J-638850.31,Zhuang-ABCA-3.002,3
2056,scgpt,small_simple_niche_1018093345101050427,C57BL6J-638850.31,Zhuang-ABCA-3.004,3
2057,scgpt,small_simple_niche_1018093345101050427,C57BL6J-638850.31,Zhuang-ABCA-3.005,3
2058,gene_expr,small_simple_niche_1018093345101050427,C57BL6J-638850.31,C57BL6J-638850.28,3
2059,gene_expr,small_simple_niche_1018093345101050427,C57BL6J-638850.31,C57BL6J-638850.29,3
2060,gene_expr,small_simple_niche_1018093345101050427,C57BL6J-638850.31,C57BL6J-638850.30,3
2061,gene_expr,small_simple_niche_1018093345101050427,C57BL6J-638850.31,Zhuang-ABCA-1.096,3
2062,gene_expr,small_simple_niche_1018093345101050427,C57BL6J-638850.31,Zhuang-ABCA-1.097,3
2063,gene_expr,small_simple_niche_1018093345101050427,C57BL6J-638850.31,Zhuang-ABCA-1.098,3
2064,gene_expr,small_simple_niche_1018093345101050427,C57BL6J-638850.31,Zhuang-ABCA-1.099,3
2065,gene_expr,small_simple_niche_1018093345101050427,C57BL6J-638850.31,Zhuang-ABCA-3.001,3
2066,gene_expr,small_simple_niche_1018093345101050427,C57BL6J-638850.31,Zhuang-ABCA-3.002,3
2067,gene_expr,small_simple_niche_1018093345101050427,C57BL6J-638850.31,Zhuang-ABCA-3.004,3
2068,gene_expr,small_simple_niche_1018093345101050427,C57BL6J-638850.31,Zhuang-ABCA-3.005,3
2069,quest_gene_expr,small_simple_niche_1018093345101660290,C57BL6J-638850.31,C57BL6J-638850.28,3
2070,quest_gene_expr,small_simple_niche_1018093345101660290,C57BL6J-638850.31,C57BL6J-638850.29,3
2071,quest_gene_expr,small_simple_niche_1018093345101660290,C57BL6J-638850.31,C57BL6J-638850.30,3
2072,quest_gene_expr,small_simple_niche_1018093345101660290,C57BL6J-638850.31,Zhuang-ABCA-1.096,3
2073,quest_gene_expr,small_simple_niche_1018093345101660290,C57BL6J-638850.31,Zhuang-ABCA-1.097,3
2074,quest_gene_expr,small_simple_niche_1018093345101660290,C57BL6J-638850.31,Zhuang-ABCA-1.098,3
2075,quest_gene_expr,small_simple_niche_1018093345101660290,C57BL6J-638850.31,Zhuang-ABCA-1.099,3
2076,quest_gene_expr,small_simple_niche_1018093345101660290,C57BL6J-638850.31,Zhuang-ABCA-3.001,3
2077,quest_gene_expr,small_simple_niche_1018093345101660290,C57BL6J-638850.31,Zhuang-ABCA-3.002,3
2078,quest_gene_expr,small_simple_niche_1018093345101660290,C57BL6J-638850.31,Zhuang-ABCA-3.004,3
2079,quest_gene_expr,small_simple_niche_1018093345101660290,C57BL6J-638850.31,Zhuang-ABCA-3.005,3
2080,quest_scgpt,small_simple_niche_1018093345101660290,C57BL6J-638850.31,C57BL6J-638850.28,3
2081,quest_scgpt,small_simple_niche_1018093345101660290,C57BL6J-638850.31,C57BL6J-638850.29,3
2082,quest_scgpt,small_simple_niche_1018093345101660290,C57BL6J-638850.31,C57BL6J-638850.30,3
2083,quest_scgpt,small_simple_niche_1018093345101660290,C57BL6J-638850.31,Zhuang-ABCA-1.096,3
2084,quest_scgpt,small_simple_niche_1018093345101660290,C57BL6J-638850.31,Zhuang-ABCA-1.097,3
2085,quest_scgpt,small_simple_niche_1018093345101660290,C57BL6J-638850.31,Zhuang-ABCA-1.098,3
2086,quest_scgpt,small_simple_niche_1018093345101660290,C57BL6J-638850.31,Zhuang-ABCA-1.099,3
2087,quest_scgpt,small_simple_niche_1018093345101660290,C57BL6J-638850.31,Zhuang-ABCA-3.001,3
2088,quest_scgpt,small_simple_niche_1018093345101660290,C57BL6J-638850.31,Zhuang-ABCA-3.002,3
2089,quest_scgpt,small_simple_niche_1018093345101660290,C57BL6J-638850.31,Zhuang-ABCA-3.004,3
2090,quest_scgpt,small_simple_niche_1018093345101660290,C57BL6J-638850.31,Zhuang-ABCA-3.005,3
2091,scgpt,small_simple_niche_1018093345101660290,C57BL6J-638850.31,C57BL6J-638850.28,3
2092,scgpt,small_simple_niche_1018093345101660290,C57BL6J-638850.31,C57BL6J-638850.29,3
2093,scgpt,small_simple_niche_1018093345101660290,C57BL6J-638850.31,C57BL6J-638850.30,3
2094,scgpt,small_simple_niche_1018093345101660290,C57BL6J-638850.31,Zhuang-ABCA-1.096,3
2095,scgpt,small_simple_niche_1018093345101660290,C57BL6J-638850.31,Zhuang-ABCA-1.097,3
2096,scgpt,small_simple_niche_1018093345101660290,C57BL6J-638850.31,Zhuang-ABCA-1.098,3
2097,scgpt,small_simple_niche_1018093345101660290,C57BL6J-638850.31,Zhuang-ABCA-1.099,3
2098,scgpt,small_simple_niche_1018093345101660290,C57BL6J-638850.31,Zhuang-ABCA-3.001,3
2099,scgpt,small_simple_niche_1018093345101660290,C57BL6J-638850.31,Zhuang-ABCA-3.002,3
2100,scgpt,small_simple_niche_1018093345101660290,C57BL6J-638850.31,Zhuang-ABCA-3.004,3
2101,scgpt,small_simple_niche_1018093345101660290,C57BL6J-638850.31,Zhuang-ABCA-3.005,3
2102,gene_expr,small_simple_niche_1018093345101660290,C57BL6J-638850.31,C57BL6J-638850.28,3
2103,gene_expr,small_simple_niche_1018093345101660290,C57BL6J-638850.31,C57BL6J-638850.29,3
2104,gene_expr,small_simple_niche_1018093345101660290,C57BL6J-638850.31,C57BL6J-638850.30,3
2105,gene_expr,small_simple_niche_1018093345101660290,C57BL6J-638850.31,Zhuang-ABCA-1.096,3
2106,gene_expr,small_simple_niche_1018093345101660290,C57BL6J-638850.31,Zhuang-ABCA-1.097,3
2107,gene_expr,small_simple_niche_1018093345101660290,C57BL6J-638850.31,Zhuang-ABCA-1.098,3
2108,gene_expr,small_simple_niche_1018093345101660290,C57BL6J-638850.31,Zhuang-ABCA-1.099,3
2109,gene_expr,small_simple_niche_1018093345101660290,C57BL6J-638850.31,Zhuang-ABCA-3.001,3
2110,gene_expr,small_simple_niche_1018093345101660290,C57BL6J-638850.31,Zhuang-ABCA-3.002,3
2111,gene_expr,small_simple_niche_1018093345101660290,C57BL6J-638850.31,Zhuang-ABCA-3.004,3
2112,gene_expr,small_simple_niche_1018093345101660290,C57BL6J-638850.31,Zhuang-ABCA-3.005,3
2113,quest_gene_expr,small_simple_niche_1018093345101830471,C57BL6J-638850.31,C57BL6J-638850.28,3
2114,quest_gene_expr,small_simple_niche_1018093345101830471,C57BL6J-638850.31,C57BL6J-638850.29,3
2115,quest_gene_expr,small_simple_niche_1018093345101830471,C57BL6J-638850.31,C57BL6J-638850.30,3
2116,quest_gene_expr,small_simple_niche_1018093345101830471,C57BL6J-638850.31,Zhuang-ABCA-1.096,3
2117,quest_gene_expr,small_simple_niche_1018093345101830471,C57BL6J-638850.31,Zhuang-ABCA-1.097,3
2118,quest_gene_expr,small_simple_niche_1018093345101830471,C57BL6J-638850.31,Zhuang-ABCA-1.098,3
2119,quest_gene_expr,small_simple_niche_1018093345101830471,C57BL6J-638850.31,Zhuang-ABCA-1.099,3
2120,quest_gene_expr,small_simple_niche_1018093345101830471,C57BL6J-638850.31,Zhuang-ABCA-3.001,3
2121,quest_gene_expr,small_simple_niche_1018093345101830471,C57BL6J-638850.31,Zhuang-ABCA-3.002,3
2122,quest_gene_expr,small_simple_niche_1018093345101830471,C57BL6J-638850.31,Zhuang-ABCA-3.004,3
2123,quest_gene_expr,small_simple_niche_1018093345101830471,C57BL6J-638850.31,Zhuang-ABCA-3.005,3
2124,quest_scgpt,small_simple_niche_1018093345101830471,C57BL6J-638850.31,C57BL6J-638850.28,3
2125,quest_scgpt,small_simple_niche_1018093345101830471,C57BL6J-638850.31,C57BL6J-638850.29,3
2126,quest_scgpt,small_simple_niche_1018093345101830471,C57BL6J-638850.31,C57BL6J-638850.30,3
2127,quest_scgpt,small_simple_niche_1018093345101830471,C57BL6J-638850.31,Zhuang-ABCA-1.096,3
2128,quest_scgpt,small_simple_niche_1018093345101830471,C57BL6J-638850.31,Zhuang-ABCA-1.097,3
2129,quest_scgpt,small_simple_niche_1018093345101830471,C57BL6J-638850.31,Zhuang-ABCA-1.098,3
2130,quest_scgpt,small_simple_niche_1018093345101830471,C57BL6J-638850.31,Zhuang-ABCA-1.099,3
2131,quest_scgpt,small_simple_niche_1018093345101830471,C57BL6J-638850.31,Zhuang-ABCA-3.001,3
2132,quest_scgpt,small_simple_niche_1018093345101830471,C57BL6J-638850.31,Zhuang-ABCA-3.002,3
2133,quest_scgpt,small_simple_niche_1018093345101830471,C57BL6J-638850.31,Zhuang-ABCA-3.004,3
2134,quest_scgpt,small_simple_niche_1018093345101830471,C57BL6J-638850.31,Zhuang-ABCA-3.005,3
2135,scgpt,small_simple_niche_1018093345101830471,C57BL6J-638850.31,C57BL6J-638850.28,3
2136,scgpt,small_simple_niche_1018093345101830471,C57BL6J-638850.31,C57BL6J-638850.29,3
2137,scgpt,small_simple_niche_1018093345101830471,C57BL6J-638850.31,C57BL6J-638850.30,3
2138,scgpt,small_simple_niche_1018093345101830471,C57BL6J-638850.31,Zhuang-ABCA-1.096,3
2139,scgpt,small_simple_niche_1018093345101830471,C57BL6J-638850.31,Zhuang-ABCA-1.097,3
2140,scgpt,small_simple_niche_1018093345101830471,C57BL6J-638850.31,Zhuang-ABCA-1.098,3
2141,scgpt,small_simple_niche_1018093345101830471,C57BL6J-638850.31,Zhuang-ABCA-1.099,3
2142,scgpt,small_simple_niche_1018093345101830471,C57BL6J-638850.31,Zhuang-ABCA-3.001,3
2143,scgpt,small_simple_niche_1018093345101830471,C57BL6J-638850.31,Zhuang-ABCA-3.002,3
2144,scgpt,small_simple_niche_1018093345101830471,C57BL6J-638850.31,Zhuang-ABCA-3.004,3
2145,scgpt,small_simple_niche_1018093345101830471,C57BL6J-638850.31,Zhuang-ABCA-3.005,3
2146,gene_expr,small_simple_niche_1018093345101830471,C57BL6J-638850.31,C57BL6J-638850.28,3
2147,gene_expr,small_simple_niche_1018093345101830471,C57BL6J-638850.31,C57BL6J-638850.29,3
2148,gene_expr,small_simple_niche_1018093345101830471,C57BL6J-638850.31,C57BL6J-638850.30,3
2149,gene_expr,small_simple_niche_1018093345101830471,C57BL6J-638850.31,Zhuang-ABCA-1.096,3
2150,gene_expr,small_simple_niche_1018093345101830471,C57BL6J-638850.31,Zhuang-ABCA-1.097,3
2151,gene_expr,small_simple_niche_1018093345101830471,C57BL6J-638850.31,Zhuang-ABCA-1.098,3
2152,gene_expr,small_simple_niche_1018093345101830471,C57BL6J-638850.31,Zhuang-ABCA-1.099,3
2153,gene_expr,small_simple_niche_1018093345101830471,C57BL6J-638850.31,Zhuang-ABCA-3.001,3
2154,gene_expr,small_simple_niche_1018093345101830471,C57BL6J-638850.31,Zhuang-ABCA-3.002,3
2155,gene_expr,small_simple_niche_1018093345101830471,C57BL6J-638850.31,Zhuang-ABCA-3.004,3
2156,gene_expr,small_simple_niche_1018093345101830471,C57BL6J-638850.31,Zhuang-ABCA-3.005,3
2157,quest_gene_expr,small_simple_niche_1018093345102290685,C57BL6J-638850.31,C57BL6J-638850.28,3
2158,quest_gene_expr,small_simple_niche_1018093345102290685,C57BL6J-638850.31,C57BL6J-638850.29,3
2159,quest_gene_expr,small_simple_niche_1018093345102290685,C57BL6J-638850.31,C57BL6J-638850.30,3
2160,quest_gene_expr,small_simple_niche_1018093345102290685,C57BL6J-638850.31,Zhuang-ABCA-1.096,3
2161,quest_gene_expr,small_simple_niche_1018093345102290685,C57BL6J-638850.31,Zhuang-ABCA-1.097,3
2162,quest_gene_expr,small_simple_niche_1018093345102290685,C57BL6J-638850.31,Zhuang-ABCA-1.098,3
2163,quest_gene_expr,small_simple_niche_1018093345102290685,C57BL6J-638850.31,Zhuang-ABCA-1.099,3
2164,quest_gene_expr,small_simple_niche_1018093345102290685,C57BL6J-638850.31,Zhuang-ABCA-3.001,3
2165,quest_gene_expr,small_simple_niche_1018093345102290685,C57BL6J-638850.31,Zhuang-ABCA-3.002,3
2166,quest_gene_expr,small_simple_niche_1018093345102290685,C57BL6J-638850.31,Zhuang-ABCA-3.004,3
2167,quest_gene_expr,small_simple_niche_1018093345102290685,C57BL6J-638850.31,Zhuang-ABCA-3.005,3
2168,quest_scgpt,small_simple_niche_1018093345102290685,C57BL6J-638850.31,C57BL6J-638850.28,3
2169,quest_scgpt,small_simple_niche_1018093345102290685,C57BL6J-638850.31,C57BL6J-638850.29,3
2170,quest_scgpt,small_simple_niche_1018093345102290685,C57BL6J-638850.31,C57BL6J-638850.30,3
2171,quest_scgpt,small_simple_niche_1018093345102290685,C57BL6J-638850.31,Zhuang-ABCA-1.096,3
2172,quest_scgpt,small_simple_niche_1018093345102290685,C57BL6J-638850.31,Zhuang-ABCA-1.097,3
2173,quest_scgpt,small_simple_niche_1018093345102290685,C57BL6J-638850.31,Zhuang-ABCA-1.098,3
2174,quest_scgpt,small_simple_niche_1018093345102290685,C57BL6J-638850.31,Zhuang-ABCA-1.099,3
2175,quest_scgpt,small_simple_niche_1018093345102290685,C57BL6J-638850.31,Zhuang-ABCA-3.001,3
2176,quest_scgpt,small_simple_niche_1018093345102290685,C57BL6J-638850.31,Zhuang-ABCA-3.002,3
2177,quest_scgpt,small_simple_niche_1018093345102290685,C57BL6J-638850.31,Zhuang-ABCA-3.004,3
2178,quest_scgpt,small_simple_niche_1018093345102290685,C57BL6J-638850.31,Zhuang-ABCA-3.005,3
2179,scgpt,small_simple_niche_1018093345102290685,C57BL6J-638850.31,C57BL6J-638850.28,3
2180,scgpt,small_simple_niche_1018093345102290685,C57BL6J-638850.31,C57BL6J-638850.29,3
2181,scgpt,small_simple_niche_1018093345102290685,C57BL6J-638850.31,C57BL6J-638850.30,3
2182,scgpt,small_simple_niche_1018093345102290685,C57BL6J-638850.31,Zhuang-ABCA-1.096,3
2183,scgpt,small_simple_niche_1018093345102290685,C57BL6J-638850.31,Zhuang-ABCA-1.097,3
2184,scgpt,small_simple_niche_1018093345102290685,C57BL6J-638850.31,Zhuang-ABCA-1.098,3
2185,scgpt,small_simple_niche_1018093345102290685,C57BL6J-638850.31,Zhuang-ABCA-1.099,3
2186,scgpt,small_simple_niche_1018093345102290685,C57BL6J-638850.31,Zhuang-ABCA-3.001,3
2187,scgpt,small_simple_niche_1018093345102290685,C57BL6J-638850.31,Zhuang-ABCA-3.002,3
2188,scgpt,small_simple_niche_1018093345102290685,C57BL6J-638850.31,Zhuang-ABCA-3.004,3
2189,scgpt,small_simple_niche_1018093345102290685,C57BL6J-638850.31,Zhuang-ABCA-3.005,3
2190,gene_expr,small_simple_niche_1018093345102290685,C57BL6J-638850.31,C57BL6J-638850.28,3
2191,gene_expr,small_simple_niche_1018093345102290685,C57BL6J-638850.31,C57BL6J-638850.29,3
2192,gene_expr,small_simple_niche_1018093345102290685,C57BL6J-638850.31,C57BL6J-638850.30,3
2193,gene_expr,small_simple_niche_1018093345102290685,C57BL6J-638850.31,Zhuang-ABCA-1.096,3
2194,gene_expr,small_simple_niche_1018093345102290685,C57BL6J-638850.31,Zhuang-ABCA-1.097,3
2195,gene_expr,small_simple_niche_1018093345102290685,C57BL6J-638850.31,Zhuang-ABCA-1.098,3
2196,gene_expr,small_simple_niche_1018093345102290685,C57BL6J-638850.31,Zhuang-ABCA-1.099,3
2197,gene_expr,small_simple_niche_1018093345102290685,C57BL6J-638850.31,Zhuang-ABCA-3.001,3
2198,gene_expr,small_simple_niche_1018093345102290685,C57BL6J-638850.31,Zhuang-ABCA-3.002,3
2199,gene_expr,small_simple_niche_1018093345102290685,C57BL6J-638850.31,Zhuang-ABCA-3.004,3
2200,gene_expr,small_simple_niche_1018093345102290685,C57BL6J-638850.31,Zhuang-ABCA-3.005,3
2201,quest_gene_expr,small_simple_niche_12253603363894722901030835080459778855,Zhuang-ABCA-1.096,C57BL6J-638850.28,3
2202,quest_gene_expr,small_simple_niche_12253603363894722901030835080459778855,Zhuang-ABCA-1.096,C57BL6J-638850.29,3
2203,quest_gene_expr,small_simple_niche_12253603363894722901030835080459778855,Zhuang-ABCA-1.096,C57BL6J-638850.30,3
2204,quest_gene_expr,small_simple_niche_12253603363894722901030835080459778855,Zhuang-ABCA-1.096,C57BL6J-638850.31,3
2205,quest_gene_expr,small_simple_niche_12253603363894722901030835080459778855,Zhuang-ABCA-1.096,Zhuang-ABCA-1.097,3
2206,quest_gene_expr,small_simple_niche_12253603363894722901030835080459778855,Zhuang-ABCA-1.096,Zhuang-ABCA-1.098,3
2207,quest_gene_expr,small_simple_niche_12253603363894722901030835080459778855,Zhuang-ABCA-1.096,Zhuang-ABCA-1.099,3
2208,quest_gene_expr,small_simple_niche_12253603363894722901030835080459778855,Zhuang-ABCA-1.096,Zhuang-ABCA-3.001,3
2209,quest_gene_expr,small_simple_niche_12253603363894722901030835080459778855,Zhuang-ABCA-1.096,Zhuang-ABCA-3.002,3
2210,quest_gene_expr,small_simple_niche_12253603363894722901030835080459778855,Zhuang-ABCA-1.096,Zhuang-ABCA-3.004,3
2211,quest_gene_expr,small_simple_niche_12253603363894722901030835080459778855,Zhuang-ABCA-1.096,Zhuang-ABCA-3.005,3
2212,quest_scgpt,small_simple_niche_12253603363894722901030835080459778855,Zhuang-ABCA-1.096,C57BL6J-638850.28,3
2213,quest_scgpt,small_simple_niche_12253603363894722901030835080459778855,Zhuang-ABCA-1.096,C57BL6J-638850.29,3
2214,quest_scgpt,small_simple_niche_12253603363894722901030835080459778855,Zhuang-ABCA-1.096,C57BL6J-638850.30,3
2215,quest_scgpt,small_simple_niche_12253603363894722901030835080459778855,Zhuang-ABCA-1.096,C57BL6J-638850.31,3
2216,quest_scgpt,small_simple_niche_12253603363894722901030835080459778855,Zhuang-ABCA-1.096,Zhuang-ABCA-1.097,3
2217,quest_scgpt,small_simple_niche_12253603363894722901030835080459778855,Zhuang-ABCA-1.096,Zhuang-ABCA-1.098,3
2218,quest_scgpt,small_simple_niche_12253603363894722901030835080459778855,Zhuang-ABCA-1.096,Zhuang-ABCA-1.099,3
2219,quest_scgpt,small_simple_niche_12253603363894722901030835080459778855,Zhuang-ABCA-1.096,Zhuang-ABCA-3.001,3
2220,quest_scgpt,small_simple_niche_12253603363894722901030835080459778855,Zhuang-ABCA-1.096,Zhuang-ABCA-3.002,3
2221,quest_scgpt,small_simple_niche_12253603363894722901030835080459778855,Zhuang-ABCA-1.096,Zhuang-ABCA-3.004,3
2222,quest_scgpt,small_simple_niche_12253603363894722901030835080459778855,Zhuang-ABCA-1.096,Zhuang-ABCA-3.005,3
2223,scgpt,small_simple_niche_12253603363894722901030835080459778855,Zhuang-ABCA-1.096,C57BL6J-638850.28,3
2224,scgpt,small_simple_niche_12253603363894722901030835080459778855,Zhuang-ABCA-1.096,C57BL6J-638850.29,3
2225,scgpt,small_simple_niche_12253603363894722901030835080459778855,Zhuang-ABCA-1.096,C57BL6J-638850.30,3
2226,scgpt,small_simple_niche_12253603363894722901030835080459778855,Zhuang-ABCA-1.096,C57BL6J-638850.31,3
2227,scgpt,small_simple_niche_12253603363894722901030835080459778855,Zhuang-ABCA-1.096,Zhuang-ABCA-1.097,3
2228,scgpt,small_simple_niche_12253603363894722901030835080459778855,Zhuang-ABCA-1.096,Zhuang-ABCA-1.098,3
2229,scgpt,small_simple_niche_12253603363894722901030835080459778855,Zhuang-ABCA-1.096,Zhuang-ABCA-1.099,3
2230,scgpt,small_simple_niche_12253603363894722901030835080459778855,Zhuang-ABCA-1.096,Zhuang-ABCA-3.001,3
2231,scgpt,small_simple_niche_12253603363894722901030835080459778855,Zhuang-ABCA-1.096,Zhuang-ABCA-3.002,3
2232,scgpt,small_simple_niche_12253603363894722901030835080459778855,Zhuang-ABCA-1.096,Zhuang-ABCA-3.004,3
2233,scgpt,small_simple_niche_12253603363894722901030835080459778855,Zhuang-ABCA-1.096,Zhuang-ABCA-3.005,3
2234,gene_expr,small_simple_niche_12253603363894722901030835080459778855,Zhuang-ABCA-1.096,C57BL6J-638850.28,3
2235,gene_expr,small_simple_niche_12253603363894722901030835080459778855,Zhuang-ABCA-1.096,C57BL6J-638850.29,3
2236,gene_expr,small_simple_niche_12253603363894722901030835080459778855,Zhuang-ABCA-1.096,C57BL6J-638850.30,3
2237,gene_expr,small_simple_niche_12253603363894722901030835080459778855,Zhuang-ABCA-1.096,C57BL6J-638850.31,3
2238,gene_expr,small_simple_niche_12253603363894722901030835080459778855,Zhuang-ABCA-1.096,Zhuang-ABCA-1.097,3
2239,gene_expr,small_simple_niche_12253603363894722901030835080459778855,Zhuang-ABCA-1.096,Zhuang-ABCA-1.098,3
2240,gene_expr,small_simple_niche_12253603363894722901030835080459778855,Zhuang-ABCA-1.096,Zhuang-ABCA-1.099,3
2241,gene_expr,small_simple_niche_12253603363894722901030835080459778855,Zhuang-ABCA-1.096,Zhuang-ABCA-3.001,3
2242,gene_expr,small_simple_niche_12253603363894722901030835080459778855,Zhuang-ABCA-1.096,Zhuang-ABCA-3.002,3
2243,gene_expr,small_simple_niche_12253603363894722901030835080459778855,Zhuang-ABCA-1.096,Zhuang-ABCA-3.004,3
2244,gene_expr,small_simple_niche_12253603363894722901030835080459778855,Zhuang-ABCA-1.096,Zhuang-ABCA-3.005,3
2245,quest_gene_expr,small_simple_niche_273785322473917498596356814269508784463,Zhuang-ABCA-1.096,C57BL6J-638850.28,3
2246,quest_gene_expr,small_simple_niche_273785322473917498596356814269508784463,Zhuang-ABCA-1.096,C57BL6J-638850.29,3
2247,quest_gene_expr,small_simple_niche_273785322473917498596356814269508784463,Zhuang-ABCA-1.096,C57BL6J-638850.30,3
2248,quest_gene_expr,small_simple_niche_273785322473917498596356814269508784463,Zhuang-ABCA-1.096,C57BL6J-638850.31,3
2249,quest_gene_expr,small_simple_niche_273785322473917498596356814269508784463,Zhuang-ABCA-1.096,Zhuang-ABCA-1.097,3
2250,quest_gene_expr,small_simple_niche_273785322473917498596356814269508784463,Zhuang-ABCA-1.096,Zhuang-ABCA-1.098,3
2251,quest_gene_expr,small_simple_niche_273785322473917498596356814269508784463,Zhuang-ABCA-1.096,Zhuang-ABCA-1.099,3
2252,quest_gene_expr,small_simple_niche_273785322473917498596356814269508784463,Zhuang-ABCA-1.096,Zhuang-ABCA-3.001,3
2253,quest_gene_expr,small_simple_niche_273785322473917498596356814269508784463,Zhuang-ABCA-1.096,Zhuang-ABCA-3.002,3
2254,quest_gene_expr,small_simple_niche_273785322473917498596356814269508784463,Zhuang-ABCA-1.096,Zhuang-ABCA-3.004,3
2255,quest_gene_expr,small_simple_niche_273785322473917498596356814269508784463,Zhuang-ABCA-1.096,Zhuang-ABCA-3.005,3
2256,quest_scgpt,small_simple_niche_273785322473917498596356814269508784463,Zhuang-ABCA-1.096,C57BL6J-638850.28,3
2257,quest_scgpt,small_simple_niche_273785322473917498596356814269508784463,Zhuang-ABCA-1.096,C57BL6J-638850.29,3
2258,quest_scgpt,small_simple_niche_273785322473917498596356814269508784463,Zhuang-ABCA-1.096,C57BL6J-638850.30,3
2259,quest_scgpt,small_simple_niche_273785322473917498596356814269508784463,Zhuang-ABCA-1.096,C57BL6J-638850.31,3
2260,quest_scgpt,small_simple_niche_273785322473917498596356814269508784463,Zhuang-ABCA-1.096,Zhuang-ABCA-1.097,3
2261,quest_scgpt,small_simple_niche_273785322473917498596356814269508784463,Zhuang-ABCA-1.096,Zhuang-ABCA-1.098,3
2262,quest_scgpt,small_simple_niche_273785322473917498596356814269508784463,Zhuang-ABCA-1.096,Zhuang-ABCA-1.099,3
2263,quest_scgpt,small_simple_niche_273785322473917498596356814269508784463,Zhuang-ABCA-1.096,Zhuang-ABCA-3.001,3
2264,quest_scgpt,small_simple_niche_273785322473917498596356814269508784463,Zhuang-ABCA-1.096,Zhuang-ABCA-3.002,3
2265,quest_scgpt,small_simple_niche_273785322473917498596356814269508784463,Zhuang-ABCA-1.096,Zhuang-ABCA-3.004,3
2266,quest_scgpt,small_simple_niche_273785322473917498596356814269508784463,Zhuang-ABCA-1.096,Zhuang-ABCA-3.005,3
2267,scgpt,small_simple_niche_273785322473917498596356814269508784463,Zhuang-ABCA-1.096,C57BL6J-638850.28,3
2268,scgpt,small_simple_niche_273785322473917498596356814269508784463,Zhuang-ABCA-1.096,C57BL6J-638850.29,3
2269,scgpt,small_simple_niche_273785322473917498596356814269508784463,Zhuang-ABCA-1.096,C57BL6J-638850.30,3
2270,scgpt,small_simple_niche_273785322473917498596356814269508784463,Zhuang-ABCA-1.096,C57BL6J-638850.31,3
2271,scgpt,small_simple_niche_273785322473917498596356814269508784463,Zhuang-ABCA-1.096,Zhuang-ABCA-1.097,3
2272,scgpt,small_simple_niche_273785322473917498596356814269508784463,Zhuang-ABCA-1.096,Zhuang-ABCA-1.098,3
2273,scgpt,small_simple_niche_273785322473917498596356814269508784463,Zhuang-ABCA-1.096,Zhuang-ABCA-1.099,3
2274,scgpt,small_simple_niche_273785322473917498596356814269508784463,Zhuang-ABCA-1.096,Zhuang-ABCA-3.001,3
2275,scgpt,small_simple_niche_273785322473917498596356814269508784463,Zhuang-ABCA-1.096,Zhuang-ABCA-3.002,3
2276,scgpt,small_simple_niche_273785322473917498596356814269508784463,Zhuang-ABCA-1.096,Zhuang-ABCA-3.004,3
2277,scgpt,small_simple_niche_273785322473917498596356814269508784463,Zhuang-ABCA-1.096,Zhuang-ABCA-3.005,3
2278,gene_expr,small_simple_niche_273785322473917498596356814269508784463,Zhuang-ABCA-1.096,C57BL6J-638850.28,3
2279,gene_expr,small_simple_niche_273785322473917498596356814269508784463,Zhuang-ABCA-1.096,C57BL6J-638850.29,3
2280,gene_expr,small_simple_niche_273785322473917498596356814269508784463,Zhuang-ABCA-1.096,C57BL6J-638850.30,3
2281,gene_expr,small_simple_niche_273785322473917498596356814269508784463,Zhuang-ABCA-1.096,C57BL6J-638850.31,3
2282,gene_expr,small_simple_niche_273785322473917498596356814269508784463,Zhuang-ABCA-1.096,Zhuang-ABCA-1.097,3
2283,gene_expr,small_simple_niche_273785322473917498596356814269508784463,Zhuang-ABCA-1.096,Zhuang-ABCA-1.098,3
2284,gene_expr,small_simple_niche_273785322473917498596356814269508784463,Zhuang-ABCA-1.096,Zhuang-ABCA-1.099,3
2285,gene_expr,small_simple_niche_273785322473917498596356814269508784463,Zhuang-ABCA-1.096,Zhuang-ABCA-3.001,3
2286,gene_expr,small_simple_niche_273785322473917498596356814269508784463,Zhuang-ABCA-1.096,Zhuang-ABCA-3.002,3
2287,gene_expr,small_simple_niche_273785322473917498596356814269508784463,Zhuang-ABCA-1.096,Zhuang-ABCA-3.004,3
2288,gene_expr,small_simple_niche_273785322473917498596356814269508784463,Zhuang-ABCA-1.096,Zhuang-ABCA-3.005,3
2289,quest_gene_expr,small_simple_niche_146328471697905992096023150096990317510,Zhuang-ABCA-1.097,C57BL6J-638850.28,3
2290,quest_gene_expr,small_simple_niche_146328471697905992096023150096990317510,Zhuang-ABCA-1.097,C57BL6J-638850.29,3
2291,quest_gene_expr,small_simple_niche_146328471697905992096023150096990317510,Zhuang-ABCA-1.097,C57BL6J-638850.30,3
2292,quest_gene_expr,small_simple_niche_146328471697905992096023150096990317510,Zhuang-ABCA-1.097,C57BL6J-638850.31,3
2293,quest_gene_expr,small_simple_niche_146328471697905992096023150096990317510,Zhuang-ABCA-1.097,Zhuang-ABCA-1.096,3
2294,quest_gene_expr,small_simple_niche_146328471697905992096023150096990317510,Zhuang-ABCA-1.097,Zhuang-ABCA-1.098,3
2295,quest_gene_expr,small_simple_niche_146328471697905992096023150096990317510,Zhuang-ABCA-1.097,Zhuang-ABCA-1.099,3
2296,quest_gene_expr,small_simple_niche_146328471697905992096023150096990317510,Zhuang-ABCA-1.097,Zhuang-ABCA-3.001,3
2297,quest_gene_expr,small_simple_niche_146328471697905992096023150096990317510,Zhuang-ABCA-1.097,Zhuang-ABCA-3.002,3
2298,quest_gene_expr,small_simple_niche_146328471697905992096023150096990317510,Zhuang-ABCA-1.097,Zhuang-ABCA-3.004,3
2299,quest_gene_expr,small_simple_niche_146328471697905992096023150096990317510,Zhuang-ABCA-1.097,Zhuang-ABCA-3.005,3
2300,quest_scgpt,small_simple_niche_146328471697905992096023150096990317510,Zhuang-ABCA-1.097,C57BL6J-638850.28,3
2301,quest_scgpt,small_simple_niche_146328471697905992096023150096990317510,Zhuang-ABCA-1.097,C57BL6J-638850.29,3
2302,quest_scgpt,small_simple_niche_146328471697905992096023150096990317510,Zhuang-ABCA-1.097,C57BL6J-638850.30,3
2303,quest_scgpt,small_simple_niche_146328471697905992096023150096990317510,Zhuang-ABCA-1.097,C57BL6J-638850.31,3
2304,quest_scgpt,small_simple_niche_146328471697905992096023150096990317510,Zhuang-ABCA-1.097,Zhuang-ABCA-1.096,3
2305,quest_scgpt,small_simple_niche_146328471697905992096023150096990317510,Zhuang-ABCA-1.097,Zhuang-ABCA-1.098,3
2306,quest_scgpt,small_simple_niche_146328471697905992096023150096990317510,Zhuang-ABCA-1.097,Zhuang-ABCA-1.099,3
2307,quest_scgpt,small_simple_niche_146328471697905992096023150096990317510,Zhuang-ABCA-1.097,Zhuang-ABCA-3.001,3
2308,quest_scgpt,small_simple_niche_146328471697905992096023150096990317510,Zhuang-ABCA-1.097,Zhuang-ABCA-3.002,3
2309,quest_scgpt,small_simple_niche_146328471697905992096023150096990317510,Zhuang-ABCA-1.097,Zhuang-ABCA-3.004,3
2310,quest_scgpt,small_simple_niche_146328471697905992096023150096990317510,Zhuang-ABCA-1.097,Zhuang-ABCA-3.005,3
2311,scgpt,small_simple_niche_146328471697905992096023150096990317510,Zhuang-ABCA-1.097,C57BL6J-638850.28,3
2312,scgpt,small_simple_niche_146328471697905992096023150096990317510,Zhuang-ABCA-1.097,C57BL6J-638850.29,3
2313,scgpt,small_simple_niche_146328471697905992096023150096990317510,Zhuang-ABCA-1.097,C57BL6J-638850.30,3
2314,scgpt,small_simple_niche_146328471697905992096023150096990317510,Zhuang-ABCA-1.097,C57BL6J-638850.31,3
2315,scgpt,small_simple_niche_146328471697905992096023150096990317510,Zhuang-ABCA-1.097,Zhuang-ABCA-1.096,3
2316,scgpt,small_simple_niche_146328471697905992096023150096990317510,Zhuang-ABCA-1.097,Zhuang-ABCA-1.098,3
2317,scgpt,small_simple_niche_146328471697905992096023150096990317510,Zhuang-ABCA-1.097,Zhuang-ABCA-1.099,3
2318,scgpt,small_simple_niche_146328471697905992096023150096990317510,Zhuang-ABCA-1.097,Zhuang-ABCA-3.001,3
2319,scgpt,small_simple_niche_146328471697905992096023150096990317510,Zhuang-ABCA-1.097,Zhuang-ABCA-3.002,3
2320,scgpt,small_simple_niche_146328471697905992096023150096990317510,Zhuang-ABCA-1.097,Zhuang-ABCA-3.004,3
2321,scgpt,small_simple_niche_146328471697905992096023150096990317510,Zhuang-ABCA-1.097,Zhuang-ABCA-3.005,3
2322,gene_expr,small_simple_niche_146328471697905992096023150096990317510,Zhuang-ABCA-1.097,C57BL6J-638850.28,3
2323,gene_expr,small_simple_niche_146328471697905992096023150096990317510,Zhuang-ABCA-1.097,C57BL6J-638850.29,3
2324,gene_expr,small_simple_niche_146328471697905992096023150096990317510,Zhuang-ABCA-1.097,C57BL6J-638850.30,3
2325,gene_expr,small_simple_niche_146328471697905992096023150096990317510,Zhuang-ABCA-1.097,C57BL6J-638850.31,3
2326,gene_expr,small_simple_niche_146328471697905992096023150096990317510,Zhuang-ABCA-1.097,Zhuang-ABCA-1.096,3
2327,gene_expr,small_simple_niche_146328471697905992096023150096990317510,Zhuang-ABCA-1.097,Zhuang-ABCA-1.098,3
2328,gene_expr,small_simple_niche_146328471697905992096023150096990317510,Zhuang-ABCA-1.097,Zhuang-ABCA-1.099,3
2329,gene_expr,small_simple_niche_146328471697905992096023150096990317510,Zhuang-ABCA-1.097,Zhuang-ABCA-3.001,3
2330,gene_expr,small_simple_niche_146328471697905992096023150096990317510,Zhuang-ABCA-1.097,Zhuang-ABCA-3.002,3
2331,gene_expr,small_simple_niche_146328471697905992096023150096990317510,Zhuang-ABCA-1.097,Zhuang-ABCA-3.004,3
2332,gene_expr,small_simple_niche_146328471697905992096023150096990317510,Zhuang-ABCA-1.097,Zhuang-ABCA-3.005,3
2333,quest_gene_expr,small_simple_niche_20181331946348197694220154892946492658,Zhuang-ABCA-1.097,C57BL6J-638850.28,3
2334,quest_gene_expr,small_simple_niche_20181331946348197694220154892946492658,Zhuang-ABCA-1.097,C57BL6J-638850.29,3
2335,quest_gene_expr,small_simple_niche_20181331946348197694220154892946492658,Zhuang-ABCA-1.097,C57BL6J-638850.30,3
2336,quest_gene_expr,small_simple_niche_20181331946348197694220154892946492658,Zhuang-ABCA-1.097,C57BL6J-638850.31,3
2337,quest_gene_expr,small_simple_niche_20181331946348197694220154892946492658,Zhuang-ABCA-1.097,Zhuang-ABCA-1.096,3
2338,quest_gene_expr,small_simple_niche_20181331946348197694220154892946492658,Zhuang-ABCA-1.097,Zhuang-ABCA-1.098,3
2339,quest_gene_expr,small_simple_niche_20181331946348197694220154892946492658,Zhuang-ABCA-1.097,Zhuang-ABCA-1.099,3
2340,quest_gene_expr,small_simple_niche_20181331946348197694220154892946492658,Zhuang-ABCA-1.097,Zhuang-ABCA-3.001,3
2341,quest_gene_expr,small_simple_niche_20181331946348197694220154892946492658,Zhuang-ABCA-1.097,Zhuang-ABCA-3.002,3
2342,quest_gene_expr,small_simple_niche_20181331946348197694220154892946492658,Zhuang-ABCA-1.097,Zhuang-ABCA-3.004,3
2343,quest_gene_expr,small_simple_niche_20181331946348197694220154892946492658,Zhuang-ABCA-1.097,Zhuang-ABCA-3.005,3
2344,quest_scgpt,small_simple_niche_20181331946348197694220154892946492658,Zhuang-ABCA-1.097,C57BL6J-638850.28,3
2345,quest_scgpt,small_simple_niche_20181331946348197694220154892946492658,Zhuang-ABCA-1.097,C57BL6J-638850.29,3
2346,quest_scgpt,small_simple_niche_20181331946348197694220154892946492658,Zhuang-ABCA-1.097,C57BL6J-638850.30,3
2347,quest_scgpt,small_simple_niche_20181331946348197694220154892946492658,Zhuang-ABCA-1.097,C57BL6J-638850.31,3
2348,quest_scgpt,small_simple_niche_20181331946348197694220154892946492658,Zhuang-ABCA-1.097,Zhuang-ABCA-1.096,3
2349,quest_scgpt,small_simple_niche_20181331946348197694220154892946492658,Zhuang-ABCA-1.097,Zhuang-ABCA-1.098,3
2350,quest_scgpt,small_simple_niche_20181331946348197694220154892946492658,Zhuang-ABCA-1.097,Zhuang-ABCA-1.099,3
2351,quest_scgpt,small_simple_niche_20181331946348197694220154892946492658,Zhuang-ABCA-1.097,Zhuang-ABCA-3.001,3
2352,quest_scgpt,small_simple_niche_20181331946348197694220154892946492658,Zhuang-ABCA-1.097,Zhuang-ABCA-3.002,3
2353,quest_scgpt,small_simple_niche_20181331946348197694220154892946492658,Zhuang-ABCA-1.097,Zhuang-ABCA-3.004,3
2354,quest_scgpt,small_simple_niche_20181331946348197694220154892946492658,Zhuang-ABCA-1.097,Zhuang-ABCA-3.005,3
2355,scgpt,small_simple_niche_20181331946348197694220154892946492658,Zhuang-ABCA-1.097,C57BL6J-638850.28,3
2356,scgpt,small_simple_niche_20181331946348197694220154892946492658,Zhuang-ABCA-1.097,C57BL6J-638850.29,3
2357,scgpt,small_simple_niche_20181331946348197694220154892946492658,Zhuang-ABCA-1.097,C57BL6J-638850.30,3
2358,scgpt,small_simple_niche_20181331946348197694220154892946492658,Zhuang-ABCA-1.097,C57BL6J-638850.31,3
2359,scgpt,small_simple_niche_20181331946348197694220154892946492658,Zhuang-ABCA-1.097,Zhuang-ABCA-1.096,3
2360,scgpt,small_simple_niche_20181331946348197694220154892946492658,Zhuang-ABCA-1.097,Zhuang-ABCA-1.098,3
2361,scgpt,small_simple_niche_20181331946348197694220154892946492658,Zhuang-ABCA-1.097,Zhuang-ABCA-1.099,3
2362,scgpt,small_simple_niche_20181331946348197694220154892946492658,Zhuang-ABCA-1.097,Zhuang-ABCA-3.001,3
2363,scgpt,small_simple_niche_20181331946348197694220154892946492658,Zhuang-ABCA-1.097,Zhuang-ABCA-3.002,3
2364,scgpt,small_simple_niche_20181331946348197694220154892946492658,Zhuang-ABCA-1.097,Zhuang-ABCA-3.004,3
2365,scgpt,small_simple_niche_20181331946348197694220154892946492658,Zhuang-ABCA-1.097,Zhuang-ABCA-3.005,3
2366,gene_expr,small_simple_niche_20181331946348197694220154892946492658,Zhuang-ABCA-1.097,C57BL6J-638850.28,3
2367,gene_expr,small_simple_niche_20181331946348197694220154892946492658,Zhuang-ABCA-1.097,C57BL6J-638850.29,3
2368,gene_expr,small_simple_niche_20181331946348197694220154892946492658,Zhuang-ABCA-1.097,C57BL6J-638850.30,3
2369,gene_expr,small_simple_niche_20181331946348197694220154892946492658,Zhuang-ABCA-1.097,C57BL6J-638850.31,3
2370,gene_expr,small_simple_niche_20181331946348197694220154892946492658,Zhuang-ABCA-1.097,Zhuang-ABCA-1.096,3
2371,gene_expr,small_simple_niche_20181331946348197694220154892946492658,Zhuang-ABCA-1.097,Zhuang-ABCA-1.098,3
2372,gene_expr,small_simple_niche_20181331946348197694220154892946492658,Zhuang-ABCA-1.097,Zhuang-ABCA-1.099,3
2373,gene_expr,small_simple_niche_20181331946348197694220154892946492658,Zhuang-ABCA-1.097,Zhuang-ABCA-3.001,3
2374,gene_expr,small_simple_niche_20181331946348197694220154892946492658,Zhuang-ABCA-1.097,Zhuang-ABCA-3.002,3
2375,gene_expr,small_simple_niche_20181331946348197694220154892946492658,Zhuang-ABCA-1.097,Zhuang-ABCA-3.004,3
2376,gene_expr,small_simple_niche_20181331946348197694220154892946492658,Zhuang-ABCA-1.097,Zhuang-ABCA-3.005,3
2377,quest_gene_expr,small_simple_niche_157153644087789546198818426911474018971,Zhuang-ABCA-1.098,C57BL6J-638850.28,3
2378,quest_gene_expr,small_simple_niche_157153644087789546198818426911474018971,Zhuang-ABCA-1.098,C57BL6J-638850.29,3
2379,quest_gene_expr,small_simple_niche_157153644087789546198818426911474018971,Zhuang-ABCA-1.098,C57BL6J-638850.30,3
2380,quest_gene_expr,small_simple_niche_157153644087789546198818426911474018971,Zhuang-ABCA-1.098,C57BL6J-638850.31,3
2381,quest_gene_expr,small_simple_niche_157153644087789546198818426911474018971,Zhuang-ABCA-1.098,Zhuang-ABCA-1.096,3
2382,quest_gene_expr,small_simple_niche_157153644087789546198818426911474018971,Zhuang-ABCA-1.098,Zhuang-ABCA-1.097,3
2383,quest_gene_expr,small_simple_niche_157153644087789546198818426911474018971,Zhuang-ABCA-1.098,Zhuang-ABCA-1.099,3
2384,quest_gene_expr,small_simple_niche_157153644087789546198818426911474018971,Zhuang-ABCA-1.098,Zhuang-ABCA-3.001,3
2385,quest_gene_expr,small_simple_niche_157153644087789546198818426911474018971,Zhuang-ABCA-1.098,Zhuang-ABCA-3.002,3
2386,quest_gene_expr,small_simple_niche_157153644087789546198818426911474018971,Zhuang-ABCA-1.098,Zhuang-ABCA-3.004,3
2387,quest_gene_expr,small_simple_niche_157153644087789546198818426911474018971,Zhuang-ABCA-1.098,Zhuang-ABCA-3.005,3
2388,quest_scgpt,small_simple_niche_157153644087789546198818426911474018971,Zhuang-ABCA-1.098,C57BL6J-638850.28,3
2389,quest_scgpt,small_simple_niche_157153644087789546198818426911474018971,Zhuang-ABCA-1.098,C57BL6J-638850.29,3
2390,quest_scgpt,small_simple_niche_157153644087789546198818426911474018971,Zhuang-ABCA-1.098,C57BL6J-638850.30,3
2391,quest_scgpt,small_simple_niche_157153644087789546198818426911474018971,Zhuang-ABCA-1.098,C57BL6J-638850.31,3
2392,quest_scgpt,small_simple_niche_157153644087789546198818426911474018971,Zhuang-ABCA-1.098,Zhuang-ABCA-1.096,3
2393,quest_scgpt,small_simple_niche_157153644087789546198818426911474018971,Zhuang-ABCA-1.098,Zhuang-ABCA-1.097,3
2394,quest_scgpt,small_simple_niche_157153644087789546198818426911474018971,Zhuang-ABCA-1.098,Zhuang-ABCA-1.099,3
2395,quest_scgpt,small_simple_niche_157153644087789546198818426911474018971,Zhuang-ABCA-1.098,Zhuang-ABCA-3.001,3
2396,quest_scgpt,small_simple_niche_157153644087789546198818426911474018971,Zhuang-ABCA-1.098,Zhuang-ABCA-3.002,3
2397,quest_scgpt,small_simple_niche_157153644087789546198818426911474018971,Zhuang-ABCA-1.098,Zhuang-ABCA-3.004,3
2398,quest_scgpt,small_simple_niche_157153644087789546198818426911474018971,Zhuang-ABCA-1.098,Zhuang-ABCA-3.005,3
2399,scgpt,small_simple_niche_157153644087789546198818426911474018971,Zhuang-ABCA-1.098,C57BL6J-638850.28,3
2400,scgpt,small_simple_niche_157153644087789546198818426911474018971,Zhuang-ABCA-1.098,C57BL6J-638850.29,3
2401,scgpt,small_simple_niche_157153644087789546198818426911474018971,Zhuang-ABCA-1.098,C57BL6J-638850.30,3
2402,scgpt,small_simple_niche_157153644087789546198818426911474018971,Zhuang-ABCA-1.098,C57BL6J-638850.31,3
2403,scgpt,small_simple_niche_157153644087789546198818426911474018971,Zhuang-ABCA-1.098,Zhuang-ABCA-1.096,3
2404,scgpt,small_simple_niche_157153644087789546198818426911474018971,Zhuang-ABCA-1.098,Zhuang-ABCA-1.097,3
2405,scgpt,small_simple_niche_157153644087789546198818426911474018971,Zhuang-ABCA-1.098,Zhuang-ABCA-1.099,3
2406,scgpt,small_simple_niche_157153644087789546198818426911474018971,Zhuang-ABCA-1.098,Zhuang-ABCA-3.001,3
2407,scgpt,small_simple_niche_157153644087789546198818426911474018971,Zhuang-ABCA-1.098,Zhuang-ABCA-3.002,3
2408,scgpt,small_simple_niche_157153644087789546198818426911474018971,Zhuang-ABCA-1.098,Zhuang-ABCA-3.004,3
2409,scgpt,small_simple_niche_157153644087789546198818426911474018971,Zhuang-ABCA-1.098,Zhuang-ABCA-3.005,3
2410,gene_expr,small_simple_niche_157153644087789546198818426911474018971,Zhuang-ABCA-1.098,C57BL6J-638850.28,3
2411,gene_expr,small_simple_niche_157153644087789546198818426911474018971,Zhuang-ABCA-1.098,C57BL6J-638850.29,3
2412,gene_expr,small_simple_niche_157153644087789546198818426911474018971,Zhuang-ABCA-1.098,C57BL6J-638850.30,3
2413,gene_expr,small_simple_niche_157153644087789546198818426911474018971,Zhuang-ABCA-1.098,C57BL6J-638850.31,3
2414,gene_expr,small_simple_niche_157153644087789546198818426911474018971,Zhuang-ABCA-1.098,Zhuang-ABCA-1.096,3
2415,gene_expr,small_simple_niche_157153644087789546198818426911474018971,Zhuang-ABCA-1.098,Zhuang-ABCA-1.097,3
2416,gene_expr,small_simple_niche_157153644087789546198818426911474018971,Zhuang-ABCA-1.098,Zhuang-ABCA-1.099,3
2417,gene_expr,small_simple_niche_157153644087789546198818426911474018971,Zhuang-ABCA-1.098,Zhuang-ABCA-3.001,3
2418,gene_expr,small_simple_niche_157153644087789546198818426911474018971,Zhuang-ABCA-1.098,Zhuang-ABCA-3.002,3
2419,gene_expr,small_simple_niche_157153644087789546198818426911474018971,Zhuang-ABCA-1.098,Zhuang-ABCA-3.004,3
2420,gene_expr,small_simple_niche_157153644087789546198818426911474018971,Zhuang-ABCA-1.098,Zhuang-ABCA-3.005,3
2421,quest_gene_expr,small_simple_niche_196967620726170664296237597722398539190,Zhuang-ABCA-1.098,C57BL6J-638850.28,3
2422,quest_gene_expr,small_simple_niche_196967620726170664296237597722398539190,Zhuang-ABCA-1.098,C57BL6J-638850.29,3
2423,quest_gene_expr,small_simple_niche_196967620726170664296237597722398539190,Zhuang-ABCA-1.098,C57BL6J-638850.30,3
2424,quest_gene_expr,small_simple_niche_196967620726170664296237597722398539190,Zhuang-ABCA-1.098,C57BL6J-638850.31,3
2425,quest_gene_expr,small_simple_niche_196967620726170664296237597722398539190,Zhuang-ABCA-1.098,Zhuang-ABCA-1.096,3
2426,quest_gene_expr,small_simple_niche_196967620726170664296237597722398539190,Zhuang-ABCA-1.098,Zhuang-ABCA-1.097,3
2427,quest_gene_expr,small_simple_niche_196967620726170664296237597722398539190,Zhuang-ABCA-1.098,Zhuang-ABCA-1.099,3
2428,quest_gene_expr,small_simple_niche_196967620726170664296237597722398539190,Zhuang-ABCA-1.098,Zhuang-ABCA-3.001,3
2429,quest_gene_expr,small_simple_niche_196967620726170664296237597722398539190,Zhuang-ABCA-1.098,Zhuang-ABCA-3.002,3
2430,quest_gene_expr,small_simple_niche_196967620726170664296237597722398539190,Zhuang-ABCA-1.098,Zhuang-ABCA-3.004,3
2431,quest_gene_expr,small_simple_niche_196967620726170664296237597722398539190,Zhuang-ABCA-1.098,Zhuang-ABCA-3.005,3
2432,quest_scgpt,small_simple_niche_196967620726170664296237597722398539190,Zhuang-ABCA-1.098,C57BL6J-638850.28,3
2433,quest_scgpt,small_simple_niche_196967620726170664296237597722398539190,Zhuang-ABCA-1.098,C57BL6J-638850.29,3
2434,quest_scgpt,small_simple_niche_196967620726170664296237597722398539190,Zhuang-ABCA-1.098,C57BL6J-638850.30,3
2435,quest_scgpt,small_simple_niche_196967620726170664296237597722398539190,Zhuang-ABCA-1.098,C57BL6J-638850.31,3
2436,quest_scgpt,small_simple_niche_196967620726170664296237597722398539190,Zhuang-ABCA-1.098,Zhuang-ABCA-1.096,3
2437,quest_scgpt,small_simple_niche_196967620726170664296237597722398539190,Zhuang-ABCA-1.098,Zhuang-ABCA-1.097,3
2438,quest_scgpt,small_simple_niche_196967620726170664296237597722398539190,Zhuang-ABCA-1.098,Zhuang-ABCA-1.099,3
2439,quest_scgpt,small_simple_niche_196967620726170664296237597722398539190,Zhuang-ABCA-1.098,Zhuang-ABCA-3.001,3
2440,quest_scgpt,small_simple_niche_196967620726170664296237597722398539190,Zhuang-ABCA-1.098,Zhuang-ABCA-3.002,3
2441,quest_scgpt,small_simple_niche_196967620726170664296237597722398539190,Zhuang-ABCA-1.098,Zhuang-ABCA-3.004,3
2442,quest_scgpt,small_simple_niche_196967620726170664296237597722398539190,Zhuang-ABCA-1.098,Zhuang-ABCA-3.005,3
2443,scgpt,small_simple_niche_196967620726170664296237597722398539190,Zhuang-ABCA-1.098,C57BL6J-638850.28,3
2444,scgpt,small_simple_niche_196967620726170664296237597722398539190,Zhuang-ABCA-1.098,C57BL6J-638850.29,3
2445,scgpt,small_simple_niche_196967620726170664296237597722398539190,Zhuang-ABCA-1.098,C57BL6J-638850.30,3
2446,scgpt,small_simple_niche_196967620726170664296237597722398539190,Zhuang-ABCA-1.098,C57BL6J-638850.31,3
2447,scgpt,small_simple_niche_196967620726170664296237597722398539190,Zhuang-ABCA-1.098,Zhuang-ABCA-1.096,3
2448,scgpt,small_simple_niche_196967620726170664296237597722398539190,Zhuang-ABCA-1.098,Zhuang-ABCA-1.097,3
2449,scgpt,small_simple_niche_196967620726170664296237597722398539190,Zhuang-ABCA-1.098,Zhuang-ABCA-1.099,3
2450,scgpt,small_simple_niche_196967620726170664296237597722398539190,Zhuang-ABCA-1.098,Zhuang-ABCA-3.001,3
2451,scgpt,small_simple_niche_196967620726170664296237597722398539190,Zhuang-ABCA-1.098,Zhuang-ABCA-3.002,3
2452,scgpt,small_simple_niche_196967620726170664296237597722398539190,Zhuang-ABCA-1.098,Zhuang-ABCA-3.004,3
2453,scgpt,small_simple_niche_196967620726170664296237597722398539190,Zhuang-ABCA-1.098,Zhuang-ABCA-3.005,3
2454,gene_expr,small_simple_niche_196967620726170664296237597722398539190,Zhuang-ABCA-1.098,C57BL6J-638850.28,3
2455,gene_expr,small_simple_niche_196967620726170664296237597722398539190,Zhuang-ABCA-1.098,C57BL6J-638850.29,3
2456,gene_expr,small_simple_niche_196967620726170664296237597722398539190,Zhuang-ABCA-1.098,C57BL6J-638850.30,3
2457,gene_expr,small_simple_niche_196967620726170664296237597722398539190,Zhuang-ABCA-1.098,C57BL6J-638850.31,3
2458,gene_expr,small_simple_niche_196967620726170664296237597722398539190,Zhuang-ABCA-1.098,Zhuang-ABCA-1.096,3
2459,gene_expr,small_simple_niche_196967620726170664296237597722398539190,Zhuang-ABCA-1.098,Zhuang-ABCA-1.097,3
2460,gene_expr,small_simple_niche_196967620726170664296237597722398539190,Zhuang-ABCA-1.098,Zhuang-ABCA-1.099,3
2461,gene_expr,small_simple_niche_196967620726170664296237597722398539190,Zhuang-ABCA-1.098,Zhuang-ABCA-3.001,3
2462,gene_expr,small_simple_niche_196967620726170664296237597722398539190,Zhuang-ABCA-1.098,Zhuang-ABCA-3.002,3
2463,gene_expr,small_simple_niche_196967620726170664296237597722398539190,Zhuang-ABCA-1.098,Zhuang-ABCA-3.004,3
2464,gene_expr,small_simple_niche_196967620726170664296237597722398539190,Zhuang-ABCA-1.098,Zhuang-ABCA-3.005,3
2465,quest_gene_expr,small_simple_niche_303513299532941669618274008971545960845,Zhuang-ABCA-1.098,C57BL6J-638850.28,3
2466,quest_gene_expr,small_simple_niche_303513299532941669618274008971545960845,Zhuang-ABCA-1.098,C57BL6J-638850.29,3
2467,quest_gene_expr,small_simple_niche_303513299532941669618274008971545960845,Zhuang-ABCA-1.098,C57BL6J-638850.30,3
2468,quest_gene_expr,small_simple_niche_303513299532941669618274008971545960845,Zhuang-ABCA-1.098,C57BL6J-638850.31,3
2469,quest_gene_expr,small_simple_niche_303513299532941669618274008971545960845,Zhuang-ABCA-1.098,Zhuang-ABCA-1.096,3
2470,quest_gene_expr,small_simple_niche_303513299532941669618274008971545960845,Zhuang-ABCA-1.098,Zhuang-ABCA-1.097,3
2471,quest_gene_expr,small_simple_niche_303513299532941669618274008971545960845,Zhuang-ABCA-1.098,Zhuang-ABCA-1.099,3
2472,quest_gene_expr,small_simple_niche_303513299532941669618274008971545960845,Zhuang-ABCA-1.098,Zhuang-ABCA-3.001,3
2473,quest_gene_expr,small_simple_niche_303513299532941669618274008971545960845,Zhuang-ABCA-1.098,Zhuang-ABCA-3.002,3
2474,quest_gene_expr,small_simple_niche_303513299532941669618274008971545960845,Zhuang-ABCA-1.098,Zhuang-ABCA-3.004,3
2475,quest_gene_expr,small_simple_niche_303513299532941669618274008971545960845,Zhuang-ABCA-1.098,Zhuang-ABCA-3.005,3
2476,quest_scgpt,small_simple_niche_303513299532941669618274008971545960845,Zhuang-ABCA-1.098,C57BL6J-638850.28,3
2477,quest_scgpt,small_simple_niche_303513299532941669618274008971545960845,Zhuang-ABCA-1.098,C57BL6J-638850.29,3
2478,quest_scgpt,small_simple_niche_303513299532941669618274008971545960845,Zhuang-ABCA-1.098,C57BL6J-638850.30,3
2479,quest_scgpt,small_simple_niche_303513299532941669618274008971545960845,Zhuang-ABCA-1.098,C57BL6J-638850.31,3
2480,quest_scgpt,small_simple_niche_303513299532941669618274008971545960845,Zhuang-ABCA-1.098,Zhuang-ABCA-1.096,3
2481,quest_scgpt,small_simple_niche_303513299532941669618274008971545960845,Zhuang-ABCA-1.098,Zhuang-ABCA-1.097,3
2482,quest_scgpt,small_simple_niche_303513299532941669618274008971545960845,Zhuang-ABCA-1.098,Zhuang-ABCA-1.099,3
2483,quest_scgpt,small_simple_niche_303513299532941669618274008971545960845,Zhuang-ABCA-1.098,Zhuang-ABCA-3.001,3
2484,quest_scgpt,small_simple_niche_303513299532941669618274008971545960845,Zhuang-ABCA-1.098,Zhuang-ABCA-3.002,3
2485,quest_scgpt,small_simple_niche_303513299532941669618274008971545960845,Zhuang-ABCA-1.098,Zhuang-ABCA-3.004,3
2486,quest_scgpt,small_simple_niche_303513299532941669618274008971545960845,Zhuang-ABCA-1.098,Zhuang-ABCA-3.005,3
2487,scgpt,small_simple_niche_303513299532941669618274008971545960845,Zhuang-ABCA-1.098,C57BL6J-638850.28,3
2488,scgpt,small_simple_niche_303513299532941669618274008971545960845,Zhuang-ABCA-1.098,C57BL6J-638850.29,3
2489,scgpt,small_simple_niche_303513299532941669618274008971545960845,Zhuang-ABCA-1.098,C57BL6J-638850.30,3
2490,scgpt,small_simple_niche_303513299532941669618274008971545960845,Zhuang-ABCA-1.098,C57BL6J-638850.31,3
2491,scgpt,small_simple_niche_303513299532941669618274008971545960845,Zhuang-ABCA-1.098,Zhuang-ABCA-1.096,3
2492,scgpt,small_simple_niche_303513299532941669618274008971545960845,Zhuang-ABCA-1.098,Zhuang-ABCA-1.097,3
2493,scgpt,small_simple_niche_303513299532941669618274008971545960845,Zhuang-ABCA-1.098,Zhuang-ABCA-1.099,3
2494,scgpt,small_simple_niche_303513299532941669618274008971545960845,Zhuang-ABCA-1.098,Zhuang-ABCA-3.001,3
2495,scgpt,small_simple_niche_303513299532941669618274008971545960845,Zhuang-ABCA-1.098,Zhuang-ABCA-3.002,3
2496,scgpt,small_simple_niche_303513299532941669618274008971545960845,Zhuang-ABCA-1.098,Zhuang-ABCA-3.004,3
2497,scgpt,small_simple_niche_303513299532941669618274008971545960845,Zhuang-ABCA-1.098,Zhuang-ABCA-3.005,3
2498,gene_expr,small_simple_niche_303513299532941669618274008971545960845,Zhuang-ABCA-1.098,C57BL6J-638850.28,3
2499,gene_expr,small_simple_niche_303513299532941669618274008971545960845,Zhuang-ABCA-1.098,C57BL6J-638850.29,3
2500,gene_expr,small_simple_niche_303513299532941669618274008971545960845,Zhuang-ABCA-1.098,C57BL6J-638850.30,3
2501,gene_expr,small_simple_niche_303513299532941669618274008971545960845,Zhuang-ABCA-1.098,C57BL6J-638850.31,3
2502,gene_expr,small_simple_niche_303513299532941669618274008971545960845,Zhuang-ABCA-1.098,Zhuang-ABCA-1.096,3
2503,gene_expr,small_simple_niche_303513299532941669618274008971545960845,Zhuang-ABCA-1.098,Zhuang-ABCA-1.097,3
2504,gene_expr,small_simple_niche_303513299532941669618274008971545960845,Zhuang-ABCA-1.098,Zhuang-ABCA-1.099,3
2505,gene_expr,small_simple_niche_303513299532941669618274008971545960845,Zhuang-ABCA-1.098,Zhuang-ABCA-3.001,3
2506,gene_expr,small_simple_niche_303513299532941669618274008971545960845,Zhuang-ABCA-1.098,Zhuang-ABCA-3.002,3
2507,gene_expr,small_simple_niche_303513299532941669618274008971545960845,Zhuang-ABCA-1.098,Zhuang-ABCA-3.004,3
2508,gene_expr,small_simple_niche_303513299532941669618274008971545960845,Zhuang-ABCA-1.098,Zhuang-ABCA-3.005,3
2509,quest_gene_expr,small_simple_niche_101091041787612815616963935606475521174,Zhuang-ABCA-1.099,C57BL6J-638850.28,3
2510,quest_gene_expr,small_simple_niche_101091041787612815616963935606475521174,Zhuang-ABCA-1.099,C57BL6J-638850.29,3
2511,quest_gene_expr,small_simple_niche_101091041787612815616963935606475521174,Zhuang-ABCA-1.099,C57BL6J-638850.30,3
2512,quest_gene_expr,small_simple_niche_101091041787612815616963935606475521174,Zhuang-ABCA-1.099,C57BL6J-638850.31,3
2513,quest_gene_expr,small_simple_niche_101091041787612815616963935606475521174,Zhuang-ABCA-1.099,Zhuang-ABCA-1.096,3
2514,quest_gene_expr,small_simple_niche_101091041787612815616963935606475521174,Zhuang-ABCA-1.099,Zhuang-ABCA-1.097,3
2515,quest_gene_expr,small_simple_niche_101091041787612815616963935606475521174,Zhuang-ABCA-1.099,Zhuang-ABCA-1.098,3
2516,quest_gene_expr,small_simple_niche_101091041787612815616963935606475521174,Zhuang-ABCA-1.099,Zhuang-ABCA-3.001,3
2517,quest_gene_expr,small_simple_niche_101091041787612815616963935606475521174,Zhuang-ABCA-1.099,Zhuang-ABCA-3.002,3
2518,quest_gene_expr,small_simple_niche_101091041787612815616963935606475521174,Zhuang-ABCA-1.099,Zhuang-ABCA-3.004,3
2519,quest_gene_expr,small_simple_niche_101091041787612815616963935606475521174,Zhuang-ABCA-1.099,Zhuang-ABCA-3.005,3
2520,quest_scgpt,small_simple_niche_101091041787612815616963935606475521174,Zhuang-ABCA-1.099,C57BL6J-638850.28,3
2521,quest_scgpt,small_simple_niche_101091041787612815616963935606475521174,Zhuang-ABCA-1.099,C57BL6J-638850.29,3
2522,quest_scgpt,small_simple_niche_101091041787612815616963935606475521174,Zhuang-ABCA-1.099,C57BL6J-638850.30,3
2523,quest_scgpt,small_simple_niche_101091041787612815616963935606475521174,Zhuang-ABCA-1.099,C57BL6J-638850.31,3
2524,quest_scgpt,small_simple_niche_101091041787612815616963935606475521174,Zhuang-ABCA-1.099,Zhuang-ABCA-1.096,3
2525,quest_scgpt,small_simple_niche_101091041787612815616963935606475521174,Zhuang-ABCA-1.099,Zhuang-ABCA-1.097,3
2526,quest_scgpt,small_simple_niche_101091041787612815616963935606475521174,Zhuang-ABCA-1.099,Zhuang-ABCA-1.098,3
2527,quest_scgpt,small_simple_niche_101091041787612815616963935606475521174,Zhuang-ABCA-1.099,Zhuang-ABCA-3.001,3
2528,quest_scgpt,small_simple_niche_101091041787612815616963935606475521174,Zhuang-ABCA-1.099,Zhuang-ABCA-3.002,3
2529,quest_scgpt,small_simple_niche_101091041787612815616963935606475521174,Zhuang-ABCA-1.099,Zhuang-ABCA-3.004,3
2530,quest_scgpt,small_simple_niche_101091041787612815616963935606475521174,Zhuang-ABCA-1.099,Zhuang-ABCA-3.005,3
2531,scgpt,small_simple_niche_101091041787612815616963935606475521174,Zhuang-ABCA-1.099,C57BL6J-638850.28,3
2532,scgpt,small_simple_niche_101091041787612815616963935606475521174,Zhuang-ABCA-1.099,C57BL6J-638850.29,3
2533,scgpt,small_simple_niche_101091041787612815616963935606475521174,Zhuang-ABCA-1.099,C57BL6J-638850.30,3
2534,scgpt,small_simple_niche_101091041787612815616963935606475521174,Zhuang-ABCA-1.099,C57BL6J-638850.31,3
2535,scgpt,small_simple_niche_101091041787612815616963935606475521174,Zhuang-ABCA-1.099,Zhuang-ABCA-1.096,3
2536,scgpt,small_simple_niche_101091041787612815616963935606475521174,Zhuang-ABCA-1.099,Zhuang-ABCA-1.097,3
2537,scgpt,small_simple_niche_101091041787612815616963935606475521174,Zhuang-ABCA-1.099,Zhuang-ABCA-1.098,3
2538,scgpt,small_simple_niche_101091041787612815616963935606475521174,Zhuang-ABCA-1.099,Zhuang-ABCA-3.001,3
2539,scgpt,small_simple_niche_101091041787612815616963935606475521174,Zhuang-ABCA-1.099,Zhuang-ABCA-3.002,3
2540,scgpt,small_simple_niche_101091041787612815616963935606475521174,Zhuang-ABCA-1.099,Zhuang-ABCA-3.004,3
2541,scgpt,small_simple_niche_101091041787612815616963935606475521174,Zhuang-ABCA-1.099,Zhuang-ABCA-3.005,3
2542,gene_expr,small_simple_niche_101091041787612815616963935606475521174,Zhuang-ABCA-1.099,C57BL6J-638850.28,3
2543,gene_expr,small_simple_niche_101091041787612815616963935606475521174,Zhuang-ABCA-1.099,C57BL6J-638850.29,3
2544,gene_expr,small_simple_niche_101091041787612815616963935606475521174,Zhuang-ABCA-1.099,C57BL6J-638850.30,3
2545,gene_expr,small_simple_niche_101091041787612815616963935606475521174,Zhuang-ABCA-1.099,C57BL6J-638850.31,3
2546,gene_expr,small_simple_niche_101091041787612815616963935606475521174,Zhuang-ABCA-1.099,Zhuang-ABCA-1.096,3
2547,gene_expr,small_simple_niche_101091041787612815616963935606475521174,Zhuang-ABCA-1.099,Zhuang-ABCA-1.097,3
2548,gene_expr,small_simple_niche_101091041787612815616963935606475521174,Zhuang-ABCA-1.099,Zhuang-ABCA-1.098,3
2549,gene_expr,small_simple_niche_101091041787612815616963935606475521174,Zhuang-ABCA-1.099,Zhuang-ABCA-3.001,3
2550,gene_expr,small_simple_niche_101091041787612815616963935606475521174,Zhuang-ABCA-1.099,Zhuang-ABCA-3.002,3
2551,gene_expr,small_simple_niche_101091041787612815616963935606475521174,Zhuang-ABCA-1.099,Zhuang-ABCA-3.004,3
2552,gene_expr,small_simple_niche_101091041787612815616963935606475521174,Zhuang-ABCA-1.099,Zhuang-ABCA-3.005,3
2553,quest_gene_expr,small_simple_niche_162347547260704678876639497235674543226,Zhuang-ABCA-1.099,C57BL6J-638850.28,3
2554,quest_gene_expr,small_simple_niche_162347547260704678876639497235674543226,Zhuang-ABCA-1.099,C57BL6J-638850.29,3
2555,quest_gene_expr,small_simple_niche_162347547260704678876639497235674543226,Zhuang-ABCA-1.099,C57BL6J-638850.30,3
2556,quest_gene_expr,small_simple_niche_162347547260704678876639497235674543226,Zhuang-ABCA-1.099,C57BL6J-638850.31,3
2557,quest_gene_expr,small_simple_niche_162347547260704678876639497235674543226,Zhuang-ABCA-1.099,Zhuang-ABCA-1.096,3
2558,quest_gene_expr,small_simple_niche_162347547260704678876639497235674543226,Zhuang-ABCA-1.099,Zhuang-ABCA-1.097,3
2559,quest_gene_expr,small_simple_niche_162347547260704678876639497235674543226,Zhuang-ABCA-1.099,Zhuang-ABCA-1.098,3
2560,quest_gene_expr,small_simple_niche_162347547260704678876639497235674543226,Zhuang-ABCA-1.099,Zhuang-ABCA-3.001,3
2561,quest_gene_expr,small_simple_niche_162347547260704678876639497235674543226,Zhuang-ABCA-1.099,Zhuang-ABCA-3.002,3
2562,quest_gene_expr,small_simple_niche_162347547260704678876639497235674543226,Zhuang-ABCA-1.099,Zhuang-ABCA-3.004,3
2563,quest_gene_expr,small_simple_niche_162347547260704678876639497235674543226,Zhuang-ABCA-1.099,Zhuang-ABCA-3.005,3
2564,quest_scgpt,small_simple_niche_162347547260704678876639497235674543226,Zhuang-ABCA-1.099,C57BL6J-638850.28,3
2565,quest_scgpt,small_simple_niche_162347547260704678876639497235674543226,Zhuang-ABCA-1.099,C57BL6J-638850.29,3
2566,quest_scgpt,small_simple_niche_162347547260704678876639497235674543226,Zhuang-ABCA-1.099,C57BL6J-638850.30,3
2567,quest_scgpt,small_simple_niche_162347547260704678876639497235674543226,Zhuang-ABCA-1.099,C57BL6J-638850.31,3
2568,quest_scgpt,small_simple_niche_162347547260704678876639497235674543226,Zhuang-ABCA-1.099,Zhuang-ABCA-1.096,3
2569,quest_scgpt,small_simple_niche_162347547260704678876639497235674543226,Zhuang-ABCA-1.099,Zhuang-ABCA-1.097,3
2570,quest_scgpt,small_simple_niche_162347547260704678876639497235674543226,Zhuang-ABCA-1.099,Zhuang-ABCA-1.098,3
2571,quest_scgpt,small_simple_niche_162347547260704678876639497235674543226,Zhuang-ABCA-1.099,Zhuang-ABCA-3.001,3
2572,quest_scgpt,small_simple_niche_162347547260704678876639497235674543226,Zhuang-ABCA-1.099,Zhuang-ABCA-3.002,3
2573,quest_scgpt,small_simple_niche_162347547260704678876639497235674543226,Zhuang-ABCA-1.099,Zhuang-ABCA-3.004,3
2574,quest_scgpt,small_simple_niche_162347547260704678876639497235674543226,Zhuang-ABCA-1.099,Zhuang-ABCA-3.005,3
2575,scgpt,small_simple_niche_162347547260704678876639497235674543226,Zhuang-ABCA-1.099,C57BL6J-638850.28,3
2576,scgpt,small_simple_niche_162347547260704678876639497235674543226,Zhuang-ABCA-1.099,C57BL6J-638850.29,3
2577,scgpt,small_simple_niche_162347547260704678876639497235674543226,Zhuang-ABCA-1.099,C57BL6J-638850.30,3
2578,scgpt,small_simple_niche_162347547260704678876639497235674543226,Zhuang-ABCA-1.099,C57BL6J-638850.31,3
2579,scgpt,small_simple_niche_162347547260704678876639497235674543226,Zhuang-ABCA-1.099,Zhuang-ABCA-1.096,3
2580,scgpt,small_simple_niche_162347547260704678876639497235674543226,Zhuang-ABCA-1.099,Zhuang-ABCA-1.097,3
2581,scgpt,small_simple_niche_162347547260704678876639497235674543226,Zhuang-ABCA-1.099,Zhuang-ABCA-1.098,3
2582,scgpt,small_simple_niche_162347547260704678876639497235674543226,Zhuang-ABCA-1.099,Zhuang-ABCA-3.001,3
2583,scgpt,small_simple_niche_162347547260704678876639497235674543226,Zhuang-ABCA-1.099,Zhuang-ABCA-3.002,3
2584,scgpt,small_simple_niche_162347547260704678876639497235674543226,Zhuang-ABCA-1.099,Zhuang-ABCA-3.004,3
2585,scgpt,small_simple_niche_162347547260704678876639497235674543226,Zhuang-ABCA-1.099,Zhuang-ABCA-3.005,3
2586,gene_expr,small_simple_niche_162347547260704678876639497235674543226,Zhuang-ABCA-1.099,C57BL6J-638850.28,3
2587,gene_expr,small_simple_niche_162347547260704678876639497235674543226,Zhuang-ABCA-1.099,C57BL6J-638850.29,3
2588,gene_expr,small_simple_niche_162347547260704678876639497235674543226,Zhuang-ABCA-1.099,C57BL6J-638850.30,3
2589,gene_expr,small_simple_niche_162347547260704678876639497235674543226,Zhuang-ABCA-1.099,C57BL6J-638850.31,3
2590,gene_expr,small_simple_niche_162347547260704678876639497235674543226,Zhuang-ABCA-1.099,Zhuang-ABCA-1.096,3
2591,gene_expr,small_simple_niche_162347547260704678876639497235674543226,Zhuang-ABCA-1.099,Zhuang-ABCA-1.097,3
2592,gene_expr,small_simple_niche_162347547260704678876639497235674543226,Zhuang-ABCA-1.099,Zhuang-ABCA-1.098,3
2593,gene_expr,small_simple_niche_162347547260704678876639497235674543226,Zhuang-ABCA-1.099,Zhuang-ABCA-3.001,3
2594,gene_expr,small_simple_niche_162347547260704678876639497235674543226,Zhuang-ABCA-1.099,Zhuang-ABCA-3.002,3
2595,gene_expr,small_simple_niche_162347547260704678876639497235674543226,Zhuang-ABCA-1.099,Zhuang-ABCA-3.004,3
2596,gene_expr,small_simple_niche_162347547260704678876639497235674543226,Zhuang-ABCA-1.099,Zhuang-ABCA-3.005,3
2597,quest_gene_expr,small_simple_niche_294485874756298594876345688860082043211,Zhuang-ABCA-1.099,C57BL6J-638850.28,3
2598,quest_gene_expr,small_simple_niche_294485874756298594876345688860082043211,Zhuang-ABCA-1.099,C57BL6J-638850.29,3
2599,quest_gene_expr,small_simple_niche_294485874756298594876345688860082043211,Zhuang-ABCA-1.099,C57BL6J-638850.30,3
2600,quest_gene_expr,small_simple_niche_294485874756298594876345688860082043211,Zhuang-ABCA-1.099,C57BL6J-638850.31,3
2601,quest_gene_expr,small_simple_niche_294485874756298594876345688860082043211,Zhuang-ABCA-1.099,Zhuang-ABCA-1.096,3
2602,quest_gene_expr,small_simple_niche_294485874756298594876345688860082043211,Zhuang-ABCA-1.099,Zhuang-ABCA-1.097,3
2603,quest_gene_expr,small_simple_niche_294485874756298594876345688860082043211,Zhuang-ABCA-1.099,Zhuang-ABCA-1.098,3
2604,quest_gene_expr,small_simple_niche_294485874756298594876345688860082043211,Zhuang-ABCA-1.099,Zhuang-ABCA-3.001,3
2605,quest_gene_expr,small_simple_niche_294485874756298594876345688860082043211,Zhuang-ABCA-1.099,Zhuang-ABCA-3.002,3
2606,quest_gene_expr,small_simple_niche_294485874756298594876345688860082043211,Zhuang-ABCA-1.099,Zhuang-ABCA-3.004,3
2607,quest_gene_expr,small_simple_niche_294485874756298594876345688860082043211,Zhuang-ABCA-1.099,Zhuang-ABCA-3.005,3
2608,quest_scgpt,small_simple_niche_294485874756298594876345688860082043211,Zhuang-ABCA-1.099,C57BL6J-638850.28,3
2609,quest_scgpt,small_simple_niche_294485874756298594876345688860082043211,Zhuang-ABCA-1.099,C57BL6J-638850.29,3
2610,quest_scgpt,small_simple_niche_294485874756298594876345688860082043211,Zhuang-ABCA-1.099,C57BL6J-638850.30,3
2611,quest_scgpt,small_simple_niche_294485874756298594876345688860082043211,Zhuang-ABCA-1.099,C57BL6J-638850.31,3
2612,quest_scgpt,small_simple_niche_294485874756298594876345688860082043211,Zhuang-ABCA-1.099,Zhuang-ABCA-1.096,3
2613,quest_scgpt,small_simple_niche_294485874756298594876345688860082043211,Zhuang-ABCA-1.099,Zhuang-ABCA-1.097,3
2614,quest_scgpt,small_simple_niche_294485874756298594876345688860082043211,Zhuang-ABCA-1.099,Zhuang-ABCA-1.098,3
2615,quest_scgpt,small_simple_niche_294485874756298594876345688860082043211,Zhuang-ABCA-1.099,Zhuang-ABCA-3.001,3
2616,quest_scgpt,small_simple_niche_294485874756298594876345688860082043211,Zhuang-ABCA-1.099,Zhuang-ABCA-3.002,3
2617,quest_scgpt,small_simple_niche_294485874756298594876345688860082043211,Zhuang-ABCA-1.099,Zhuang-ABCA-3.004,3
2618,quest_scgpt,small_simple_niche_294485874756298594876345688860082043211,Zhuang-ABCA-1.099,Zhuang-ABCA-3.005,3
2619,scgpt,small_simple_niche_294485874756298594876345688860082043211,Zhuang-ABCA-1.099,C57BL6J-638850.28,3
2620,scgpt,small_simple_niche_294485874756298594876345688860082043211,Zhuang-ABCA-1.099,C57BL6J-638850.29,3
2621,scgpt,small_simple_niche_294485874756298594876345688860082043211,Zhuang-ABCA-1.099,C57BL6J-638850.30,3
2622,scgpt,small_simple_niche_294485874756298594876345688860082043211,Zhuang-ABCA-1.099,C57BL6J-638850.31,3
2623,scgpt,small_simple_niche_294485874756298594876345688860082043211,Zhuang-ABCA-1.099,Zhuang-ABCA-1.096,3
2624,scgpt,small_simple_niche_294485874756298594876345688860082043211,Zhuang-ABCA-1.099,Zhuang-ABCA-1.097,3
2625,scgpt,small_simple_niche_294485874756298594876345688860082043211,Zhuang-ABCA-1.099,Zhuang-ABCA-1.098,3
2626,scgpt,small_simple_niche_294485874756298594876345688860082043211,Zhuang-ABCA-1.099,Zhuang-ABCA-3.001,3
2627,scgpt,small_simple_niche_294485874756298594876345688860082043211,Zhuang-ABCA-1.099,Zhuang-ABCA-3.002,3
2628,scgpt,small_simple_niche_294485874756298594876345688860082043211,Zhuang-ABCA-1.099,Zhuang-ABCA-3.004,3
2629,scgpt,small_simple_niche_294485874756298594876345688860082043211,Zhuang-ABCA-1.099,Zhuang-ABCA-3.005,3
2630,gene_expr,small_simple_niche_294485874756298594876345688860082043211,Zhuang-ABCA-1.099,C57BL6J-638850.28,3
2631,gene_expr,small_simple_niche_294485874756298594876345688860082043211,Zhuang-ABCA-1.099,C57BL6J-638850.29,3
2632,gene_expr,small_simple_niche_294485874756298594876345688860082043211,Zhuang-ABCA-1.099,C57BL6J-638850.30,3
2633,gene_expr,small_simple_niche_294485874756298594876345688860082043211,Zhuang-ABCA-1.099,C57BL6J-638850.31,3
2634,gene_expr,small_simple_niche_294485874756298594876345688860082043211,Zhuang-ABCA-1.099,Zhuang-ABCA-1.096,3
2635,gene_expr,small_simple_niche_294485874756298594876345688860082043211,Zhuang-ABCA-1.099,Zhuang-ABCA-1.097,3
2636,gene_expr,small_simple_niche_294485874756298594876345688860082043211,Zhuang-ABCA-1.099,Zhuang-ABCA-1.098,3
2637,gene_expr,small_simple_niche_294485874756298594876345688860082043211,Zhuang-ABCA-1.099,Zhuang-ABCA-3.001,3
2638,gene_expr,small_simple_niche_294485874756298594876345688860082043211,Zhuang-ABCA-1.099,Zhuang-ABCA-3.002,3
2639,gene_expr,small_simple_niche_294485874756298594876345688860082043211,Zhuang-ABCA-1.099,Zhuang-ABCA-3.004,3
2640,gene_expr,small_simple_niche_294485874756298594876345688860082043211,Zhuang-ABCA-1.099,Zhuang-ABCA-3.005,3
2641,quest_gene_expr,small_simple_niche_62762786836443323203825666837466629773,Zhuang-ABCA-1.099,C57BL6J-638850.28,3
2642,quest_gene_expr,small_simple_niche_62762786836443323203825666837466629773,Zhuang-ABCA-1.099,C57BL6J-638850.29,3
2643,quest_gene_expr,small_simple_niche_62762786836443323203825666837466629773,Zhuang-ABCA-1.099,C57BL6J-638850.30,3
2644,quest_gene_expr,small_simple_niche_62762786836443323203825666837466629773,Zhuang-ABCA-1.099,C57BL6J-638850.31,3
2645,quest_gene_expr,small_simple_niche_62762786836443323203825666837466629773,Zhuang-ABCA-1.099,Zhuang-ABCA-1.096,3
2646,quest_gene_expr,small_simple_niche_62762786836443323203825666837466629773,Zhuang-ABCA-1.099,Zhuang-ABCA-1.097,3
2647,quest_gene_expr,small_simple_niche_62762786836443323203825666837466629773,Zhuang-ABCA-1.099,Zhuang-ABCA-1.098,3
2648,quest_gene_expr,small_simple_niche_62762786836443323203825666837466629773,Zhuang-ABCA-1.099,Zhuang-ABCA-3.001,3
2649,quest_gene_expr,small_simple_niche_62762786836443323203825666837466629773,Zhuang-ABCA-1.099,Zhuang-ABCA-3.002,3
2650,quest_gene_expr,small_simple_niche_62762786836443323203825666837466629773,Zhuang-ABCA-1.099,Zhuang-ABCA-3.004,3
2651,quest_gene_expr,small_simple_niche_62762786836443323203825666837466629773,Zhuang-ABCA-1.099,Zhuang-ABCA-3.005,3
2652,quest_scgpt,small_simple_niche_62762786836443323203825666837466629773,Zhuang-ABCA-1.099,C57BL6J-638850.28,3
2653,quest_scgpt,small_simple_niche_62762786836443323203825666837466629773,Zhuang-ABCA-1.099,C57BL6J-638850.29,3
2654,quest_scgpt,small_simple_niche_62762786836443323203825666837466629773,Zhuang-ABCA-1.099,C57BL6J-638850.30,3
2655,quest_scgpt,small_simple_niche_62762786836443323203825666837466629773,Zhuang-ABCA-1.099,C57BL6J-638850.31,3
2656,quest_scgpt,small_simple_niche_62762786836443323203825666837466629773,Zhuang-ABCA-1.099,Zhuang-ABCA-1.096,3
2657,quest_scgpt,small_simple_niche_62762786836443323203825666837466629773,Zhuang-ABCA-1.099,Zhuang-ABCA-1.097,3
2658,quest_scgpt,small_simple_niche_62762786836443323203825666837466629773,Zhuang-ABCA-1.099,Zhuang-ABCA-1.098,3
2659,quest_scgpt,small_simple_niche_62762786836443323203825666837466629773,Zhuang-ABCA-1.099,Zhuang-ABCA-3.001,3
2660,quest_scgpt,small_simple_niche_62762786836443323203825666837466629773,Zhuang-ABCA-1.099,Zhuang-ABCA-3.002,3
2661,quest_scgpt,small_simple_niche_62762786836443323203825666837466629773,Zhuang-ABCA-1.099,Zhuang-ABCA-3.004,3
2662,quest_scgpt,small_simple_niche_62762786836443323203825666837466629773,Zhuang-ABCA-1.099,Zhuang-ABCA-3.005,3
2663,scgpt,small_simple_niche_62762786836443323203825666837466629773,Zhuang-ABCA-1.099,C57BL6J-638850.28,3
2664,scgpt,small_simple_niche_62762786836443323203825666837466629773,Zhuang-ABCA-1.099,C57BL6J-638850.29,3
2665,scgpt,small_simple_niche_62762786836443323203825666837466629773,Zhuang-ABCA-1.099,C57BL6J-638850.30,3
2666,scgpt,small_simple_niche_62762786836443323203825666837466629773,Zhuang-ABCA-1.099,C57BL6J-638850.31,3
2667,scgpt,small_simple_niche_62762786836443323203825666837466629773,Zhuang-ABCA-1.099,Zhuang-ABCA-1.096,3
2668,scgpt,small_simple_niche_62762786836443323203825666837466629773,Zhuang-ABCA-1.099,Zhuang-ABCA-1.097,3
2669,scgpt,small_simple_niche_62762786836443323203825666837466629773,Zhuang-ABCA-1.099,Zhuang-ABCA-1.098,3
2670,scgpt,small_simple_niche_62762786836443323203825666837466629773,Zhuang-ABCA-1.099,Zhuang-ABCA-3.001,3
2671,scgpt,small_simple_niche_62762786836443323203825666837466629773,Zhuang-ABCA-1.099,Zhuang-ABCA-3.002,3
2672,scgpt,small_simple_niche_62762786836443323203825666837466629773,Zhuang-ABCA-1.099,Zhuang-ABCA-3.004,3
2673,scgpt,small_simple_niche_62762786836443323203825666837466629773,Zhuang-ABCA-1.099,Zhuang-ABCA-3.005,3
2674,gene_expr,small_simple_niche_62762786836443323203825666837466629773,Zhuang-ABCA-1.099,C57BL6J-638850.28,3
2675,gene_expr,small_simple_niche_62762786836443323203825666837466629773,Zhuang-ABCA-1.099,C57BL6J-638850.29,3
2676,gene_expr,small_simple_niche_62762786836443323203825666837466629773,Zhuang-ABCA-1.099,C57BL6J-638850.30,3
2677,gene_expr,small_simple_niche_62762786836443323203825666837466629773,Zhuang-ABCA-1.099,C57BL6J-638850.31,3
2678,gene_expr,small_simple_niche_62762786836443323203825666837466629773,Zhuang-ABCA-1.099,Zhuang-ABCA-1.096,3
2679,gene_expr,small_simple_niche_62762786836443323203825666837466629773,Zhuang-ABCA-1.099,Zhuang-ABCA-1.097,3
2680,gene_expr,small_simple_niche_62762786836443323203825666837466629773,Zhuang-ABCA-1.099,Zhuang-ABCA-1.098,3
2681,gene_expr,small_simple_niche_62762786836443323203825666837466629773,Zhuang-ABCA-1.099,Zhuang-ABCA-3.001,3
2682,gene_expr,small_simple_niche_62762786836443323203825666837466629773,Zhuang-ABCA-1.099,Zhuang-ABCA-3.002,3
2683,gene_expr,small_simple_niche_62762786836443323203825666837466629773,Zhuang-ABCA-1.099,Zhuang-ABCA-3.004,3
2684,gene_expr,small_simple_niche_62762786836443323203825666837466629773,Zhuang-ABCA-1.099,Zhuang-ABCA-3.005,3
2685,quest_gene_expr,small_simple_niche_121222663899341689833551289289410197622,Zhuang-ABCA-3.001,C57BL6J-638850.28,3
2686,quest_gene_expr,small_simple_niche_121222663899341689833551289289410197622,Zhuang-ABCA-3.001,C57BL6J-638850.29,3
2687,quest_gene_expr,small_simple_niche_121222663899341689833551289289410197622,Zhuang-ABCA-3.001,C57BL6J-638850.30,3
2688,quest_gene_expr,small_simple_niche_121222663899341689833551289289410197622,Zhuang-ABCA-3.001,C57BL6J-638850.31,3
2689,quest_gene_expr,small_simple_niche_121222663899341689833551289289410197622,Zhuang-ABCA-3.001,Zhuang-ABCA-1.096,3
2690,quest_gene_expr,small_simple_niche_121222663899341689833551289289410197622,Zhuang-ABCA-3.001,Zhuang-ABCA-1.097,3
2691,quest_gene_expr,small_simple_niche_121222663899341689833551289289410197622,Zhuang-ABCA-3.001,Zhuang-ABCA-1.098,3
2692,quest_gene_expr,small_simple_niche_121222663899341689833551289289410197622,Zhuang-ABCA-3.001,Zhuang-ABCA-1.099,3
2693,quest_gene_expr,small_simple_niche_121222663899341689833551289289410197622,Zhuang-ABCA-3.001,Zhuang-ABCA-3.002,3
2694,quest_gene_expr,small_simple_niche_121222663899341689833551289289410197622,Zhuang-ABCA-3.001,Zhuang-ABCA-3.004,3
2695,quest_gene_expr,small_simple_niche_121222663899341689833551289289410197622,Zhuang-ABCA-3.001,Zhuang-ABCA-3.005,3
2696,quest_scgpt,small_simple_niche_121222663899341689833551289289410197622,Zhuang-ABCA-3.001,C57BL6J-638850.28,3
2697,quest_scgpt,small_simple_niche_121222663899341689833551289289410197622,Zhuang-ABCA-3.001,C57BL6J-638850.29,3
2698,quest_scgpt,small_simple_niche_121222663899341689833551289289410197622,Zhuang-ABCA-3.001,C57BL6J-638850.30,3
2699,quest_scgpt,small_simple_niche_121222663899341689833551289289410197622,Zhuang-ABCA-3.001,C57BL6J-638850.31,3
2700,quest_scgpt,small_simple_niche_121222663899341689833551289289410197622,Zhuang-ABCA-3.001,Zhuang-ABCA-1.096,3
2701,quest_scgpt,small_simple_niche_121222663899341689833551289289410197622,Zhuang-ABCA-3.001,Zhuang-ABCA-1.097,3
2702,quest_scgpt,small_simple_niche_121222663899341689833551289289410197622,Zhuang-ABCA-3.001,Zhuang-ABCA-1.098,3
2703,quest_scgpt,small_simple_niche_121222663899341689833551289289410197622,Zhuang-ABCA-3.001,Zhuang-ABCA-1.099,3
2704,quest_scgpt,small_simple_niche_121222663899341689833551289289410197622,Zhuang-ABCA-3.001,Zhuang-ABCA-3.002,3
2705,quest_scgpt,small_simple_niche_121222663899341689833551289289410197622,Zhuang-ABCA-3.001,Zhuang-ABCA-3.004,3
2706,quest_scgpt,small_simple_niche_121222663899341689833551289289410197622,Zhuang-ABCA-3.001,Zhuang-ABCA-3.005,3
2707,scgpt,small_simple_niche_121222663899341689833551289289410197622,Zhuang-ABCA-3.001,C57BL6J-638850.28,3
2708,scgpt,small_simple_niche_121222663899341689833551289289410197622,Zhuang-ABCA-3.001,C57BL6J-638850.29,3
2709,scgpt,small_simple_niche_121222663899341689833551289289410197622,Zhuang-ABCA-3.001,C57BL6J-638850.30,3
2710,scgpt,small_simple_niche_121222663899341689833551289289410197622,Zhuang-ABCA-3.001,C57BL6J-638850.31,3
2711,scgpt,small_simple_niche_121222663899341689833551289289410197622,Zhuang-ABCA-3.001,Zhuang-ABCA-1.096,3
2712,scgpt,small_simple_niche_121222663899341689833551289289410197622,Zhuang-ABCA-3.001,Zhuang-ABCA-1.097,3
2713,scgpt,small_simple_niche_121222663899341689833551289289410197622,Zhuang-ABCA-3.001,Zhuang-ABCA-1.098,3
2714,scgpt,small_simple_niche_121222663899341689833551289289410197622,Zhuang-ABCA-3.001,Zhuang-ABCA-1.099,3
2715,scgpt,small_simple_niche_121222663899341689833551289289410197622,Zhuang-ABCA-3.001,Zhuang-ABCA-3.002,3
2716,scgpt,small_simple_niche_121222663899341689833551289289410197622,Zhuang-ABCA-3.001,Zhuang-ABCA-3.004,3
2717,scgpt,small_simple_niche_121222663899341689833551289289410197622,Zhuang-ABCA-3.001,Zhuang-ABCA-3.005,3
2718,gene_expr,small_simple_niche_121222663899341689833551289289410197622,Zhuang-ABCA-3.001,C57BL6J-638850.28,3
2719,gene_expr,small_simple_niche_121222663899341689833551289289410197622,Zhuang-ABCA-3.001,C57BL6J-638850.29,3
2720,gene_expr,small_simple_niche_121222663899341689833551289289410197622,Zhuang-ABCA-3.001,C57BL6J-638850.30,3
2721,gene_expr,small_simple_niche_121222663899341689833551289289410197622,Zhuang-ABCA-3.001,C57BL6J-638850.31,3
2722,gene_expr,small_simple_niche_121222663899341689833551289289410197622,Zhuang-ABCA-3.001,Zhuang-ABCA-1.096,3
2723,gene_expr,small_simple_niche_121222663899341689833551289289410197622,Zhuang-ABCA-3.001,Zhuang-ABCA-1.097,3
2724,gene_expr,small_simple_niche_121222663899341689833551289289410197622,Zhuang-ABCA-3.001,Zhuang-ABCA-1.098,3
2725,gene_expr,small_simple_niche_121222663899341689833551289289410197622,Zhuang-ABCA-3.001,Zhuang-ABCA-1.099,3
2726,gene_expr,small_simple_niche_121222663899341689833551289289410197622,Zhuang-ABCA-3.001,Zhuang-ABCA-3.002,3
2727,gene_expr,small_simple_niche_121222663899341689833551289289410197622,Zhuang-ABCA-3.001,Zhuang-ABCA-3.004,3
2728,gene_expr,small_simple_niche_121222663899341689833551289289410197622,Zhuang-ABCA-3.001,Zhuang-ABCA-3.005,3
2729,quest_gene_expr,small_simple_niche_192561380822669122715215113594441296688,Zhuang-ABCA-3.001,C57BL6J-638850.28,3
2730,quest_gene_expr,small_simple_niche_192561380822669122715215113594441296688,Zhuang-ABCA-3.001,C57BL6J-638850.29,3
2731,quest_gene_expr,small_simple_niche_192561380822669122715215113594441296688,Zhuang-ABCA-3.001,C57BL6J-638850.30,3
2732,quest_gene_expr,small_simple_niche_192561380822669122715215113594441296688,Zhuang-ABCA-3.001,C57BL6J-638850.31,3
2733,quest_gene_expr,small_simple_niche_192561380822669122715215113594441296688,Zhuang-ABCA-3.001,Zhuang-ABCA-1.096,3
2734,quest_gene_expr,small_simple_niche_192561380822669122715215113594441296688,Zhuang-ABCA-3.001,Zhuang-ABCA-1.097,3
2735,quest_gene_expr,small_simple_niche_192561380822669122715215113594441296688,Zhuang-ABCA-3.001,Zhuang-ABCA-1.098,3
2736,quest_gene_expr,small_simple_niche_192561380822669122715215113594441296688,Zhuang-ABCA-3.001,Zhuang-ABCA-1.099,3
2737,quest_gene_expr,small_simple_niche_192561380822669122715215113594441296688,Zhuang-ABCA-3.001,Zhuang-ABCA-3.002,3
2738,quest_gene_expr,small_simple_niche_192561380822669122715215113594441296688,Zhuang-ABCA-3.001,Zhuang-ABCA-3.004,3
2739,quest_gene_expr,small_simple_niche_192561380822669122715215113594441296688,Zhuang-ABCA-3.001,Zhuang-ABCA-3.005,3
2740,quest_scgpt,small_simple_niche_192561380822669122715215113594441296688,Zhuang-ABCA-3.001,C57BL6J-638850.28,3
2741,quest_scgpt,small_simple_niche_192561380822669122715215113594441296688,Zhuang-ABCA-3.001,C57BL6J-638850.29,3
2742,quest_scgpt,small_simple_niche_192561380822669122715215113594441296688,Zhuang-ABCA-3.001,C57BL6J-638850.30,3
2743,quest_scgpt,small_simple_niche_192561380822669122715215113594441296688,Zhuang-ABCA-3.001,C57BL6J-638850.31,3
2744,quest_scgpt,small_simple_niche_192561380822669122715215113594441296688,Zhuang-ABCA-3.001,Zhuang-ABCA-1.096,3
2745,quest_scgpt,small_simple_niche_192561380822669122715215113594441296688,Zhuang-ABCA-3.001,Zhuang-ABCA-1.097,3
2746,quest_scgpt,small_simple_niche_192561380822669122715215113594441296688,Zhuang-ABCA-3.001,Zhuang-ABCA-1.098,3
2747,quest_scgpt,small_simple_niche_192561380822669122715215113594441296688,Zhuang-ABCA-3.001,Zhuang-ABCA-1.099,3
2748,quest_scgpt,small_simple_niche_192561380822669122715215113594441296688,Zhuang-ABCA-3.001,Zhuang-ABCA-3.002,3
2749,quest_scgpt,small_simple_niche_192561380822669122715215113594441296688,Zhuang-ABCA-3.001,Zhuang-ABCA-3.004,3
2750,quest_scgpt,small_simple_niche_192561380822669122715215113594441296688,Zhuang-ABCA-3.001,Zhuang-ABCA-3.005,3
2751,scgpt,small_simple_niche_192561380822669122715215113594441296688,Zhuang-ABCA-3.001,C57BL6J-638850.28,3
2752,scgpt,small_simple_niche_192561380822669122715215113594441296688,Zhuang-ABCA-3.001,C57BL6J-638850.29,3
2753,scgpt,small_simple_niche_192561380822669122715215113594441296688,Zhuang-ABCA-3.001,C57BL6J-638850.30,3
2754,scgpt,small_simple_niche_192561380822669122715215113594441296688,Zhuang-ABCA-3.001,C57BL6J-638850.31,3
2755,scgpt,small_simple_niche_192561380822669122715215113594441296688,Zhuang-ABCA-3.001,Zhuang-ABCA-1.096,3
2756,scgpt,small_simple_niche_192561380822669122715215113594441296688,Zhuang-ABCA-3.001,Zhuang-ABCA-1.097,3
2757,scgpt,small_simple_niche_192561380822669122715215113594441296688,Zhuang-ABCA-3.001,Zhuang-ABCA-1.098,3
2758,scgpt,small_simple_niche_192561380822669122715215113594441296688,Zhuang-ABCA-3.001,Zhuang-ABCA-1.099,3
2759,scgpt,small_simple_niche_192561380822669122715215113594441296688,Zhuang-ABCA-3.001,Zhuang-ABCA-3.002,3
2760,scgpt,small_simple_niche_192561380822669122715215113594441296688,Zhuang-ABCA-3.001,Zhuang-ABCA-3.004,3
2761,scgpt,small_simple_niche_192561380822669122715215113594441296688,Zhuang-ABCA-3.001,Zhuang-ABCA-3.005,3
2762,gene_expr,small_simple_niche_192561380822669122715215113594441296688,Zhuang-ABCA-3.001,C57BL6J-638850.28,3
2763,gene_expr,small_simple_niche_192561380822669122715215113594441296688,Zhuang-ABCA-3.001,C57BL6J-638850.29,3
2764,gene_expr,small_simple_niche_192561380822669122715215113594441296688,Zhuang-ABCA-3.001,C57BL6J-638850.30,3
2765,gene_expr,small_simple_niche_192561380822669122715215113594441296688,Zhuang-ABCA-3.001,C57BL6J-638850.31,3
2766,gene_expr,small_simple_niche_192561380822669122715215113594441296688,Zhuang-ABCA-3.001,Zhuang-ABCA-1.096,3
2767,gene_expr,small_simple_niche_192561380822669122715215113594441296688,Zhuang-ABCA-3.001,Zhuang-ABCA-1.097,3
2768,gene_expr,small_simple_niche_192561380822669122715215113594441296688,Zhuang-ABCA-3.001,Zhuang-ABCA-1.098,3
2769,gene_expr,small_simple_niche_192561380822669122715215113594441296688,Zhuang-ABCA-3.001,Zhuang-ABCA-1.099,3
2770,gene_expr,small_simple_niche_192561380822669122715215113594441296688,Zhuang-ABCA-3.001,Zhuang-ABCA-3.002,3
2771,gene_expr,small_simple_niche_192561380822669122715215113594441296688,Zhuang-ABCA-3.001,Zhuang-ABCA-3.004,3
2772,gene_expr,small_simple_niche_192561380822669122715215113594441296688,Zhuang-ABCA-3.001,Zhuang-ABCA-3.005,3
2773,quest_gene_expr,small_simple_niche_10954756915750795762711761253214285725,Zhuang-ABCA-3.002,C57BL6J-638850.28,3
2774,quest_gene_expr,small_simple_niche_10954756915750795762711761253214285725,Zhuang-ABCA-3.002,C57BL6J-638850.29,3
2775,quest_gene_expr,small_simple_niche_10954756915750795762711761253214285725,Zhuang-ABCA-3.002,C57BL6J-638850.30,3
2776,quest_gene_expr,small_simple_niche_10954756915750795762711761253214285725,Zhuang-ABCA-3.002,C57BL6J-638850.31,3
2777,quest_gene_expr,small_simple_niche_10954756915750795762711761253214285725,Zhuang-ABCA-3.002,Zhuang-ABCA-1.096,3
2778,quest_gene_expr,small_simple_niche_10954756915750795762711761253214285725,Zhuang-ABCA-3.002,Zhuang-ABCA-1.097,3
2779,quest_gene_expr,small_simple_niche_10954756915750795762711761253214285725,Zhuang-ABCA-3.002,Zhuang-ABCA-1.098,3
2780,quest_gene_expr,small_simple_niche_10954756915750795762711761253214285725,Zhuang-ABCA-3.002,Zhuang-ABCA-1.099,3
2781,quest_gene_expr,small_simple_niche_10954756915750795762711761253214285725,Zhuang-ABCA-3.002,Zhuang-ABCA-3.001,3
2782,quest_gene_expr,small_simple_niche_10954756915750795762711761253214285725,Zhuang-ABCA-3.002,Zhuang-ABCA-3.004,3
2783,quest_gene_expr,small_simple_niche_10954756915750795762711761253214285725,Zhuang-ABCA-3.002,Zhuang-ABCA-3.005,3
2784,quest_scgpt,small_simple_niche_10954756915750795762711761253214285725,Zhuang-ABCA-3.002,C57BL6J-638850.28,3
2785,quest_scgpt,small_simple_niche_10954756915750795762711761253214285725,Zhuang-ABCA-3.002,C57BL6J-638850.29,3
2786,quest_scgpt,small_simple_niche_10954756915750795762711761253214285725,Zhuang-ABCA-3.002,C57BL6J-638850.30,3
2787,quest_scgpt,small_simple_niche_10954756915750795762711761253214285725,Zhuang-ABCA-3.002,C57BL6J-638850.31,3
2788,quest_scgpt,small_simple_niche_10954756915750795762711761253214285725,Zhuang-ABCA-3.002,Zhuang-ABCA-1.096,3
2789,quest_scgpt,small_simple_niche_10954756915750795762711761253214285725,Zhuang-ABCA-3.002,Zhuang-ABCA-1.097,3
2790,quest_scgpt,small_simple_niche_10954756915750795762711761253214285725,Zhuang-ABCA-3.002,Zhuang-ABCA-1.098,3
2791,quest_scgpt,small_simple_niche_10954756915750795762711761253214285725,Zhuang-ABCA-3.002,Zhuang-ABCA-1.099,3
2792,quest_scgpt,small_simple_niche_10954756915750795762711761253214285725,Zhuang-ABCA-3.002,Zhuang-ABCA-3.001,3
2793,quest_scgpt,small_simple_niche_10954756915750795762711761253214285725,Zhuang-ABCA-3.002,Zhuang-ABCA-3.004,3
2794,quest_scgpt,small_simple_niche_10954756915750795762711761253214285725,Zhuang-ABCA-3.002,Zhuang-ABCA-3.005,3
2795,scgpt,small_simple_niche_10954756915750795762711761253214285725,Zhuang-ABCA-3.002,C57BL6J-638850.28,3
2796,scgpt,small_simple_niche_10954756915750795762711761253214285725,Zhuang-ABCA-3.002,C57BL6J-638850.29,3
2797,scgpt,small_simple_niche_10954756915750795762711761253214285725,Zhuang-ABCA-3.002,C57BL6J-638850.30,3
2798,scgpt,small_simple_niche_10954756915750795762711761253214285725,Zhuang-ABCA-3.002,C57BL6J-638850.31,3
2799,scgpt,small_simple_niche_10954756915750795762711761253214285725,Zhuang-ABCA-3.002,Zhuang-ABCA-1.096,3
2800,scgpt,small_simple_niche_10954756915750795762711761253214285725,Zhuang-ABCA-3.002,Zhuang-ABCA-1.097,3
2801,scgpt,small_simple_niche_10954756915750795762711761253214285725,Zhuang-ABCA-3.002,Zhuang-ABCA-1.098,3
2802,scgpt,small_simple_niche_10954756915750795762711761253214285725,Zhuang-ABCA-3.002,Zhuang-ABCA-1.099,3
2803,scgpt,small_simple_niche_10954756915750795762711761253214285725,Zhuang-ABCA-3.002,Zhuang-ABCA-3.001,3
2804,scgpt,small_simple_niche_10954756915750795762711761253214285725,Zhuang-ABCA-3.002,Zhuang-ABCA-3.004,3
2805,scgpt,small_simple_niche_10954756915750795762711761253214285725,Zhuang-ABCA-3.002,Zhuang-ABCA-3.005,3
2806,gene_expr,small_simple_niche_10954756915750795762711761253214285725,Zhuang-ABCA-3.002,C57BL6J-638850.28,3
2807,gene_expr,small_simple_niche_10954756915750795762711761253214285725,Zhuang-ABCA-3.002,C57BL6J-638850.29,3
2808,gene_expr,small_simple_niche_10954756915750795762711761253214285725,Zhuang-ABCA-3.002,C57BL6J-638850.30,3
2809,gene_expr,small_simple_niche_10954756915750795762711761253214285725,Zhuang-ABCA-3.002,C57BL6J-638850.31,3
2810,gene_expr,small_simple_niche_10954756915750795762711761253214285725,Zhuang-ABCA-3.002,Zhuang-ABCA-1.096,3
2811,gene_expr,small_simple_niche_10954756915750795762711761253214285725,Zhuang-ABCA-3.002,Zhuang-ABCA-1.097,3
2812,gene_expr,small_simple_niche_10954756915750795762711761253214285725,Zhuang-ABCA-3.002,Zhuang-ABCA-1.098,3
2813,gene_expr,small_simple_niche_10954756915750795762711761253214285725,Zhuang-ABCA-3.002,Zhuang-ABCA-1.099,3
2814,gene_expr,small_simple_niche_10954756915750795762711761253214285725,Zhuang-ABCA-3.002,Zhuang-ABCA-3.001,3
2815,gene_expr,small_simple_niche_10954756915750795762711761253214285725,Zhuang-ABCA-3.002,Zhuang-ABCA-3.004,3
2816,gene_expr,small_simple_niche_10954756915750795762711761253214285725,Zhuang-ABCA-3.002,Zhuang-ABCA-3.005,3
2817,quest_gene_expr,small_simple_niche_125860591516241773591108740305149463728,Zhuang-ABCA-3.002,C57BL6J-638850.28,3
2818,quest_gene_expr,small_simple_niche_125860591516241773591108740305149463728,Zhuang-ABCA-3.002,C57BL6J-638850.29,3
2819,quest_gene_expr,small_simple_niche_125860591516241773591108740305149463728,Zhuang-ABCA-3.002,C57BL6J-638850.30,3
2820,quest_gene_expr,small_simple_niche_125860591516241773591108740305149463728,Zhuang-ABCA-3.002,C57BL6J-638850.31,3
2821,quest_gene_expr,small_simple_niche_125860591516241773591108740305149463728,Zhuang-ABCA-3.002,Zhuang-ABCA-1.096,3
2822,quest_gene_expr,small_simple_niche_125860591516241773591108740305149463728,Zhuang-ABCA-3.002,Zhuang-ABCA-1.097,3
2823,quest_gene_expr,small_simple_niche_125860591516241773591108740305149463728,Zhuang-ABCA-3.002,Zhuang-ABCA-1.098,3
2824,quest_gene_expr,small_simple_niche_125860591516241773591108740305149463728,Zhuang-ABCA-3.002,Zhuang-ABCA-1.099,3
2825,quest_gene_expr,small_simple_niche_125860591516241773591108740305149463728,Zhuang-ABCA-3.002,Zhuang-ABCA-3.001,3
2826,quest_gene_expr,small_simple_niche_125860591516241773591108740305149463728,Zhuang-ABCA-3.002,Zhuang-ABCA-3.004,3
2827,quest_gene_expr,small_simple_niche_125860591516241773591108740305149463728,Zhuang-ABCA-3.002,Zhuang-ABCA-3.005,3
2828,quest_scgpt,small_simple_niche_125860591516241773591108740305149463728,Zhuang-ABCA-3.002,C57BL6J-638850.28,3
2829,quest_scgpt,small_simple_niche_125860591516241773591108740305149463728,Zhuang-ABCA-3.002,C57BL6J-638850.29,3
2830,quest_scgpt,small_simple_niche_125860591516241773591108740305149463728,Zhuang-ABCA-3.002,C57BL6J-638850.30,3
2831,quest_scgpt,small_simple_niche_125860591516241773591108740305149463728,Zhuang-ABCA-3.002,C57BL6J-638850.31,3
2832,quest_scgpt,small_simple_niche_125860591516241773591108740305149463728,Zhuang-ABCA-3.002,Zhuang-ABCA-1.096,3
2833,quest_scgpt,small_simple_niche_125860591516241773591108740305149463728,Zhuang-ABCA-3.002,Zhuang-ABCA-1.097,3
2834,quest_scgpt,small_simple_niche_125860591516241773591108740305149463728,Zhuang-ABCA-3.002,Zhuang-ABCA-1.098,3
2835,quest_scgpt,small_simple_niche_125860591516241773591108740305149463728,Zhuang-ABCA-3.002,Zhuang-ABCA-1.099,3
2836,quest_scgpt,small_simple_niche_125860591516241773591108740305149463728,Zhuang-ABCA-3.002,Zhuang-ABCA-3.001,3
2837,quest_scgpt,small_simple_niche_125860591516241773591108740305149463728,Zhuang-ABCA-3.002,Zhuang-ABCA-3.004,3
2838,quest_scgpt,small_simple_niche_125860591516241773591108740305149463728,Zhuang-ABCA-3.002,Zhuang-ABCA-3.005,3
2839,scgpt,small_simple_niche_125860591516241773591108740305149463728,Zhuang-ABCA-3.002,C57BL6J-638850.28,3
2840,scgpt,small_simple_niche_125860591516241773591108740305149463728,Zhuang-ABCA-3.002,C57BL6J-638850.29,3
2841,scgpt,small_simple_niche_125860591516241773591108740305149463728,Zhuang-ABCA-3.002,C57BL6J-638850.30,3
2842,scgpt,small_simple_niche_125860591516241773591108740305149463728,Zhuang-ABCA-3.002,C57BL6J-638850.31,3
2843,scgpt,small_simple_niche_125860591516241773591108740305149463728,Zhuang-ABCA-3.002,Zhuang-ABCA-1.096,3
2844,scgpt,small_simple_niche_125860591516241773591108740305149463728,Zhuang-ABCA-3.002,Zhuang-ABCA-1.097,3
2845,scgpt,small_simple_niche_125860591516241773591108740305149463728,Zhuang-ABCA-3.002,Zhuang-ABCA-1.098,3
2846,scgpt,small_simple_niche_125860591516241773591108740305149463728,Zhuang-ABCA-3.002,Zhuang-ABCA-1.099,3
2847,scgpt,small_simple_niche_125860591516241773591108740305149463728,Zhuang-ABCA-3.002,Zhuang-ABCA-3.001,3
2848,scgpt,small_simple_niche_125860591516241773591108740305149463728,Zhuang-ABCA-3.002,Zhuang-ABCA-3.004,3
2849,scgpt,small_simple_niche_125860591516241773591108740305149463728,Zhuang-ABCA-3.002,Zhuang-ABCA-3.005,3
2850,gene_expr,small_simple_niche_125860591516241773591108740305149463728,Zhuang-ABCA-3.002,C57BL6J-638850.28,3
2851,gene_expr,small_simple_niche_125860591516241773591108740305149463728,Zhuang-ABCA-3.002,C57BL6J-638850.29,3
2852,gene_expr,small_simple_niche_125860591516241773591108740305149463728,Zhuang-ABCA-3.002,C57BL6J-638850.30,3
2853,gene_expr,small_simple_niche_125860591516241773591108740305149463728,Zhuang-ABCA-3.002,C57BL6J-638850.31,3
2854,gene_expr,small_simple_niche_125860591516241773591108740305149463728,Zhuang-ABCA-3.002,Zhuang-ABCA-1.096,3
2855,gene_expr,small_simple_niche_125860591516241773591108740305149463728,Zhuang-ABCA-3.002,Zhuang-ABCA-1.097,3
2856,gene_expr,small_simple_niche_125860591516241773591108740305149463728,Zhuang-ABCA-3.002,Zhuang-ABCA-1.098,3
2857,gene_expr,small_simple_niche_125860591516241773591108740305149463728,Zhuang-ABCA-3.002,Zhuang-ABCA-1.099,3
2858,gene_expr,small_simple_niche_125860591516241773591108740305149463728,Zhuang-ABCA-3.002,Zhuang-ABCA-3.001,3
2859,gene_expr,small_simple_niche_125860591516241773591108740305149463728,Zhuang-ABCA-3.002,Zhuang-ABCA-3.004,3
2860,gene_expr,small_simple_niche_125860591516241773591108740305149463728,Zhuang-ABCA-3.002,Zhuang-ABCA-3.005,3
2861,quest_gene_expr,small_simple_niche_135266499521890624564733261904887163307,Zhuang-ABCA-3.002,C57BL6J-638850.28,3
2862,quest_gene_expr,small_simple_niche_135266499521890624564733261904887163307,Zhuang-ABCA-3.002,C57BL6J-638850.29,3
2863,quest_gene_expr,small_simple_niche_135266499521890624564733261904887163307,Zhuang-ABCA-3.002,C57BL6J-638850.30,3
2864,quest_gene_expr,small_simple_niche_135266499521890624564733261904887163307,Zhuang-ABCA-3.002,C57BL6J-638850.31,3
2865,quest_gene_expr,small_simple_niche_135266499521890624564733261904887163307,Zhuang-ABCA-3.002,Zhuang-ABCA-1.096,3
2866,quest_gene_expr,small_simple_niche_135266499521890624564733261904887163307,Zhuang-ABCA-3.002,Zhuang-ABCA-1.097,3
2867,quest_gene_expr,small_simple_niche_135266499521890624564733261904887163307,Zhuang-ABCA-3.002,Zhuang-ABCA-1.098,3
2868,quest_gene_expr,small_simple_niche_135266499521890624564733261904887163307,Zhuang-ABCA-3.002,Zhuang-ABCA-1.099,3
2869,quest_gene_expr,small_simple_niche_135266499521890624564733261904887163307,Zhuang-ABCA-3.002,Zhuang-ABCA-3.001,3
2870,quest_gene_expr,small_simple_niche_135266499521890624564733261904887163307,Zhuang-ABCA-3.002,Zhuang-ABCA-3.004,3
2871,quest_gene_expr,small_simple_niche_135266499521890624564733261904887163307,Zhuang-ABCA-3.002,Zhuang-ABCA-3.005,3
2872,quest_scgpt,small_simple_niche_135266499521890624564733261904887163307,Zhuang-ABCA-3.002,C57BL6J-638850.28,3
2873,quest_scgpt,small_simple_niche_135266499521890624564733261904887163307,Zhuang-ABCA-3.002,C57BL6J-638850.29,3
2874,quest_scgpt,small_simple_niche_135266499521890624564733261904887163307,Zhuang-ABCA-3.002,C57BL6J-638850.30,3
2875,quest_scgpt,small_simple_niche_135266499521890624564733261904887163307,Zhuang-ABCA-3.002,C57BL6J-638850.31,3
2876,quest_scgpt,small_simple_niche_135266499521890624564733261904887163307,Zhuang-ABCA-3.002,Zhuang-ABCA-1.096,3
2877,quest_scgpt,small_simple_niche_135266499521890624564733261904887163307,Zhuang-ABCA-3.002,Zhuang-ABCA-1.097,3
2878,quest_scgpt,small_simple_niche_135266499521890624564733261904887163307,Zhuang-ABCA-3.002,Zhuang-ABCA-1.098,3
2879,quest_scgpt,small_simple_niche_135266499521890624564733261904887163307,Zhuang-ABCA-3.002,Zhuang-ABCA-1.099,3
2880,quest_scgpt,small_simple_niche_135266499521890624564733261904887163307,Zhuang-ABCA-3.002,Zhuang-ABCA-3.001,3
2881,quest_scgpt,small_simple_niche_135266499521890624564733261904887163307,Zhuang-ABCA-3.002,Zhuang-ABCA-3.004,3
2882,quest_scgpt,small_simple_niche_135266499521890624564733261904887163307,Zhuang-ABCA-3.002,Zhuang-ABCA-3.005,3
2883,scgpt,small_simple_niche_135266499521890624564733261904887163307,Zhuang-ABCA-3.002,C57BL6J-638850.28,3
2884,scgpt,small_simple_niche_135266499521890624564733261904887163307,Zhuang-ABCA-3.002,C57BL6J-638850.29,3
2885,scgpt,small_simple_niche_135266499521890624564733261904887163307,Zhuang-ABCA-3.002,C57BL6J-638850.30,3
2886,scgpt,small_simple_niche_135266499521890624564733261904887163307,Zhuang-ABCA-3.002,C57BL6J-638850.31,3
2887,scgpt,small_simple_niche_135266499521890624564733261904887163307,Zhuang-ABCA-3.002,Zhuang-ABCA-1.096,3
2888,scgpt,small_simple_niche_135266499521890624564733261904887163307,Zhuang-ABCA-3.002,Zhuang-ABCA-1.097,3
2889,scgpt,small_simple_niche_135266499521890624564733261904887163307,Zhuang-ABCA-3.002,Zhuang-ABCA-1.098,3
2890,scgpt,small_simple_niche_135266499521890624564733261904887163307,Zhuang-ABCA-3.002,Zhuang-ABCA-1.099,3
2891,scgpt,small_simple_niche_135266499521890624564733261904887163307,Zhuang-ABCA-3.002,Zhuang-ABCA-3.001,3
2892,scgpt,small_simple_niche_135266499521890624564733261904887163307,Zhuang-ABCA-3.002,Zhuang-ABCA-3.004,3
2893,scgpt,small_simple_niche_135266499521890624564733261904887163307,Zhuang-ABCA-3.002,Zhuang-ABCA-3.005,3
2894,gene_expr,small_simple_niche_135266499521890624564733261904887163307,Zhuang-ABCA-3.002,C57BL6J-638850.28,3
2895,gene_expr,small_simple_niche_135266499521890624564733261904887163307,Zhuang-ABCA-3.002,C57BL6J-638850.29,3
2896,gene_expr,small_simple_niche_135266499521890624564733261904887163307,Zhuang-ABCA-3.002,C57BL6J-638850.30,3
2897,gene_expr,small_simple_niche_135266499521890624564733261904887163307,Zhuang-ABCA-3.002,C57BL6J-638850.31,3
2898,gene_expr,small_simple_niche_135266499521890624564733261904887163307,Zhuang-ABCA-3.002,Zhuang-ABCA-1.096,3
2899,gene_expr,small_simple_niche_135266499521890624564733261904887163307,Zhuang-ABCA-3.002,Zhuang-ABCA-1.097,3
2900,gene_expr,small_simple_niche_135266499521890624564733261904887163307,Zhuang-ABCA-3.002,Zhuang-ABCA-1.098,3
2901,gene_expr,small_simple_niche_135266499521890624564733261904887163307,Zhuang-ABCA-3.002,Zhuang-ABCA-1.099,3
2902,gene_expr,small_simple_niche_135266499521890624564733261904887163307,Zhuang-ABCA-3.002,Zhuang-ABCA-3.001,3
2903,gene_expr,small_simple_niche_135266499521890624564733261904887163307,Zhuang-ABCA-3.002,Zhuang-ABCA-3.004,3
2904,gene_expr,small_simple_niche_135266499521890624564733261904887163307,Zhuang-ABCA-3.002,Zhuang-ABCA-3.005,3
2905,quest_gene_expr,small_simple_niche_161462779639356307588319562967715734116,Zhuang-ABCA-3.004,C57BL6J-638850.28,3
2906,quest_gene_expr,small_simple_niche_161462779639356307588319562967715734116,Zhuang-ABCA-3.004,C57BL6J-638850.29,3
2907,quest_gene_expr,small_simple_niche_161462779639356307588319562967715734116,Zhuang-ABCA-3.004,C57BL6J-638850.30,3
2908,quest_gene_expr,small_simple_niche_161462779639356307588319562967715734116,Zhuang-ABCA-3.004,C57BL6J-638850.31,3
2909,quest_gene_expr,small_simple_niche_161462779639356307588319562967715734116,Zhuang-ABCA-3.004,Zhuang-ABCA-1.096,3
2910,quest_gene_expr,small_simple_niche_161462779639356307588319562967715734116,Zhuang-ABCA-3.004,Zhuang-ABCA-1.097,3
2911,quest_gene_expr,small_simple_niche_161462779639356307588319562967715734116,Zhuang-ABCA-3.004,Zhuang-ABCA-1.098,3
2912,quest_gene_expr,small_simple_niche_161462779639356307588319562967715734116,Zhuang-ABCA-3.004,Zhuang-ABCA-1.099,3
2913,quest_gene_expr,small_simple_niche_161462779639356307588319562967715734116,Zhuang-ABCA-3.004,Zhuang-ABCA-3.001,3
2914,quest_gene_expr,small_simple_niche_161462779639356307588319562967715734116,Zhuang-ABCA-3.004,Zhuang-ABCA-3.002,3
2915,quest_gene_expr,small_simple_niche_161462779639356307588319562967715734116,Zhuang-ABCA-3.004,Zhuang-ABCA-3.005,3
2916,quest_scgpt,small_simple_niche_161462779639356307588319562967715734116,Zhuang-ABCA-3.004,C57BL6J-638850.28,3
2917,quest_scgpt,small_simple_niche_161462779639356307588319562967715734116,Zhuang-ABCA-3.004,C57BL6J-638850.29,3
2918,quest_scgpt,small_simple_niche_161462779639356307588319562967715734116,Zhuang-ABCA-3.004,C57BL6J-638850.30,3
2919,quest_scgpt,small_simple_niche_161462779639356307588319562967715734116,Zhuang-ABCA-3.004,C57BL6J-638850.31,3
2920,quest_scgpt,small_simple_niche_161462779639356307588319562967715734116,Zhuang-ABCA-3.004,Zhuang-ABCA-1.096,3
2921,quest_scgpt,small_simple_niche_161462779639356307588319562967715734116,Zhuang-ABCA-3.004,Zhuang-ABCA-1.097,3
2922,quest_scgpt,small_simple_niche_161462779639356307588319562967715734116,Zhuang-ABCA-3.004,Zhuang-ABCA-1.098,3
2923,quest_scgpt,small_simple_niche_161462779639356307588319562967715734116,Zhuang-ABCA-3.004,Zhuang-ABCA-1.099,3
2924,quest_scgpt,small_simple_niche_161462779639356307588319562967715734116,Zhuang-ABCA-3.004,Zhuang-ABCA-3.001,3
2925,quest_scgpt,small_simple_niche_161462779639356307588319562967715734116,Zhuang-ABCA-3.004,Zhuang-ABCA-3.002,3
2926,quest_scgpt,small_simple_niche_161462779639356307588319562967715734116,Zhuang-ABCA-3.004,Zhuang-ABCA-3.005,3
2927,scgpt,small_simple_niche_161462779639356307588319562967715734116,Zhuang-ABCA-3.004,C57BL6J-638850.28,3
2928,scgpt,small_simple_niche_161462779639356307588319562967715734116,Zhuang-ABCA-3.004,C57BL6J-638850.29,3
2929,scgpt,small_simple_niche_161462779639356307588319562967715734116,Zhuang-ABCA-3.004,C57BL6J-638850.30,3
2930,scgpt,small_simple_niche_161462779639356307588319562967715734116,Zhuang-ABCA-3.004,C57BL6J-638850.31,3
2931,scgpt,small_simple_niche_161462779639356307588319562967715734116,Zhuang-ABCA-3.004,Zhuang-ABCA-1.096,3
2932,scgpt,small_simple_niche_161462779639356307588319562967715734116,Zhuang-ABCA-3.004,Zhuang-ABCA-1.097,3
2933,scgpt,small_simple_niche_161462779639356307588319562967715734116,Zhuang-ABCA-3.004,Zhuang-ABCA-1.098,3
2934,scgpt,small_simple_niche_161462779639356307588319562967715734116,Zhuang-ABCA-3.004,Zhuang-ABCA-1.099,3
2935,scgpt,small_simple_niche_161462779639356307588319562967715734116,Zhuang-ABCA-3.004,Zhuang-ABCA-3.001,3
2936,scgpt,small_simple_niche_161462779639356307588319562967715734116,Zhuang-ABCA-3.004,Zhuang-ABCA-3.002,3
2937,scgpt,small_simple_niche_161462779639356307588319562967715734116,Zhuang-ABCA-3.004,Zhuang-ABCA-3.005,3
2938,gene_expr,small_simple_niche_161462779639356307588319562967715734116,Zhuang-ABCA-3.004,C57BL6J-638850.28,3
2939,gene_expr,small_simple_niche_161462779639356307588319562967715734116,Zhuang-ABCA-3.004,C57BL6J-638850.29,3
2940,gene_expr,small_simple_niche_161462779639356307588319562967715734116,Zhuang-ABCA-3.004,C57BL6J-638850.30,3
2941,gene_expr,small_simple_niche_161462779639356307588319562967715734116,Zhuang-ABCA-3.004,C57BL6J-638850.31,3
2942,gene_expr,small_simple_niche_161462779639356307588319562967715734116,Zhuang-ABCA-3.004,Zhuang-ABCA-1.096,3
2943,gene_expr,small_simple_niche_161462779639356307588319562967715734116,Zhuang-ABCA-3.004,Zhuang-ABCA-1.097,3
2944,gene_expr,small_simple_niche_161462779639356307588319562967715734116,Zhuang-ABCA-3.004,Zhuang-ABCA-1.098,3
2945,gene_expr,small_simple_niche_161462779639356307588319562967715734116,Zhuang-ABCA-3.004,Zhuang-ABCA-1.099,3
2946,gene_expr,small_simple_niche_161462779639356307588319562967715734116,Zhuang-ABCA-3.004,Zhuang-ABCA-3.001,3
2947,gene_expr,small_simple_niche_161462779639356307588319562967715734116,Zhuang-ABCA-3.004,Zhuang-ABCA-3.002,3
2948,gene_expr,small_simple_niche_161462779639356307588319562967715734116,Zhuang-ABCA-3.004,Zhuang-ABCA-3.005,3
2949,quest_gene_expr,small_simple_niche_232284527071616768801635674753397366539,Zhuang-ABCA-3.004,C57BL6J-638850.28,3
2950,quest_gene_expr,small_simple_niche_232284527071616768801635674753397366539,Zhuang-ABCA-3.004,C57BL6J-638850.29,3
2951,quest_gene_expr,small_simple_niche_232284527071616768801635674753397366539,Zhuang-ABCA-3.004,C57BL6J-638850.30,3
2952,quest_gene_expr,small_simple_niche_232284527071616768801635674753397366539,Zhuang-ABCA-3.004,C57BL6J-638850.31,3
2953,quest_gene_expr,small_simple_niche_232284527071616768801635674753397366539,Zhuang-ABCA-3.004,Zhuang-ABCA-1.096,3
2954,quest_gene_expr,small_simple_niche_232284527071616768801635674753397366539,Zhuang-ABCA-3.004,Zhuang-ABCA-1.097,3
2955,quest_gene_expr,small_simple_niche_232284527071616768801635674753397366539,Zhuang-ABCA-3.004,Zhuang-ABCA-1.098,3
2956,quest_gene_expr,small_simple_niche_232284527071616768801635674753397366539,Zhuang-ABCA-3.004,Zhuang-ABCA-1.099,3
2957,quest_gene_expr,small_simple_niche_232284527071616768801635674753397366539,Zhuang-ABCA-3.004,Zhuang-ABCA-3.001,3
2958,quest_gene_expr,small_simple_niche_232284527071616768801635674753397366539,Zhuang-ABCA-3.004,Zhuang-ABCA-3.002,3
2959,quest_gene_expr,small_simple_niche_232284527071616768801635674753397366539,Zhuang-ABCA-3.004,Zhuang-ABCA-3.005,3
2960,quest_scgpt,small_simple_niche_232284527071616768801635674753397366539,Zhuang-ABCA-3.004,C57BL6J-638850.28,3
2961,quest_scgpt,small_simple_niche_232284527071616768801635674753397366539,Zhuang-ABCA-3.004,C57BL6J-638850.29,3
2962,quest_scgpt,small_simple_niche_232284527071616768801635674753397366539,Zhuang-ABCA-3.004,C57BL6J-638850.30,3
2963,quest_scgpt,small_simple_niche_232284527071616768801635674753397366539,Zhuang-ABCA-3.004,C57BL6J-638850.31,3
2964,quest_scgpt,small_simple_niche_232284527071616768801635674753397366539,Zhuang-ABCA-3.004,Zhuang-ABCA-1.096,3
2965,quest_scgpt,small_simple_niche_232284527071616768801635674753397366539,Zhuang-ABCA-3.004,Zhuang-ABCA-1.097,3
2966,quest_scgpt,small_simple_niche_232284527071616768801635674753397366539,Zhuang-ABCA-3.004,Zhuang-ABCA-1.098,3
2967,quest_scgpt,small_simple_niche_232284527071616768801635674753397366539,Zhuang-ABCA-3.004,Zhuang-ABCA-1.099,3
2968,quest_scgpt,small_simple_niche_232284527071616768801635674753397366539,Zhuang-ABCA-3.004,Zhuang-ABCA-3.001,3
2969,quest_scgpt,small_simple_niche_232284527071616768801635674753397366539,Zhuang-ABCA-3.004,Zhuang-ABCA-3.002,3
2970,quest_scgpt,small_simple_niche_232284527071616768801635674753397366539,Zhuang-ABCA-3.004,Zhuang-ABCA-3.005,3
2971,scgpt,small_simple_niche_232284527071616768801635674753397366539,Zhuang-ABCA-3.004,C57BL6J-638850.28,3
2972,scgpt,small_simple_niche_232284527071616768801635674753397366539,Zhuang-ABCA-3.004,C57BL6J-638850.29,3
2973,scgpt,small_simple_niche_232284527071616768801635674753397366539,Zhuang-ABCA-3.004,C57BL6J-638850.30,3
2974,scgpt,small_simple_niche_232284527071616768801635674753397366539,Zhuang-ABCA-3.004,C57BL6J-638850.31,3
2975,scgpt,small_simple_niche_232284527071616768801635674753397366539,Zhuang-ABCA-3.004,Zhuang-ABCA-1.096,3
2976,scgpt,small_simple_niche_232284527071616768801635674753397366539,Zhuang-ABCA-3.004,Zhuang-ABCA-1.097,3
2977,scgpt,small_simple_niche_232284527071616768801635674753397366539,Zhuang-ABCA-3.004,Zhuang-ABCA-1.098,3
2978,scgpt,small_simple_niche_232284527071616768801635674753397366539,Zhuang-ABCA-3.004,Zhuang-ABCA-1.099,3
2979,scgpt,small_simple_niche_232284527071616768801635674753397366539,Zhuang-ABCA-3.004,Zhuang-ABCA-3.001,3
2980,scgpt,small_simple_niche_232284527071616768801635674753397366539,Zhuang-ABCA-3.004,Zhuang-ABCA-3.002,3
2981,scgpt,small_simple_niche_232284527071616768801635674753397366539,Zhuang-ABCA-3.004,Zhuang-ABCA-3.005,3
2982,gene_expr,small_simple_niche_232284527071616768801635674753397366539,Zhuang-ABCA-3.004,C57BL6J-638850.28,3
2983,gene_expr,small_simple_niche_232284527071616768801635674753397366539,Zhuang-ABCA-3.004,C57BL6J-638850.29,3
2984,gene_expr,small_simple_niche_232284527071616768801635674753397366539,Zhuang-ABCA-3.004,C57BL6J-638850.30,3
2985,gene_expr,small_simple_niche_232284527071616768801635674753397366539,Zhuang-ABCA-3.004,C57BL6J-638850.31,3
2986,gene_expr,small_simple_niche_232284527071616768801635674753397366539,Zhuang-ABCA-3.004,Zhuang-ABCA-1.096,3
2987,gene_expr,small_simple_niche_232284527071616768801635674753397366539,Zhuang-ABCA-3.004,Zhuang-ABCA-1.097,3
2988,gene_expr,small_simple_niche_232284527071616768801635674753397366539,Zhuang-ABCA-3.004,Zhuang-ABCA-1.098,3
2989,gene_expr,small_simple_niche_232284527071616768801635674753397366539,Zhuang-ABCA-3.004,Zhuang-ABCA-1.099,3
2990,gene_expr,small_simple_niche_232284527071616768801635674753397366539,Zhuang-ABCA-3.004,Zhuang-ABCA-3.001,3
2991,gene_expr,small_simple_niche_232284527071616768801635674753397366539,Zhuang-ABCA-3.004,Zhuang-ABCA-3.002,3
2992,gene_expr,small_simple_niche_232284527071616768801635674753397366539,Zhuang-ABCA-3.004,Zhuang-ABCA-3.005,3
2993,quest_gene_expr,small_simple_niche_271032203966335200172458143307632591963,Zhuang-ABCA-3.004,C57BL6J-638850.28,3
2994,quest_gene_expr,small_simple_niche_271032203966335200172458143307632591963,Zhuang-ABCA-3.004,C57BL6J-638850.29,3
2995,quest_gene_expr,small_simple_niche_271032203966335200172458143307632591963,Zhuang-ABCA-3.004,C57BL6J-638850.30,3
2996,quest_gene_expr,small_simple_niche_271032203966335200172458143307632591963,Zhuang-ABCA-3.004,C57BL6J-638850.31,3
2997,quest_gene_expr,small_simple_niche_271032203966335200172458143307632591963,Zhuang-ABCA-3.004,Zhuang-ABCA-1.096,3
2998,quest_gene_expr,small_simple_niche_271032203966335200172458143307632591963,Zhuang-ABCA-3.004,Zhuang-ABCA-1.097,3
2999,quest_gene_expr,small_simple_niche_271032203966335200172458143307632591963,Zhuang-ABCA-3.004,Zhuang-ABCA-1.098,3
3000,quest_gene_expr,small_simple_niche_271032203966335200172458143307632591963,Zhuang-ABCA-3.004,Zhuang-ABCA-1.099,3
3001,quest_gene_expr,small_simple_niche_271032203966335200172458143307632591963,Zhuang-ABCA-3.004,Zhuang-ABCA-3.001,3
3002,quest_gene_expr,small_simple_niche_271032203966335200172458143307632591963,Zhuang-ABCA-3.004,Zhuang-ABCA-3.002,3
3003,quest_gene_expr,small_simple_niche_271032203966335200172458143307632591963,Zhuang-ABCA-3.004,Zhuang-ABCA-3.005,3
3004,quest_scgpt,small_simple_niche_271032203966335200172458143307632591963,Zhuang-ABCA-3.004,C57BL6J-638850.28,3
3005,quest_scgpt,small_simple_niche_271032203966335200172458143307632591963,Zhuang-ABCA-3.004,C57BL6J-638850.29,3
3006,quest_scgpt,small_simple_niche_271032203966335200172458143307632591963,Zhuang-ABCA-3.004,C57BL6J-638850.30,3
3007,quest_scgpt,small_simple_niche_271032203966335200172458143307632591963,Zhuang-ABCA-3.004,C57BL6J-638850.31,3
3008,quest_scgpt,small_simple_niche_271032203966335200172458143307632591963,Zhuang-ABCA-3.004,Zhuang-ABCA-1.096,3
3009,quest_scgpt,small_simple_niche_271032203966335200172458143307632591963,Zhuang-ABCA-3.004,Zhuang-ABCA-1.097,3
3010,quest_scgpt,small_simple_niche_271032203966335200172458143307632591963,Zhuang-ABCA-3.004,Zhuang-ABCA-1.098,3
3011,quest_scgpt,small_simple_niche_271032203966335200172458143307632591963,Zhuang-ABCA-3.004,Zhuang-ABCA-1.099,3
3012,quest_scgpt,small_simple_niche_271032203966335200172458143307632591963,Zhuang-ABCA-3.004,Zhuang-ABCA-3.001,3
3013,quest_scgpt,small_simple_niche_271032203966335200172458143307632591963,Zhuang-ABCA-3.004,Zhuang-ABCA-3.002,3
3014,quest_scgpt,small_simple_niche_271032203966335200172458143307632591963,Zhuang-ABCA-3.004,Zhuang-ABCA-3.005,3
3015,scgpt,small_simple_niche_271032203966335200172458143307632591963,Zhuang-ABCA-3.004,C57BL6J-638850.28,3
3016,scgpt,small_simple_niche_271032203966335200172458143307632591963,Zhuang-ABCA-3.004,C57BL6J-638850.29,3
3017,scgpt,small_simple_niche_271032203966335200172458143307632591963,Zhuang-ABCA-3.004,C57BL6J-638850.30,3
3018,scgpt,small_simple_niche_271032203966335200172458143307632591963,Zhuang-ABCA-3.004,C57BL6J-638850.31,3
3019,scgpt,small_simple_niche_271032203966335200172458143307632591963,Zhuang-ABCA-3.004,Zhuang-ABCA-1.096,3
3020,scgpt,small_simple_niche_271032203966335200172458143307632591963,Zhuang-ABCA-3.004,Zhuang-ABCA-1.097,3
3021,scgpt,small_simple_niche_271032203966335200172458143307632591963,Zhuang-ABCA-3.004,Zhuang-ABCA-1.098,3
3022,scgpt,small_simple_niche_271032203966335200172458143307632591963,Zhuang-ABCA-3.004,Zhuang-ABCA-1.099,3
3023,scgpt,small_simple_niche_271032203966335200172458143307632591963,Zhuang-ABCA-3.004,Zhuang-ABCA-3.001,3
3024,scgpt,small_simple_niche_271032203966335200172458143307632591963,Zhuang-ABCA-3.004,Zhuang-ABCA-3.002,3
3025,scgpt,small_simple_niche_271032203966335200172458143307632591963,Zhuang-ABCA-3.004,Zhuang-ABCA-3.005,3
3026,gene_expr,small_simple_niche_271032203966335200172458143307632591963,Zhuang-ABCA-3.004,C57BL6J-638850.28,3
3027,gene_expr,small_simple_niche_271032203966335200172458143307632591963,Zhuang-ABCA-3.004,C57BL6J-638850.29,3
3028,gene_expr,small_simple_niche_271032203966335200172458143307632591963,Zhuang-ABCA-3.004,C57BL6J-638850.30,3
3029,gene_expr,small_simple_niche_271032203966335200172458143307632591963,Zhuang-ABCA-3.004,C57BL6J-638850.31,3
3030,gene_expr,small_simple_niche_271032203966335200172458143307632591963,Zhuang-ABCA-3.004,Zhuang-ABCA-1.096,3
3031,gene_expr,small_simple_niche_271032203966335200172458143307632591963,Zhuang-ABCA-3.004,Zhuang-ABCA-1.097,3
3032,gene_expr,small_simple_niche_271032203966335200172458143307632591963,Zhuang-ABCA-3.004,Zhuang-ABCA-1.098,3
3033,gene_expr,small_simple_niche_271032203966335200172458143307632591963,Zhuang-ABCA-3.004,Zhuang-ABCA-1.099,3
3034,gene_expr,small_simple_niche_271032203966335200172458143307632591963,Zhuang-ABCA-3.004,Zhuang-ABCA-3.001,3
3035,gene_expr,small_simple_niche_271032203966335200172458143307632591963,Zhuang-ABCA-3.004,Zhuang-ABCA-3.002,3
3036,gene_expr,small_simple_niche_271032203966335200172458143307632591963,Zhuang-ABCA-3.004,Zhuang-ABCA-3.005,3
3037,quest_gene_expr,small_simple_niche_100572430543595680016848938697419790407,Zhuang-ABCA-3.005,C57BL6J-638850.28,3
3038,quest_gene_expr,small_simple_niche_100572430543595680016848938697419790407,Zhuang-ABCA-3.005,C57BL6J-638850.29,3
3039,quest_gene_expr,small_simple_niche_100572430543595680016848938697419790407,Zhuang-ABCA-3.005,C57BL6J-638850.30,3
3040,quest_gene_expr,small_simple_niche_100572430543595680016848938697419790407,Zhuang-ABCA-3.005,C57BL6J-638850.31,3
3041,quest_gene_expr,small_simple_niche_100572430543595680016848938697419790407,Zhuang-ABCA-3.005,Zhuang-ABCA-1.096,3
3042,quest_gene_expr,small_simple_niche_100572430543595680016848938697419790407,Zhuang-ABCA-3.005,Zhuang-ABCA-1.097,3
3043,quest_gene_expr,small_simple_niche_100572430543595680016848938697419790407,Zhuang-ABCA-3.005,Zhuang-ABCA-1.098,3
3044,quest_gene_expr,small_simple_niche_100572430543595680016848938697419790407,Zhuang-ABCA-3.005,Zhuang-ABCA-1.099,3
3045,quest_gene_expr,small_simple_niche_100572430543595680016848938697419790407,Zhuang-ABCA-3.005,Zhuang-ABCA-3.001,3
3046,quest_gene_expr,small_simple_niche_100572430543595680016848938697419790407,Zhuang-ABCA-3.005,Zhuang-ABCA-3.002,3
3047,quest_gene_expr,small_simple_niche_100572430543595680016848938697419790407,Zhuang-ABCA-3.005,Zhuang-ABCA-3.004,3
3048,quest_scgpt,small_simple_niche_100572430543595680016848938697419790407,Zhuang-ABCA-3.005,C57BL6J-638850.28,3
3049,quest_scgpt,small_simple_niche_100572430543595680016848938697419790407,Zhuang-ABCA-3.005,C57BL6J-638850.29,3
3050,quest_scgpt,small_simple_niche_100572430543595680016848938697419790407,Zhuang-ABCA-3.005,C57BL6J-638850.30,3
3051,quest_scgpt,small_simple_niche_100572430543595680016848938697419790407,Zhuang-ABCA-3.005,C57BL6J-638850.31,3
3052,quest_scgpt,small_simple_niche_100572430543595680016848938697419790407,Zhuang-ABCA-3.005,Zhuang-ABCA-1.096,3
3053,quest_scgpt,small_simple_niche_100572430543595680016848938697419790407,Zhuang-ABCA-3.005,Zhuang-ABCA-1.097,3
3054,quest_scgpt,small_simple_niche_100572430543595680016848938697419790407,Zhuang-ABCA-3.005,Zhuang-ABCA-1.098,3
3055,quest_scgpt,small_simple_niche_100572430543595680016848938697419790407,Zhuang-ABCA-3.005,Zhuang-ABCA-1.099,3
3056,quest_scgpt,small_simple_niche_100572430543595680016848938697419790407,Zhuang-ABCA-3.005,Zhuang-ABCA-3.001,3
3057,quest_scgpt,small_simple_niche_100572430543595680016848938697419790407,Zhuang-ABCA-3.005,Zhuang-ABCA-3.002,3
3058,quest_scgpt,small_simple_niche_100572430543595680016848938697419790407,Zhuang-ABCA-3.005,Zhuang-ABCA-3.004,3
3059,scgpt,small_simple_niche_100572430543595680016848938697419790407,Zhuang-ABCA-3.005,C57BL6J-638850.28,3
3060,scgpt,small_simple_niche_100572430543595680016848938697419790407,Zhuang-ABCA-3.005,C57BL6J-638850.29,3
3061,scgpt,small_simple_niche_100572430543595680016848938697419790407,Zhuang-ABCA-3.005,C57BL6J-638850.30,3
3062,scgpt,small_simple_niche_100572430543595680016848938697419790407,Zhuang-ABCA-3.005,C57BL6J-638850.31,3
3063,scgpt,small_simple_niche_100572430543595680016848938697419790407,Zhuang-ABCA-3.005,Zhuang-ABCA-1.096,3
3064,scgpt,small_simple_niche_100572430543595680016848938697419790407,Zhuang-ABCA-3.005,Zhuang-ABCA-1.097,3
3065,scgpt,small_simple_niche_100572430543595680016848938697419790407,Zhuang-ABCA-3.005,Zhuang-ABCA-1.098,3
3066,scgpt,small_simple_niche_100572430543595680016848938697419790407,Zhuang-ABCA-3.005,Zhuang-ABCA-1.099,3
3067,scgpt,small_simple_niche_100572430543595680016848938697419790407,Zhuang-ABCA-3.005,Zhuang-ABCA-3.001,3
3068,scgpt,small_simple_niche_100572430543595680016848938697419790407,Zhuang-ABCA-3.005,Zhuang-ABCA-3.002,3
3069,scgpt,small_simple_niche_100572430543595680016848938697419790407,Zhuang-ABCA-3.005,Zhuang-ABCA-3.004,3
3070,gene_expr,small_simple_niche_100572430543595680016848938697419790407,Zhuang-ABCA-3.005,C57BL6J-638850.28,3
3071,gene_expr,small_simple_niche_100572430543595680016848938697419790407,Zhuang-ABCA-3.005,C57BL6J-638850.29,3
3072,gene_expr,small_simple_niche_100572430543595680016848938697419790407,Zhuang-ABCA-3.005,C57BL6J-638850.30,3
3073,gene_expr,small_simple_niche_100572430543595680016848938697419790407,Zhuang-ABCA-3.005,C57BL6J-638850.31,3
3074,gene_expr,small_simple_niche_100572430543595680016848938697419790407,Zhuang-ABCA-3.005,Zhuang-ABCA-1.096,3
3075,gene_expr,small_simple_niche_100572430543595680016848938697419790407,Zhuang-ABCA-3.005,Zhuang-ABCA-1.097,3
3076,gene_expr,small_simple_niche_100572430543595680016848938697419790407,Zhuang-ABCA-3.005,Zhuang-ABCA-1.098,3
3077,gene_expr,small_simple_niche_100572430543595680016848938697419790407,Zhuang-ABCA-3.005,Zhuang-ABCA-1.099,3
3078,gene_expr,small_simple_niche_100572430543595680016848938697419790407,Zhuang-ABCA-3.005,Zhuang-ABCA-3.001,3
3079,gene_expr,small_simple_niche_100572430543595680016848938697419790407,Zhuang-ABCA-3.005,Zhuang-ABCA-3.002,3
3080,gene_expr,small_simple_niche_100572430543595680016848938697419790407,Zhuang-ABCA-3.005,Zhuang-ABCA-3.004,3
3081,quest_gene_expr,median_simple_niche_1019171910101420741,C57BL6J-638850.28,C57BL6J-638850.29,3
3082,quest_gene_expr,median_simple_niche_1019171910101420741,C57BL6J-638850.28,C57BL6J-638850.30,3
3083,quest_gene_expr,median_simple_niche_1019171910101420741,C57BL6J-638850.28,C57BL6J-638850.31,3
3084,quest_gene_expr,median_simple_niche_1019171910101420741,C57BL6J-638850.28,Zhuang-ABCA-1.096,3
3085,quest_gene_expr,median_simple_niche_1019171910101420741,C57BL6J-638850.28,Zhuang-ABCA-1.097,3
3086,quest_gene_expr,median_simple_niche_1019171910101420741,C57BL6J-638850.28,Zhuang-ABCA-1.098,3
3087,quest_gene_expr,median_simple_niche_1019171910101420741,C57BL6J-638850.28,Zhuang-ABCA-1.099,3
3088,quest_gene_expr,median_simple_niche_1019171910101420741,C57BL6J-638850.28,Zhuang-ABCA-3.001,3
3089,quest_gene_expr,median_simple_niche_1019171910101420741,C57BL6J-638850.28,Zhuang-ABCA-3.002,3
3090,quest_gene_expr,median_simple_niche_1019171910101420741,C57BL6J-638850.28,Zhuang-ABCA-3.004,3
3091,quest_gene_expr,median_simple_niche_1019171910101420741,C57BL6J-638850.28,Zhuang-ABCA-3.005,3
3092,quest_scgpt,median_simple_niche_1019171910101420741,C57BL6J-638850.28,C57BL6J-638850.29,3
3093,quest_scgpt,median_simple_niche_1019171910101420741,C57BL6J-638850.28,C57BL6J-638850.30,3
3094,quest_scgpt,median_simple_niche_1019171910101420741,C57BL6J-638850.28,C57BL6J-638850.31,3
3095,quest_scgpt,median_simple_niche_1019171910101420741,C57BL6J-638850.28,Zhuang-ABCA-1.096,3
3096,quest_scgpt,median_simple_niche_1019171910101420741,C57BL6J-638850.28,Zhuang-ABCA-1.097,3
3097,quest_scgpt,median_simple_niche_1019171910101420741,C57BL6J-638850.28,Zhuang-ABCA-1.098,3
3098,quest_scgpt,median_simple_niche_1019171910101420741,C57BL6J-638850.28,Zhuang-ABCA-1.099,3
3099,quest_scgpt,median_simple_niche_1019171910101420741,C57BL6J-638850.28,Zhuang-ABCA-3.001,3
3100,quest_scgpt,median_simple_niche_1019171910101420741,C57BL6J-638850.28,Zhuang-ABCA-3.002,3
3101,quest_scgpt,median_simple_niche_1019171910101420741,C57BL6J-638850.28,Zhuang-ABCA-3.004,3
3102,quest_scgpt,median_simple_niche_1019171910101420741,C57BL6J-638850.28,Zhuang-ABCA-3.005,3
3103,scgpt,median_simple_niche_1019171910101420741,C57BL6J-638850.28,C57BL6J-638850.29,3
3104,scgpt,median_simple_niche_1019171910101420741,C57BL6J-638850.28,C57BL6J-638850.30,3
3105,scgpt,median_simple_niche_1019171910101420741,C57BL6J-638850.28,C57BL6J-638850.31,3
3106,scgpt,median_simple_niche_1019171910101420741,C57BL6J-638850.28,Zhuang-ABCA-1.096,3
3107,scgpt,median_simple_niche_1019171910101420741,C57BL6J-638850.28,Zhuang-ABCA-1.097,3
3108,scgpt,median_simple_niche_1019171910101420741,C57BL6J-638850.28,Zhuang-ABCA-1.098,3
3109,scgpt,median_simple_niche_1019171910101420741,C57BL6J-638850.28,Zhuang-ABCA-1.099,3
3110,scgpt,median_simple_niche_1019171910101420741,C57BL6J-638850.28,Zhuang-ABCA-3.001,3
3111,scgpt,median_simple_niche_1019171910101420741,C57BL6J-638850.28,Zhuang-ABCA-3.002,3
3112,scgpt,median_simple_niche_1019171910101420741,C57BL6J-638850.28,Zhuang-ABCA-3.004,3
3113,scgpt,median_simple_niche_1019171910101420741,C57BL6J-638850.28,Zhuang-ABCA-3.005,3
3114,gene_expr,median_simple_niche_1019171910101420741,C57BL6J-638850.28,C57BL6J-638850.29,3
3115,gene_expr,median_simple_niche_1019171910101420741,C57BL6J-638850.28,C57BL6J-638850.30,3
3116,gene_expr,median_simple_niche_1019171910101420741,C57BL6J-638850.28,C57BL6J-638850.31,3
3117,gene_expr,median_simple_niche_1019171910101420741,C57BL6J-638850.28,Zhuang-ABCA-1.096,3
3118,gene_expr,median_simple_niche_1019171910101420741,C57BL6J-638850.28,Zhuang-ABCA-1.097,3
3119,gene_expr,median_simple_niche_1019171910101420741,C57BL6J-638850.28,Zhuang-ABCA-1.098,3
3120,gene_expr,median_simple_niche_1019171910101420741,C57BL6J-638850.28,Zhuang-ABCA-1.099,3
3121,gene_expr,median_simple_niche_1019171910101420741,C57BL6J-638850.28,Zhuang-ABCA-3.001,3
3122,gene_expr,median_simple_niche_1019171910101420741,C57BL6J-638850.28,Zhuang-ABCA-3.002,3
3123,gene_expr,median_simple_niche_1019171910101420741,C57BL6J-638850.28,Zhuang-ABCA-3.004,3
3124,gene_expr,median_simple_niche_1019171910101420741,C57BL6J-638850.28,Zhuang-ABCA-3.005,3
3125,quest_gene_expr,median_simple_niche_1019171910101760420,C57BL6J-638850.28,C57BL6J-638850.29,3
3126,quest_gene_expr,median_simple_niche_1019171910101760420,C57BL6J-638850.28,C57BL6J-638850.30,3
3127,quest_gene_expr,median_simple_niche_1019171910101760420,C57BL6J-638850.28,C57BL6J-638850.31,3
3128,quest_gene_expr,median_simple_niche_1019171910101760420,C57BL6J-638850.28,Zhuang-ABCA-1.096,3
3129,quest_gene_expr,median_simple_niche_1019171910101760420,C57BL6J-638850.28,Zhuang-ABCA-1.097,3
3130,quest_gene_expr,median_simple_niche_1019171910101760420,C57BL6J-638850.28,Zhuang-ABCA-1.098,3
3131,quest_gene_expr,median_simple_niche_1019171910101760420,C57BL6J-638850.28,Zhuang-ABCA-1.099,3
3132,quest_gene_expr,median_simple_niche_1019171910101760420,C57BL6J-638850.28,Zhuang-ABCA-3.001,3
3133,quest_gene_expr,median_simple_niche_1019171910101760420,C57BL6J-638850.28,Zhuang-ABCA-3.002,3
3134,quest_gene_expr,median_simple_niche_1019171910101760420,C57BL6J-638850.28,Zhuang-ABCA-3.004,3
3135,quest_gene_expr,median_simple_niche_1019171910101760420,C57BL6J-638850.28,Zhuang-ABCA-3.005,3
3136,quest_scgpt,median_simple_niche_1019171910101760420,C57BL6J-638850.28,C57BL6J-638850.29,3
3137,quest_scgpt,median_simple_niche_1019171910101760420,C57BL6J-638850.28,C57BL6J-638850.30,3
3138,quest_scgpt,median_simple_niche_1019171910101760420,C57BL6J-638850.28,C57BL6J-638850.31,3
3139,quest_scgpt,median_simple_niche_1019171910101760420,C57BL6J-638850.28,Zhuang-ABCA-1.096,3
3140,quest_scgpt,median_simple_niche_1019171910101760420,C57BL6J-638850.28,Zhuang-ABCA-1.097,3
3141,quest_scgpt,median_simple_niche_1019171910101760420,C57BL6J-638850.28,Zhuang-ABCA-1.098,3
3142,quest_scgpt,median_simple_niche_1019171910101760420,C57BL6J-638850.28,Zhuang-ABCA-1.099,3
3143,quest_scgpt,median_simple_niche_1019171910101760420,C57BL6J-638850.28,Zhuang-ABCA-3.001,3
3144,quest_scgpt,median_simple_niche_1019171910101760420,C57BL6J-638850.28,Zhuang-ABCA-3.002,3
3145,quest_scgpt,median_simple_niche_1019171910101760420,C57BL6J-638850.28,Zhuang-ABCA-3.004,3
3146,quest_scgpt,median_simple_niche_1019171910101760420,C57BL6J-638850.28,Zhuang-ABCA-3.005,3
3147,scgpt,median_simple_niche_1019171910101760420,C57BL6J-638850.28,C57BL6J-638850.29,3
3148,scgpt,median_simple_niche_1019171910101760420,C57BL6J-638850.28,C57BL6J-638850.30,3
3149,scgpt,median_simple_niche_1019171910101760420,C57BL6J-638850.28,C57BL6J-638850.31,3
3150,scgpt,median_simple_niche_1019171910101760420,C57BL6J-638850.28,Zhuang-ABCA-1.096,3
3151,scgpt,median_simple_niche_1019171910101760420,C57BL6J-638850.28,Zhuang-ABCA-1.097,3
3152,scgpt,median_simple_niche_1019171910101760420,C57BL6J-638850.28,Zhuang-ABCA-1.098,3
3153,scgpt,median_simple_niche_1019171910101760420,C57BL6J-638850.28,Zhuang-ABCA-1.099,3
3154,scgpt,median_simple_niche_1019171910101760420,C57BL6J-638850.28,Zhuang-ABCA-3.001,3
3155,scgpt,median_simple_niche_1019171910101760420,C57BL6J-638850.28,Zhuang-ABCA-3.002,3
3156,scgpt,median_simple_niche_1019171910101760420,C57BL6J-638850.28,Zhuang-ABCA-3.004,3
3157,scgpt,median_simple_niche_1019171910101760420,C57BL6J-638850.28,Zhuang-ABCA-3.005,3
3158,gene_expr,median_simple_niche_1019171910101760420,C57BL6J-638850.28,C57BL6J-638850.29,3
3159,gene_expr,median_simple_niche_1019171910101760420,C57BL6J-638850.28,C57BL6J-638850.30,3
3160,gene_expr,median_simple_niche_1019171910101760420,C57BL6J-638850.28,C57BL6J-638850.31,3
3161,gene_expr,median_simple_niche_1019171910101760420,C57BL6J-638850.28,Zhuang-ABCA-1.096,3
3162,gene_expr,median_simple_niche_1019171910101760420,C57BL6J-638850.28,Zhuang-ABCA-1.097,3
3163,gene_expr,median_simple_niche_1019171910101760420,C57BL6J-638850.28,Zhuang-ABCA-1.098,3
3164,gene_expr,median_simple_niche_1019171910101760420,C57BL6J-638850.28,Zhuang-ABCA-1.099,3
3165,gene_expr,median_simple_niche_1019171910101760420,C57BL6J-638850.28,Zhuang-ABCA-3.001,3
3166,gene_expr,median_simple_niche_1019171910101760420,C57BL6J-638850.28,Zhuang-ABCA-3.002,3
3167,gene_expr,median_simple_niche_1019171910101760420,C57BL6J-638850.28,Zhuang-ABCA-3.004,3
3168,gene_expr,median_simple_niche_1019171910101760420,C57BL6J-638850.28,Zhuang-ABCA-3.005,3
3169,quest_gene_expr,median_simple_niche_1019171910102020454,C57BL6J-638850.28,C57BL6J-638850.29,3
3170,quest_gene_expr,median_simple_niche_1019171910102020454,C57BL6J-638850.28,C57BL6J-638850.30,3
3171,quest_gene_expr,median_simple_niche_1019171910102020454,C57BL6J-638850.28,C57BL6J-638850.31,3
3172,quest_gene_expr,median_simple_niche_1019171910102020454,C57BL6J-638850.28,Zhuang-ABCA-1.096,3
3173,quest_gene_expr,median_simple_niche_1019171910102020454,C57BL6J-638850.28,Zhuang-ABCA-1.097,3
3174,quest_gene_expr,median_simple_niche_1019171910102020454,C57BL6J-638850.28,Zhuang-ABCA-1.098,3
3175,quest_gene_expr,median_simple_niche_1019171910102020454,C57BL6J-638850.28,Zhuang-ABCA-1.099,3
3176,quest_gene_expr,median_simple_niche_1019171910102020454,C57BL6J-638850.28,Zhuang-ABCA-3.001,3
3177,quest_gene_expr,median_simple_niche_1019171910102020454,C57BL6J-638850.28,Zhuang-ABCA-3.002,3
3178,quest_gene_expr,median_simple_niche_1019171910102020454,C57BL6J-638850.28,Zhuang-ABCA-3.004,3
3179,quest_gene_expr,median_simple_niche_1019171910102020454,C57BL6J-638850.28,Zhuang-ABCA-3.005,3
3180,quest_scgpt,median_simple_niche_1019171910102020454,C57BL6J-638850.28,C57BL6J-638850.29,3
3181,quest_scgpt,median_simple_niche_1019171910102020454,C57BL6J-638850.28,C57BL6J-638850.30,3
3182,quest_scgpt,median_simple_niche_1019171910102020454,C57BL6J-638850.28,C57BL6J-638850.31,3
3183,quest_scgpt,median_simple_niche_1019171910102020454,C57BL6J-638850.28,Zhuang-ABCA-1.096,3
3184,quest_scgpt,median_simple_niche_1019171910102020454,C57BL6J-638850.28,Zhuang-ABCA-1.097,3
3185,quest_scgpt,median_simple_niche_1019171910102020454,C57BL6J-638850.28,Zhuang-ABCA-1.098,3
3186,quest_scgpt,median_simple_niche_1019171910102020454,C57BL6J-638850.28,Zhuang-ABCA-1.099,3
3187,quest_scgpt,median_simple_niche_1019171910102020454,C57BL6J-638850.28,Zhuang-ABCA-3.001,3
3188,quest_scgpt,median_simple_niche_1019171910102020454,C57BL6J-638850.28,Zhuang-ABCA-3.002,3
3189,quest_scgpt,median_simple_niche_1019171910102020454,C57BL6J-638850.28,Zhuang-ABCA-3.004,3
3190,quest_scgpt,median_simple_niche_1019171910102020454,C57BL6J-638850.28,Zhuang-ABCA-3.005,3
3191,scgpt,median_simple_niche_1019171910102020454,C57BL6J-638850.28,C57BL6J-638850.29,3
3192,scgpt,median_simple_niche_1019171910102020454,C57BL6J-638850.28,C57BL6J-638850.30,3
3193,scgpt,median_simple_niche_1019171910102020454,C57BL6J-638850.28,C57BL6J-638850.31,3
3194,scgpt,median_simple_niche_1019171910102020454,C57BL6J-638850.28,Zhuang-ABCA-1.096,3
3195,scgpt,median_simple_niche_1019171910102020454,C57BL6J-638850.28,Zhuang-ABCA-1.097,3
3196,scgpt,median_simple_niche_1019171910102020454,C57BL6J-638850.28,Zhuang-ABCA-1.098,3
3197,scgpt,median_simple_niche_1019171910102020454,C57BL6J-638850.28,Zhuang-ABCA-1.099,3
3198,scgpt,median_simple_niche_1019171910102020454,C57BL6J-638850.28,Zhuang-ABCA-3.001,3
3199,scgpt,median_simple_niche_1019171910102020454,C57BL6J-638850.28,Zhuang-ABCA-3.002,3
3200,scgpt,median_simple_niche_1019171910102020454,C57BL6J-638850.28,Zhuang-ABCA-3.004,3
3201,scgpt,median_simple_niche_1019171910102020454,C57BL6J-638850.28,Zhuang-ABCA-3.005,3
3202,gene_expr,median_simple_niche_1019171910102020454,C57BL6J-638850.28,C57BL6J-638850.29,3
3203,gene_expr,median_simple_niche_1019171910102020454,C57BL6J-638850.28,C57BL6J-638850.30,3
3204,gene_expr,median_simple_niche_1019171910102020454,C57BL6J-638850.28,C57BL6J-638850.31,3
3205,gene_expr,median_simple_niche_1019171910102020454,C57BL6J-638850.28,Zhuang-ABCA-1.096,3
3206,gene_expr,median_simple_niche_1019171910102020454,C57BL6J-638850.28,Zhuang-ABCA-1.097,3
3207,gene_expr,median_simple_niche_1019171910102020454,C57BL6J-638850.28,Zhuang-ABCA-1.098,3
3208,gene_expr,median_simple_niche_1019171910102020454,C57BL6J-638850.28,Zhuang-ABCA-1.099,3
3209,gene_expr,median_simple_niche_1019171910102020454,C57BL6J-638850.28,Zhuang-ABCA-3.001,3
3210,gene_expr,median_simple_niche_1019171910102020454,C57BL6J-638850.28,Zhuang-ABCA-3.002,3
3211,gene_expr,median_simple_niche_1019171910102020454,C57BL6J-638850.28,Zhuang-ABCA-3.004,3
3212,gene_expr,median_simple_niche_1019171910102020454,C57BL6J-638850.28,Zhuang-ABCA-3.005,3
3213,quest_gene_expr,median_simple_niche_1019171910102590036,C57BL6J-638850.28,C57BL6J-638850.29,3
3214,quest_gene_expr,median_simple_niche_1019171910102590036,C57BL6J-638850.28,C57BL6J-638850.30,3
3215,quest_gene_expr,median_simple_niche_1019171910102590036,C57BL6J-638850.28,C57BL6J-638850.31,3
3216,quest_gene_expr,median_simple_niche_1019171910102590036,C57BL6J-638850.28,Zhuang-ABCA-1.096,3
3217,quest_gene_expr,median_simple_niche_1019171910102590036,C57BL6J-638850.28,Zhuang-ABCA-1.097,3
3218,quest_gene_expr,median_simple_niche_1019171910102590036,C57BL6J-638850.28,Zhuang-ABCA-1.098,3
3219,quest_gene_expr,median_simple_niche_1019171910102590036,C57BL6J-638850.28,Zhuang-ABCA-1.099,3
3220,quest_gene_expr,median_simple_niche_1019171910102590036,C57BL6J-638850.28,Zhuang-ABCA-3.001,3
3221,quest_gene_expr,median_simple_niche_1019171910102590036,C57BL6J-638850.28,Zhuang-ABCA-3.002,3
3222,quest_gene_expr,median_simple_niche_1019171910102590036,C57BL6J-638850.28,Zhuang-ABCA-3.004,3
3223,quest_gene_expr,median_simple_niche_1019171910102590036,C57BL6J-638850.28,Zhuang-ABCA-3.005,3
3224,quest_scgpt,median_simple_niche_1019171910102590036,C57BL6J-638850.28,C57BL6J-638850.29,3
3225,quest_scgpt,median_simple_niche_1019171910102590036,C57BL6J-638850.28,C57BL6J-638850.30,3
3226,quest_scgpt,median_simple_niche_1019171910102590036,C57BL6J-638850.28,C57BL6J-638850.31,3
3227,quest_scgpt,median_simple_niche_1019171910102590036,C57BL6J-638850.28,Zhuang-ABCA-1.096,3
3228,quest_scgpt,median_simple_niche_1019171910102590036,C57BL6J-638850.28,Zhuang-ABCA-1.097,3
3229,quest_scgpt,median_simple_niche_1019171910102590036,C57BL6J-638850.28,Zhuang-ABCA-1.098,3
3230,quest_scgpt,median_simple_niche_1019171910102590036,C57BL6J-638850.28,Zhuang-ABCA-1.099,3
3231,quest_scgpt,median_simple_niche_1019171910102590036,C57BL6J-638850.28,Zhuang-ABCA-3.001,3
3232,quest_scgpt,median_simple_niche_1019171910102590036,C57BL6J-638850.28,Zhuang-ABCA-3.002,3
3233,quest_scgpt,median_simple_niche_1019171910102590036,C57BL6J-638850.28,Zhuang-ABCA-3.004,3
3234,quest_scgpt,median_simple_niche_1019171910102590036,C57BL6J-638850.28,Zhuang-ABCA-3.005,3
3235,scgpt,median_simple_niche_1019171910102590036,C57BL6J-638850.28,C57BL6J-638850.29,3
3236,scgpt,median_simple_niche_1019171910102590036,C57BL6J-638850.28,C57BL6J-638850.30,3
3237,scgpt,median_simple_niche_1019171910102590036,C57BL6J-638850.28,C57BL6J-638850.31,3
3238,scgpt,median_simple_niche_1019171910102590036,C57BL6J-638850.28,Zhuang-ABCA-1.096,3
3239,scgpt,median_simple_niche_1019171910102590036,C57BL6J-638850.28,Zhuang-ABCA-1.097,3
3240,scgpt,median_simple_niche_1019171910102590036,C57BL6J-638850.28,Zhuang-ABCA-1.098,3
3241,scgpt,median_simple_niche_1019171910102590036,C57BL6J-638850.28,Zhuang-ABCA-1.099,3
3242,scgpt,median_simple_niche_1019171910102590036,C57BL6J-638850.28,Zhuang-ABCA-3.001,3
3243,scgpt,median_simple_niche_1019171910102590036,C57BL6J-638850.28,Zhuang-ABCA-3.002,3
3244,scgpt,median_simple_niche_1019171910102590036,C57BL6J-638850.28,Zhuang-ABCA-3.004,3
3245,scgpt,median_simple_niche_1019171910102590036,C57BL6J-638850.28,Zhuang-ABCA-3.005,3
3246,gene_expr,median_simple_niche_1019171910102590036,C57BL6J-638850.28,C57BL6J-638850.29,3
3247,gene_expr,median_simple_niche_1019171910102590036,C57BL6J-638850.28,C57BL6J-638850.30,3
3248,gene_expr,median_simple_niche_1019171910102590036,C57BL6J-638850.28,C57BL6J-638850.31,3
3249,gene_expr,median_simple_niche_1019171910102590036,C57BL6J-638850.28,Zhuang-ABCA-1.096,3
3250,gene_expr,median_simple_niche_1019171910102590036,C57BL6J-638850.28,Zhuang-ABCA-1.097,3
3251,gene_expr,median_simple_niche_1019171910102590036,C57BL6J-638850.28,Zhuang-ABCA-1.098,3
3252,gene_expr,median_simple_niche_1019171910102590036,C57BL6J-638850.28,Zhuang-ABCA-1.099,3
3253,gene_expr,median_simple_niche_1019171910102590036,C57BL6J-638850.28,Zhuang-ABCA-3.001,3
3254,gene_expr,median_simple_niche_1019171910102590036,C57BL6J-638850.28,Zhuang-ABCA-3.002,3
3255,gene_expr,median_simple_niche_1019171910102590036,C57BL6J-638850.28,Zhuang-ABCA-3.004,3
3256,gene_expr,median_simple_niche_1019171910102590036,C57BL6J-638850.28,Zhuang-ABCA-3.005,3
3257,quest_gene_expr,median_simple_niche_1019171907101550547,C57BL6J-638850.29,C57BL6J-638850.28,3
3258,quest_gene_expr,median_simple_niche_1019171907101550547,C57BL6J-638850.29,C57BL6J-638850.30,3
3259,quest_gene_expr,median_simple_niche_1019171907101550547,C57BL6J-638850.29,C57BL6J-638850.31,3
3260,quest_gene_expr,median_simple_niche_1019171907101550547,C57BL6J-638850.29,Zhuang-ABCA-1.096,3
3261,quest_gene_expr,median_simple_niche_1019171907101550547,C57BL6J-638850.29,Zhuang-ABCA-1.097,3
3262,quest_gene_expr,median_simple_niche_1019171907101550547,C57BL6J-638850.29,Zhuang-ABCA-1.098,3
3263,quest_gene_expr,median_simple_niche_1019171907101550547,C57BL6J-638850.29,Zhuang-ABCA-1.099,3
3264,quest_gene_expr,median_simple_niche_1019171907101550547,C57BL6J-638850.29,Zhuang-ABCA-3.001,3
3265,quest_gene_expr,median_simple_niche_1019171907101550547,C57BL6J-638850.29,Zhuang-ABCA-3.002,3
3266,quest_gene_expr,median_simple_niche_1019171907101550547,C57BL6J-638850.29,Zhuang-ABCA-3.004,3
3267,quest_gene_expr,median_simple_niche_1019171907101550547,C57BL6J-638850.29,Zhuang-ABCA-3.005,3
3268,quest_scgpt,median_simple_niche_1019171907101550547,C57BL6J-638850.29,C57BL6J-638850.28,3
3269,quest_scgpt,median_simple_niche_1019171907101550547,C57BL6J-638850.29,C57BL6J-638850.30,3
3270,quest_scgpt,median_simple_niche_1019171907101550547,C57BL6J-638850.29,C57BL6J-638850.31,3
3271,quest_scgpt,median_simple_niche_1019171907101550547,C57BL6J-638850.29,Zhuang-ABCA-1.096,3
3272,quest_scgpt,median_simple_niche_1019171907101550547,C57BL6J-638850.29,Zhuang-ABCA-1.097,3
3273,quest_scgpt,median_simple_niche_1019171907101550547,C57BL6J-638850.29,Zhuang-ABCA-1.098,3
3274,quest_scgpt,median_simple_niche_1019171907101550547,C57BL6J-638850.29,Zhuang-ABCA-1.099,3
3275,quest_scgpt,median_simple_niche_1019171907101550547,C57BL6J-638850.29,Zhuang-ABCA-3.001,3
3276,quest_scgpt,median_simple_niche_1019171907101550547,C57BL6J-638850.29,Zhuang-ABCA-3.002,3
3277,quest_scgpt,median_simple_niche_1019171907101550547,C57BL6J-638850.29,Zhuang-ABCA-3.004,3
3278,quest_scgpt,median_simple_niche_1019171907101550547,C57BL6J-638850.29,Zhuang-ABCA-3.005,3
3279,scgpt,median_simple_niche_1019171907101550547,C57BL6J-638850.29,C57BL6J-638850.28,3
3280,scgpt,median_simple_niche_1019171907101550547,C57BL6J-638850.29,C57BL6J-638850.30,3
3281,scgpt,median_simple_niche_1019171907101550547,C57BL6J-638850.29,C57BL6J-638850.31,3
3282,scgpt,median_simple_niche_1019171907101550547,C57BL6J-638850.29,Zhuang-ABCA-1.096,3
3283,scgpt,median_simple_niche_1019171907101550547,C57BL6J-638850.29,Zhuang-ABCA-1.097,3
3284,scgpt,median_simple_niche_1019171907101550547,C57BL6J-638850.29,Zhuang-ABCA-1.098,3
3285,scgpt,median_simple_niche_1019171907101550547,C57BL6J-638850.29,Zhuang-ABCA-1.099,3
3286,scgpt,median_simple_niche_1019171907101550547,C57BL6J-638850.29,Zhuang-ABCA-3.001,3
3287,scgpt,median_simple_niche_1019171907101550547,C57BL6J-638850.29,Zhuang-ABCA-3.002,3
3288,scgpt,median_simple_niche_1019171907101550547,C57BL6J-638850.29,Zhuang-ABCA-3.004,3
3289,scgpt,median_simple_niche_1019171907101550547,C57BL6J-638850.29,Zhuang-ABCA-3.005,3
3290,gene_expr,median_simple_niche_1019171907101550547,C57BL6J-638850.29,C57BL6J-638850.28,3
3291,gene_expr,median_simple_niche_1019171907101550547,C57BL6J-638850.29,C57BL6J-638850.30,3
3292,gene_expr,median_simple_niche_1019171907101550547,C57BL6J-638850.29,C57BL6J-638850.31,3
3293,gene_expr,median_simple_niche_1019171907101550547,C57BL6J-638850.29,Zhuang-ABCA-1.096,3
3294,gene_expr,median_simple_niche_1019171907101550547,C57BL6J-638850.29,Zhuang-ABCA-1.097,3
3295,gene_expr,median_simple_niche_1019171907101550547,C57BL6J-638850.29,Zhuang-ABCA-1.098,3
3296,gene_expr,median_simple_niche_1019171907101550547,C57BL6J-638850.29,Zhuang-ABCA-1.099,3
3297,gene_expr,median_simple_niche_1019171907101550547,C57BL6J-638850.29,Zhuang-ABCA-3.001,3
3298,gene_expr,median_simple_niche_1019171907101550547,C57BL6J-638850.29,Zhuang-ABCA-3.002,3
3299,gene_expr,median_simple_niche_1019171907101550547,C57BL6J-638850.29,Zhuang-ABCA-3.004,3
3300,gene_expr,median_simple_niche_1019171907101550547,C57BL6J-638850.29,Zhuang-ABCA-3.005,3
3301,quest_gene_expr,median_simple_niche_1019171907101610134,C57BL6J-638850.29,C57BL6J-638850.28,3
3302,quest_gene_expr,median_simple_niche_1019171907101610134,C57BL6J-638850.29,C57BL6J-638850.30,3
3303,quest_gene_expr,median_simple_niche_1019171907101610134,C57BL6J-638850.29,C57BL6J-638850.31,3
3304,quest_gene_expr,median_simple_niche_1019171907101610134,C57BL6J-638850.29,Zhuang-ABCA-1.096,3
3305,quest_gene_expr,median_simple_niche_1019171907101610134,C57BL6J-638850.29,Zhuang-ABCA-1.097,3
3306,quest_gene_expr,median_simple_niche_1019171907101610134,C57BL6J-638850.29,Zhuang-ABCA-1.098,3
3307,quest_gene_expr,median_simple_niche_1019171907101610134,C57BL6J-638850.29,Zhuang-ABCA-1.099,3
3308,quest_gene_expr,median_simple_niche_1019171907101610134,C57BL6J-638850.29,Zhuang-ABCA-3.001,3
3309,quest_gene_expr,median_simple_niche_1019171907101610134,C57BL6J-638850.29,Zhuang-ABCA-3.002,3
3310,quest_gene_expr,median_simple_niche_1019171907101610134,C57BL6J-638850.29,Zhuang-ABCA-3.004,3
3311,quest_gene_expr,median_simple_niche_1019171907101610134,C57BL6J-638850.29,Zhuang-ABCA-3.005,3
3312,quest_scgpt,median_simple_niche_1019171907101610134,C57BL6J-638850.29,C57BL6J-638850.28,3
3313,quest_scgpt,median_simple_niche_1019171907101610134,C57BL6J-638850.29,C57BL6J-638850.30,3
3314,quest_scgpt,median_simple_niche_1019171907101610134,C57BL6J-638850.29,C57BL6J-638850.31,3
3315,quest_scgpt,median_simple_niche_1019171907101610134,C57BL6J-638850.29,Zhuang-ABCA-1.096,3
3316,quest_scgpt,median_simple_niche_1019171907101610134,C57BL6J-638850.29,Zhuang-ABCA-1.097,3
3317,quest_scgpt,median_simple_niche_1019171907101610134,C57BL6J-638850.29,Zhuang-ABCA-1.098,3
3318,quest_scgpt,median_simple_niche_1019171907101610134,C57BL6J-638850.29,Zhuang-ABCA-1.099,3
3319,quest_scgpt,median_simple_niche_1019171907101610134,C57BL6J-638850.29,Zhuang-ABCA-3.001,3
3320,quest_scgpt,median_simple_niche_1019171907101610134,C57BL6J-638850.29,Zhuang-ABCA-3.002,3
3321,quest_scgpt,median_simple_niche_1019171907101610134,C57BL6J-638850.29,Zhuang-ABCA-3.004,3
3322,quest_scgpt,median_simple_niche_1019171907101610134,C57BL6J-638850.29,Zhuang-ABCA-3.005,3
3323,scgpt,median_simple_niche_1019171907101610134,C57BL6J-638850.29,C57BL6J-638850.28,3
3324,scgpt,median_simple_niche_1019171907101610134,C57BL6J-638850.29,C57BL6J-638850.30,3
3325,scgpt,median_simple_niche_1019171907101610134,C57BL6J-638850.29,C57BL6J-638850.31,3
3326,scgpt,median_simple_niche_1019171907101610134,C57BL6J-638850.29,Zhuang-ABCA-1.096,3
3327,scgpt,median_simple_niche_1019171907101610134,C57BL6J-638850.29,Zhuang-ABCA-1.097,3
3328,scgpt,median_simple_niche_1019171907101610134,C57BL6J-638850.29,Zhuang-ABCA-1.098,3
3329,scgpt,median_simple_niche_1019171907101610134,C57BL6J-638850.29,Zhuang-ABCA-1.099,3
3330,scgpt,median_simple_niche_1019171907101610134,C57BL6J-638850.29,Zhuang-ABCA-3.001,3
3331,scgpt,median_simple_niche_1019171907101610134,C57BL6J-638850.29,Zhuang-ABCA-3.002,3
3332,scgpt,median_simple_niche_1019171907101610134,C57BL6J-638850.29,Zhuang-ABCA-3.004,3
3333,scgpt,median_simple_niche_1019171907101610134,C57BL6J-638850.29,Zhuang-ABCA-3.005,3
3334,gene_expr,median_simple_niche_1019171907101610134,C57BL6J-638850.29,C57BL6J-638850.28,3
3335,gene_expr,median_simple_niche_1019171907101610134,C57BL6J-638850.29,C57BL6J-638850.30,3
3336,gene_expr,median_simple_niche_1019171907101610134,C57BL6J-638850.29,C57BL6J-638850.31,3
3337,gene_expr,median_simple_niche_1019171907101610134,C57BL6J-638850.29,Zhuang-ABCA-1.096,3
3338,gene_expr,median_simple_niche_1019171907101610134,C57BL6J-638850.29,Zhuang-ABCA-1.097,3
3339,gene_expr,median_simple_niche_1019171907101610134,C57BL6J-638850.29,Zhuang-ABCA-1.098,3
3340,gene_expr,median_simple_niche_1019171907101610134,C57BL6J-638850.29,Zhuang-ABCA-1.099,3
3341,gene_expr,median_simple_niche_1019171907101610134,C57BL6J-638850.29,Zhuang-ABCA-3.001,3
3342,gene_expr,median_simple_niche_1019171907101610134,C57BL6J-638850.29,Zhuang-ABCA-3.002,3
3343,gene_expr,median_simple_niche_1019171907101610134,C57BL6J-638850.29,Zhuang-ABCA-3.004,3
3344,gene_expr,median_simple_niche_1019171907101610134,C57BL6J-638850.29,Zhuang-ABCA-3.005,3
3345,quest_gene_expr,median_simple_niche_1019171907101880289,C57BL6J-638850.29,C57BL6J-638850.28,3
3346,quest_gene_expr,median_simple_niche_1019171907101880289,C57BL6J-638850.29,C57BL6J-638850.30,3
3347,quest_gene_expr,median_simple_niche_1019171907101880289,C57BL6J-638850.29,C57BL6J-638850.31,3
3348,quest_gene_expr,median_simple_niche_1019171907101880289,C57BL6J-638850.29,Zhuang-ABCA-1.096,3
3349,quest_gene_expr,median_simple_niche_1019171907101880289,C57BL6J-638850.29,Zhuang-ABCA-1.097,3
3350,quest_gene_expr,median_simple_niche_1019171907101880289,C57BL6J-638850.29,Zhuang-ABCA-1.098,3
3351,quest_gene_expr,median_simple_niche_1019171907101880289,C57BL6J-638850.29,Zhuang-ABCA-1.099,3
3352,quest_gene_expr,median_simple_niche_1019171907101880289,C57BL6J-638850.29,Zhuang-ABCA-3.001,3
3353,quest_gene_expr,median_simple_niche_1019171907101880289,C57BL6J-638850.29,Zhuang-ABCA-3.002,3
3354,quest_gene_expr,median_simple_niche_1019171907101880289,C57BL6J-638850.29,Zhuang-ABCA-3.004,3
3355,quest_gene_expr,median_simple_niche_1019171907101880289,C57BL6J-638850.29,Zhuang-ABCA-3.005,3
3356,quest_scgpt,median_simple_niche_1019171907101880289,C57BL6J-638850.29,C57BL6J-638850.28,3
3357,quest_scgpt,median_simple_niche_1019171907101880289,C57BL6J-638850.29,C57BL6J-638850.30,3
3358,quest_scgpt,median_simple_niche_1019171907101880289,C57BL6J-638850.29,C57BL6J-638850.31,3
3359,quest_scgpt,median_simple_niche_1019171907101880289,C57BL6J-638850.29,Zhuang-ABCA-1.096,3
3360,quest_scgpt,median_simple_niche_1019171907101880289,C57BL6J-638850.29,Zhuang-ABCA-1.097,3
3361,quest_scgpt,median_simple_niche_1019171907101880289,C57BL6J-638850.29,Zhuang-ABCA-1.098,3
3362,quest_scgpt,median_simple_niche_1019171907101880289,C57BL6J-638850.29,Zhuang-ABCA-1.099,3
3363,quest_scgpt,median_simple_niche_1019171907101880289,C57BL6J-638850.29,Zhuang-ABCA-3.001,3
3364,quest_scgpt,median_simple_niche_1019171907101880289,C57BL6J-638850.29,Zhuang-ABCA-3.002,3
3365,quest_scgpt,median_simple_niche_1019171907101880289,C57BL6J-638850.29,Zhuang-ABCA-3.004,3
3366,quest_scgpt,median_simple_niche_1019171907101880289,C57BL6J-638850.29,Zhuang-ABCA-3.005,3
3367,scgpt,median_simple_niche_1019171907101880289,C57BL6J-638850.29,C57BL6J-638850.28,3
3368,scgpt,median_simple_niche_1019171907101880289,C57BL6J-638850.29,C57BL6J-638850.30,3
3369,scgpt,median_simple_niche_1019171907101880289,C57BL6J-638850.29,C57BL6J-638850.31,3
3370,scgpt,median_simple_niche_1019171907101880289,C57BL6J-638850.29,Zhuang-ABCA-1.096,3
3371,scgpt,median_simple_niche_1019171907101880289,C57BL6J-638850.29,Zhuang-ABCA-1.097,3
3372,scgpt,median_simple_niche_1019171907101880289,C57BL6J-638850.29,Zhuang-ABCA-1.098,3
3373,scgpt,median_simple_niche_1019171907101880289,C57BL6J-638850.29,Zhuang-ABCA-1.099,3
3374,scgpt,median_simple_niche_1019171907101880289,C57BL6J-638850.29,Zhuang-ABCA-3.001,3
3375,scgpt,median_simple_niche_1019171907101880289,C57BL6J-638850.29,Zhuang-ABCA-3.002,3
3376,scgpt,median_simple_niche_1019171907101880289,C57BL6J-638850.29,Zhuang-ABCA-3.004,3
3377,scgpt,median_simple_niche_1019171907101880289,C57BL6J-638850.29,Zhuang-ABCA-3.005,3
3378,gene_expr,median_simple_niche_1019171907101880289,C57BL6J-638850.29,C57BL6J-638850.28,3
3379,gene_expr,median_simple_niche_1019171907101880289,C57BL6J-638850.29,C57BL6J-638850.30,3
3380,gene_expr,median_simple_niche_1019171907101880289,C57BL6J-638850.29,C57BL6J-638850.31,3
3381,gene_expr,median_simple_niche_1019171907101880289,C57BL6J-638850.29,Zhuang-ABCA-1.096,3
3382,gene_expr,median_simple_niche_1019171907101880289,C57BL6J-638850.29,Zhuang-ABCA-1.097,3
3383,gene_expr,median_simple_niche_1019171907101880289,C57BL6J-638850.29,Zhuang-ABCA-1.098,3
3384,gene_expr,median_simple_niche_1019171907101880289,C57BL6J-638850.29,Zhuang-ABCA-1.099,3
3385,gene_expr,median_simple_niche_1019171907101880289,C57BL6J-638850.29,Zhuang-ABCA-3.001,3
3386,gene_expr,median_simple_niche_1019171907101880289,C57BL6J-638850.29,Zhuang-ABCA-3.002,3
3387,gene_expr,median_simple_niche_1019171907101880289,C57BL6J-638850.29,Zhuang-ABCA-3.004,3
3388,gene_expr,median_simple_niche_1019171907101880289,C57BL6J-638850.29,Zhuang-ABCA-3.005,3
3389,quest_gene_expr,median_simple_niche_1018093344101090631-2,C57BL6J-638850.30,C57BL6J-638850.28,3
3390,quest_gene_expr,median_simple_niche_1018093344101090631-2,C57BL6J-638850.30,C57BL6J-638850.29,3
3391,quest_gene_expr,median_simple_niche_1018093344101090631-2,C57BL6J-638850.30,C57BL6J-638850.31,3
3392,quest_gene_expr,median_simple_niche_1018093344101090631-2,C57BL6J-638850.30,Zhuang-ABCA-1.096,3
3393,quest_gene_expr,median_simple_niche_1018093344101090631-2,C57BL6J-638850.30,Zhuang-ABCA-1.097,3
3394,quest_gene_expr,median_simple_niche_1018093344101090631-2,C57BL6J-638850.30,Zhuang-ABCA-1.098,3
3395,quest_gene_expr,median_simple_niche_1018093344101090631-2,C57BL6J-638850.30,Zhuang-ABCA-1.099,3
3396,quest_gene_expr,median_simple_niche_1018093344101090631-2,C57BL6J-638850.30,Zhuang-ABCA-3.001,3
3397,quest_gene_expr,median_simple_niche_1018093344101090631-2,C57BL6J-638850.30,Zhuang-ABCA-3.002,3
3398,quest_gene_expr,median_simple_niche_1018093344101090631-2,C57BL6J-638850.30,Zhuang-ABCA-3.004,3
3399,quest_gene_expr,median_simple_niche_1018093344101090631-2,C57BL6J-638850.30,Zhuang-ABCA-3.005,3
3400,quest_scgpt,median_simple_niche_1018093344101090631-2,C57BL6J-638850.30,C57BL6J-638850.28,3
3401,quest_scgpt,median_simple_niche_1018093344101090631-2,C57BL6J-638850.30,C57BL6J-638850.29,3
3402,quest_scgpt,median_simple_niche_1018093344101090631-2,C57BL6J-638850.30,C57BL6J-638850.31,3
3403,quest_scgpt,median_simple_niche_1018093344101090631-2,C57BL6J-638850.30,Zhuang-ABCA-1.096,3
3404,quest_scgpt,median_simple_niche_1018093344101090631-2,C57BL6J-638850.30,Zhuang-ABCA-1.097,3
3405,quest_scgpt,median_simple_niche_1018093344101090631-2,C57BL6J-638850.30,Zhuang-ABCA-1.098,3
3406,quest_scgpt,median_simple_niche_1018093344101090631-2,C57BL6J-638850.30,Zhuang-ABCA-1.099,3
3407,quest_scgpt,median_simple_niche_1018093344101090631-2,C57BL6J-638850.30,Zhuang-ABCA-3.001,3
3408,quest_scgpt,median_simple_niche_1018093344101090631-2,C57BL6J-638850.30,Zhuang-ABCA-3.002,3
3409,quest_scgpt,median_simple_niche_1018093344101090631-2,C57BL6J-638850.30,Zhuang-ABCA-3.004,3
3410,quest_scgpt,median_simple_niche_1018093344101090631-2,C57BL6J-638850.30,Zhuang-ABCA-3.005,3
3411,scgpt,median_simple_niche_1018093344101090631-2,C57BL6J-638850.30,C57BL6J-638850.28,3
3412,scgpt,median_simple_niche_1018093344101090631-2,C57BL6J-638850.30,C57BL6J-638850.29,3
3413,scgpt,median_simple_niche_1018093344101090631-2,C57BL6J-638850.30,C57BL6J-638850.31,3
3414,scgpt,median_simple_niche_1018093344101090631-2,C57BL6J-638850.30,Zhuang-ABCA-1.096,3
3415,scgpt,median_simple_niche_1018093344101090631-2,C57BL6J-638850.30,Zhuang-ABCA-1.097,3
3416,scgpt,median_simple_niche_1018093344101090631-2,C57BL6J-638850.30,Zhuang-ABCA-1.098,3
3417,scgpt,median_simple_niche_1018093344101090631-2,C57BL6J-638850.30,Zhuang-ABCA-1.099,3
3418,scgpt,median_simple_niche_1018093344101090631-2,C57BL6J-638850.30,Zhuang-ABCA-3.001,3
3419,scgpt,median_simple_niche_1018093344101090631-2,C57BL6J-638850.30,Zhuang-ABCA-3.002,3
3420,scgpt,median_simple_niche_1018093344101090631-2,C57BL6J-638850.30,Zhuang-ABCA-3.004,3
3421,scgpt,median_simple_niche_1018093344101090631-2,C57BL6J-638850.30,Zhuang-ABCA-3.005,3
3422,gene_expr,median_simple_niche_1018093344101090631-2,C57BL6J-638850.30,C57BL6J-638850.28,3
3423,gene_expr,median_simple_niche_1018093344101090631-2,C57BL6J-638850.30,C57BL6J-638850.29,3
3424,gene_expr,median_simple_niche_1018093344101090631-2,C57BL6J-638850.30,C57BL6J-638850.31,3
3425,gene_expr,median_simple_niche_1018093344101090631-2,C57BL6J-638850.30,Zhuang-ABCA-1.096,3
3426,gene_expr,median_simple_niche_1018093344101090631-2,C57BL6J-638850.30,Zhuang-ABCA-1.097,3
3427,gene_expr,median_simple_niche_1018093344101090631-2,C57BL6J-638850.30,Zhuang-ABCA-1.098,3
3428,gene_expr,median_simple_niche_1018093344101090631-2,C57BL6J-638850.30,Zhuang-ABCA-1.099,3
3429,gene_expr,median_simple_niche_1018093344101090631-2,C57BL6J-638850.30,Zhuang-ABCA-3.001,3
3430,gene_expr,median_simple_niche_1018093344101090631-2,C57BL6J-638850.30,Zhuang-ABCA-3.002,3
3431,gene_expr,median_simple_niche_1018093344101090631-2,C57BL6J-638850.30,Zhuang-ABCA-3.004,3
3432,gene_expr,median_simple_niche_1018093344101090631-2,C57BL6J-638850.30,Zhuang-ABCA-3.005,3
3433,quest_gene_expr,median_simple_niche_1018093344101280317-4,C57BL6J-638850.30,C57BL6J-638850.28,3
3434,quest_gene_expr,median_simple_niche_1018093344101280317-4,C57BL6J-638850.30,C57BL6J-638850.29,3
3435,quest_gene_expr,median_simple_niche_1018093344101280317-4,C57BL6J-638850.30,C57BL6J-638850.31,3
3436,quest_gene_expr,median_simple_niche_1018093344101280317-4,C57BL6J-638850.30,Zhuang-ABCA-1.096,3
3437,quest_gene_expr,median_simple_niche_1018093344101280317-4,C57BL6J-638850.30,Zhuang-ABCA-1.097,3
3438,quest_gene_expr,median_simple_niche_1018093344101280317-4,C57BL6J-638850.30,Zhuang-ABCA-1.098,3
3439,quest_gene_expr,median_simple_niche_1018093344101280317-4,C57BL6J-638850.30,Zhuang-ABCA-1.099,3
3440,quest_gene_expr,median_simple_niche_1018093344101280317-4,C57BL6J-638850.30,Zhuang-ABCA-3.001,3
3441,quest_gene_expr,median_simple_niche_1018093344101280317-4,C57BL6J-638850.30,Zhuang-ABCA-3.002,3
3442,quest_gene_expr,median_simple_niche_1018093344101280317-4,C57BL6J-638850.30,Zhuang-ABCA-3.004,3
3443,quest_gene_expr,median_simple_niche_1018093344101280317-4,C57BL6J-638850.30,Zhuang-ABCA-3.005,3
3444,quest_scgpt,median_simple_niche_1018093344101280317-4,C57BL6J-638850.30,C57BL6J-638850.28,3
3445,quest_scgpt,median_simple_niche_1018093344101280317-4,C57BL6J-638850.30,C57BL6J-638850.29,3
3446,quest_scgpt,median_simple_niche_1018093344101280317-4,C57BL6J-638850.30,C57BL6J-638850.31,3
3447,quest_scgpt,median_simple_niche_1018093344101280317-4,C57BL6J-638850.30,Zhuang-ABCA-1.096,3
3448,quest_scgpt,median_simple_niche_1018093344101280317-4,C57BL6J-638850.30,Zhuang-ABCA-1.097,3
3449,quest_scgpt,median_simple_niche_1018093344101280317-4,C57BL6J-638850.30,Zhuang-ABCA-1.098,3
3450,quest_scgpt,median_simple_niche_1018093344101280317-4,C57BL6J-638850.30,Zhuang-ABCA-1.099,3
3451,quest_scgpt,median_simple_niche_1018093344101280317-4,C57BL6J-638850.30,Zhuang-ABCA-3.001,3
3452,quest_scgpt,median_simple_niche_1018093344101280317-4,C57BL6J-638850.30,Zhuang-ABCA-3.002,3
3453,quest_scgpt,median_simple_niche_1018093344101280317-4,C57BL6J-638850.30,Zhuang-ABCA-3.004,3
3454,quest_scgpt,median_simple_niche_1018093344101280317-4,C57BL6J-638850.30,Zhuang-ABCA-3.005,3
3455,scgpt,median_simple_niche_1018093344101280317-4,C57BL6J-638850.30,C57BL6J-638850.28,3
3456,scgpt,median_simple_niche_1018093344101280317-4,C57BL6J-638850.30,C57BL6J-638850.29,3
3457,scgpt,median_simple_niche_1018093344101280317-4,C57BL6J-638850.30,C57BL6J-638850.31,3
3458,scgpt,median_simple_niche_1018093344101280317-4,C57BL6J-638850.30,Zhuang-ABCA-1.096,3
3459,scgpt,median_simple_niche_1018093344101280317-4,C57BL6J-638850.30,Zhuang-ABCA-1.097,3
3460,scgpt,median_simple_niche_1018093344101280317-4,C57BL6J-638850.30,Zhuang-ABCA-1.098,3
3461,scgpt,median_simple_niche_1018093344101280317-4,C57BL6J-638850.30,Zhuang-ABCA-1.099,3
3462,scgpt,median_simple_niche_1018093344101280317-4,C57BL6J-638850.30,Zhuang-ABCA-3.001,3
3463,scgpt,median_simple_niche_1018093344101280317-4,C57BL6J-638850.30,Zhuang-ABCA-3.002,3
3464,scgpt,median_simple_niche_1018093344101280317-4,C57BL6J-638850.30,Zhuang-ABCA-3.004,3
3465,scgpt,median_simple_niche_1018093344101280317-4,C57BL6J-638850.30,Zhuang-ABCA-3.005,3
3466,gene_expr,median_simple_niche_1018093344101280317-4,C57BL6J-638850.30,C57BL6J-638850.28,3
3467,gene_expr,median_simple_niche_1018093344101280317-4,C57BL6J-638850.30,C57BL6J-638850.29,3
3468,gene_expr,median_simple_niche_1018093344101280317-4,C57BL6J-638850.30,C57BL6J-638850.31,3
3469,gene_expr,median_simple_niche_1018093344101280317-4,C57BL6J-638850.30,Zhuang-ABCA-1.096,3
3470,gene_expr,median_simple_niche_1018093344101280317-4,C57BL6J-638850.30,Zhuang-ABCA-1.097,3
3471,gene_expr,median_simple_niche_1018093344101280317-4,C57BL6J-638850.30,Zhuang-ABCA-1.098,3
3472,gene_expr,median_simple_niche_1018093344101280317-4,C57BL6J-638850.30,Zhuang-ABCA-1.099,3
3473,gene_expr,median_simple_niche_1018093344101280317-4,C57BL6J-638850.30,Zhuang-ABCA-3.001,3
3474,gene_expr,median_simple_niche_1018093344101280317-4,C57BL6J-638850.30,Zhuang-ABCA-3.002,3
3475,gene_expr,median_simple_niche_1018093344101280317-4,C57BL6J-638850.30,Zhuang-ABCA-3.004,3
3476,gene_expr,median_simple_niche_1018093344101280317-4,C57BL6J-638850.30,Zhuang-ABCA-3.005,3
3477,quest_gene_expr,median_simple_niche_1018093344101400431-5,C57BL6J-638850.30,C57BL6J-638850.28,3
3478,quest_gene_expr,median_simple_niche_1018093344101400431-5,C57BL6J-638850.30,C57BL6J-638850.29,3
3479,quest_gene_expr,median_simple_niche_1018093344101400431-5,C57BL6J-638850.30,C57BL6J-638850.31,3
3480,quest_gene_expr,median_simple_niche_1018093344101400431-5,C57BL6J-638850.30,Zhuang-ABCA-1.096,3
3481,quest_gene_expr,median_simple_niche_1018093344101400431-5,C57BL6J-638850.30,Zhuang-ABCA-1.097,3
3482,quest_gene_expr,median_simple_niche_1018093344101400431-5,C57BL6J-638850.30,Zhuang-ABCA-1.098,3
3483,quest_gene_expr,median_simple_niche_1018093344101400431-5,C57BL6J-638850.30,Zhuang-ABCA-1.099,3
3484,quest_gene_expr,median_simple_niche_1018093344101400431-5,C57BL6J-638850.30,Zhuang-ABCA-3.001,3
3485,quest_gene_expr,median_simple_niche_1018093344101400431-5,C57BL6J-638850.30,Zhuang-ABCA-3.002,3
3486,quest_gene_expr,median_simple_niche_1018093344101400431-5,C57BL6J-638850.30,Zhuang-ABCA-3.004,3
3487,quest_gene_expr,median_simple_niche_1018093344101400431-5,C57BL6J-638850.30,Zhuang-ABCA-3.005,3
3488,quest_scgpt,median_simple_niche_1018093344101400431-5,C57BL6J-638850.30,C57BL6J-638850.28,3
3489,quest_scgpt,median_simple_niche_1018093344101400431-5,C57BL6J-638850.30,C57BL6J-638850.29,3
3490,quest_scgpt,median_simple_niche_1018093344101400431-5,C57BL6J-638850.30,C57BL6J-638850.31,3
3491,quest_scgpt,median_simple_niche_1018093344101400431-5,C57BL6J-638850.30,Zhuang-ABCA-1.096,3
3492,quest_scgpt,median_simple_niche_1018093344101400431-5,C57BL6J-638850.30,Zhuang-ABCA-1.097,3
3493,quest_scgpt,median_simple_niche_1018093344101400431-5,C57BL6J-638850.30,Zhuang-ABCA-1.098,3
3494,quest_scgpt,median_simple_niche_1018093344101400431-5,C57BL6J-638850.30,Zhuang-ABCA-1.099,3
3495,quest_scgpt,median_simple_niche_1018093344101400431-5,C57BL6J-638850.30,Zhuang-ABCA-3.001,3
3496,quest_scgpt,median_simple_niche_1018093344101400431-5,C57BL6J-638850.30,Zhuang-ABCA-3.002,3
3497,quest_scgpt,median_simple_niche_1018093344101400431-5,C57BL6J-638850.30,Zhuang-ABCA-3.004,3
3498,quest_scgpt,median_simple_niche_1018093344101400431-5,C57BL6J-638850.30,Zhuang-ABCA-3.005,3
3499,scgpt,median_simple_niche_1018093344101400431-5,C57BL6J-638850.30,C57BL6J-638850.28,3
3500,scgpt,median_simple_niche_1018093344101400431-5,C57BL6J-638850.30,C57BL6J-638850.29,3
3501,scgpt,median_simple_niche_1018093344101400431-5,C57BL6J-638850.30,C57BL6J-638850.31,3
3502,scgpt,median_simple_niche_1018093344101400431-5,C57BL6J-638850.30,Zhuang-ABCA-1.096,3
3503,scgpt,median_simple_niche_1018093344101400431-5,C57BL6J-638850.30,Zhuang-ABCA-1.097,3
3504,scgpt,median_simple_niche_1018093344101400431-5,C57BL6J-638850.30,Zhuang-ABCA-1.098,3
3505,scgpt,median_simple_niche_1018093344101400431-5,C57BL6J-638850.30,Zhuang-ABCA-1.099,3
3506,scgpt,median_simple_niche_1018093344101400431-5,C57BL6J-638850.30,Zhuang-ABCA-3.001,3
3507,scgpt,median_simple_niche_1018093344101400431-5,C57BL6J-638850.30,Zhuang-ABCA-3.002,3
3508,scgpt,median_simple_niche_1018093344101400431-5,C57BL6J-638850.30,Zhuang-ABCA-3.004,3
3509,scgpt,median_simple_niche_1018093344101400431-5,C57BL6J-638850.30,Zhuang-ABCA-3.005,3
3510,gene_expr,median_simple_niche_1018093344101400431-5,C57BL6J-638850.30,C57BL6J-638850.28,3
3511,gene_expr,median_simple_niche_1018093344101400431-5,C57BL6J-638850.30,C57BL6J-638850.29,3
3512,gene_expr,median_simple_niche_1018093344101400431-5,C57BL6J-638850.30,C57BL6J-638850.31,3
3513,gene_expr,median_simple_niche_1018093344101400431-5,C57BL6J-638850.30,Zhuang-ABCA-1.096,3
3514,gene_expr,median_simple_niche_1018093344101400431-5,C57BL6J-638850.30,Zhuang-ABCA-1.097,3
3515,gene_expr,median_simple_niche_1018093344101400431-5,C57BL6J-638850.30,Zhuang-ABCA-1.098,3
3516,gene_expr,median_simple_niche_1018093344101400431-5,C57BL6J-638850.30,Zhuang-ABCA-1.099,3
3517,gene_expr,median_simple_niche_1018093344101400431-5,C57BL6J-638850.30,Zhuang-ABCA-3.001,3
3518,gene_expr,median_simple_niche_1018093344101400431-5,C57BL6J-638850.30,Zhuang-ABCA-3.002,3
3519,gene_expr,median_simple_niche_1018093344101400431-5,C57BL6J-638850.30,Zhuang-ABCA-3.004,3
3520,gene_expr,median_simple_niche_1018093344101400431-5,C57BL6J-638850.30,Zhuang-ABCA-3.005,3
3521,quest_gene_expr,median_simple_niche_1018093344101580701-1,C57BL6J-638850.30,C57BL6J-638850.28,3
3522,quest_gene_expr,median_simple_niche_1018093344101580701-1,C57BL6J-638850.30,C57BL6J-638850.29,3
3523,quest_gene_expr,median_simple_niche_1018093344101580701-1,C57BL6J-638850.30,C57BL6J-638850.31,3
3524,quest_gene_expr,median_simple_niche_1018093344101580701-1,C57BL6J-638850.30,Zhuang-ABCA-1.096,3
3525,quest_gene_expr,median_simple_niche_1018093344101580701-1,C57BL6J-638850.30,Zhuang-ABCA-1.097,3
3526,quest_gene_expr,median_simple_niche_1018093344101580701-1,C57BL6J-638850.30,Zhuang-ABCA-1.098,3
3527,quest_gene_expr,median_simple_niche_1018093344101580701-1,C57BL6J-638850.30,Zhuang-ABCA-1.099,3
3528,quest_gene_expr,median_simple_niche_1018093344101580701-1,C57BL6J-638850.30,Zhuang-ABCA-3.001,3
3529,quest_gene_expr,median_simple_niche_1018093344101580701-1,C57BL6J-638850.30,Zhuang-ABCA-3.002,3
3530,quest_gene_expr,median_simple_niche_1018093344101580701-1,C57BL6J-638850.30,Zhuang-ABCA-3.004,3
3531,quest_gene_expr,median_simple_niche_1018093344101580701-1,C57BL6J-638850.30,Zhuang-ABCA-3.005,3
3532,quest_scgpt,median_simple_niche_1018093344101580701-1,C57BL6J-638850.30,C57BL6J-638850.28,3
3533,quest_scgpt,median_simple_niche_1018093344101580701-1,C57BL6J-638850.30,C57BL6J-638850.29,3
3534,quest_scgpt,median_simple_niche_1018093344101580701-1,C57BL6J-638850.30,C57BL6J-638850.31,3
3535,quest_scgpt,median_simple_niche_1018093344101580701-1,C57BL6J-638850.30,Zhuang-ABCA-1.096,3
3536,quest_scgpt,median_simple_niche_1018093344101580701-1,C57BL6J-638850.30,Zhuang-ABCA-1.097,3
3537,quest_scgpt,median_simple_niche_1018093344101580701-1,C57BL6J-638850.30,Zhuang-ABCA-1.098,3
3538,quest_scgpt,median_simple_niche_1018093344101580701-1,C57BL6J-638850.30,Zhuang-ABCA-1.099,3
3539,quest_scgpt,median_simple_niche_1018093344101580701-1,C57BL6J-638850.30,Zhuang-ABCA-3.001,3
3540,quest_scgpt,median_simple_niche_1018093344101580701-1,C57BL6J-638850.30,Zhuang-ABCA-3.002,3
3541,quest_scgpt,median_simple_niche_1018093344101580701-1,C57BL6J-638850.30,Zhuang-ABCA-3.004,3
3542,quest_scgpt,median_simple_niche_1018093344101580701-1,C57BL6J-638850.30,Zhuang-ABCA-3.005,3
3543,scgpt,median_simple_niche_1018093344101580701-1,C57BL6J-638850.30,C57BL6J-638850.28,3
3544,scgpt,median_simple_niche_1018093344101580701-1,C57BL6J-638850.30,C57BL6J-638850.29,3
3545,scgpt,median_simple_niche_1018093344101580701-1,C57BL6J-638850.30,C57BL6J-638850.31,3
3546,scgpt,median_simple_niche_1018093344101580701-1,C57BL6J-638850.30,Zhuang-ABCA-1.096,3
3547,scgpt,median_simple_niche_1018093344101580701-1,C57BL6J-638850.30,Zhuang-ABCA-1.097,3
3548,scgpt,median_simple_niche_1018093344101580701-1,C57BL6J-638850.30,Zhuang-ABCA-1.098,3
3549,scgpt,median_simple_niche_1018093344101580701-1,C57BL6J-638850.30,Zhuang-ABCA-1.099,3
3550,scgpt,median_simple_niche_1018093344101580701-1,C57BL6J-638850.30,Zhuang-ABCA-3.001,3
3551,scgpt,median_simple_niche_1018093344101580701-1,C57BL6J-638850.30,Zhuang-ABCA-3.002,3
3552,scgpt,median_simple_niche_1018093344101580701-1,C57BL6J-638850.30,Zhuang-ABCA-3.004,3
3553,scgpt,median_simple_niche_1018093344101580701-1,C57BL6J-638850.30,Zhuang-ABCA-3.005,3
3554,gene_expr,median_simple_niche_1018093344101580701-1,C57BL6J-638850.30,C57BL6J-638850.28,3
3555,gene_expr,median_simple_niche_1018093344101580701-1,C57BL6J-638850.30,C57BL6J-638850.29,3
3556,gene_expr,median_simple_niche_1018093344101580701-1,C57BL6J-638850.30,C57BL6J-638850.31,3
3557,gene_expr,median_simple_niche_1018093344101580701-1,C57BL6J-638850.30,Zhuang-ABCA-1.096,3
3558,gene_expr,median_simple_niche_1018093344101580701-1,C57BL6J-638850.30,Zhuang-ABCA-1.097,3
3559,gene_expr,median_simple_niche_1018093344101580701-1,C57BL6J-638850.30,Zhuang-ABCA-1.098,3
3560,gene_expr,median_simple_niche_1018093344101580701-1,C57BL6J-638850.30,Zhuang-ABCA-1.099,3
3561,gene_expr,median_simple_niche_1018093344101580701-1,C57BL6J-638850.30,Zhuang-ABCA-3.001,3
3562,gene_expr,median_simple_niche_1018093344101580701-1,C57BL6J-638850.30,Zhuang-ABCA-3.002,3
3563,gene_expr,median_simple_niche_1018093344101580701-1,C57BL6J-638850.30,Zhuang-ABCA-3.004,3
3564,gene_expr,median_simple_niche_1018093344101580701-1,C57BL6J-638850.30,Zhuang-ABCA-3.005,3
3565,quest_gene_expr,median_simple_niche_1018093345101050427,C57BL6J-638850.31,C57BL6J-638850.28,3
3566,quest_gene_expr,median_simple_niche_1018093345101050427,C57BL6J-638850.31,C57BL6J-638850.29,3
3567,quest_gene_expr,median_simple_niche_1018093345101050427,C57BL6J-638850.31,C57BL6J-638850.30,3
3568,quest_gene_expr,median_simple_niche_1018093345101050427,C57BL6J-638850.31,Zhuang-ABCA-1.096,3
3569,quest_gene_expr,median_simple_niche_1018093345101050427,C57BL6J-638850.31,Zhuang-ABCA-1.097,3
3570,quest_gene_expr,median_simple_niche_1018093345101050427,C57BL6J-638850.31,Zhuang-ABCA-1.098,3
3571,quest_gene_expr,median_simple_niche_1018093345101050427,C57BL6J-638850.31,Zhuang-ABCA-1.099,3
3572,quest_gene_expr,median_simple_niche_1018093345101050427,C57BL6J-638850.31,Zhuang-ABCA-3.001,3
3573,quest_gene_expr,median_simple_niche_1018093345101050427,C57BL6J-638850.31,Zhuang-ABCA-3.002,3
3574,quest_gene_expr,median_simple_niche_1018093345101050427,C57BL6J-638850.31,Zhuang-ABCA-3.004,3
3575,quest_gene_expr,median_simple_niche_1018093345101050427,C57BL6J-638850.31,Zhuang-ABCA-3.005,3
3576,quest_scgpt,median_simple_niche_1018093345101050427,C57BL6J-638850.31,C57BL6J-638850.28,3
3577,quest_scgpt,median_simple_niche_1018093345101050427,C57BL6J-638850.31,C57BL6J-638850.29,3
3578,quest_scgpt,median_simple_niche_1018093345101050427,C57BL6J-638850.31,C57BL6J-638850.30,3
3579,quest_scgpt,median_simple_niche_1018093345101050427,C57BL6J-638850.31,Zhuang-ABCA-1.096,3
3580,quest_scgpt,median_simple_niche_1018093345101050427,C57BL6J-638850.31,Zhuang-ABCA-1.097,3
3581,quest_scgpt,median_simple_niche_1018093345101050427,C57BL6J-638850.31,Zhuang-ABCA-1.098,3
3582,quest_scgpt,median_simple_niche_1018093345101050427,C57BL6J-638850.31,Zhuang-ABCA-1.099,3
3583,quest_scgpt,median_simple_niche_1018093345101050427,C57BL6J-638850.31,Zhuang-ABCA-3.001,3
3584,quest_scgpt,median_simple_niche_1018093345101050427,C57BL6J-638850.31,Zhuang-ABCA-3.002,3
3585,quest_scgpt,median_simple_niche_1018093345101050427,C57BL6J-638850.31,Zhuang-ABCA-3.004,3
3586,quest_scgpt,median_simple_niche_1018093345101050427,C57BL6J-638850.31,Zhuang-ABCA-3.005,3
3587,scgpt,median_simple_niche_1018093345101050427,C57BL6J-638850.31,C57BL6J-638850.28,3
3588,scgpt,median_simple_niche_1018093345101050427,C57BL6J-638850.31,C57BL6J-638850.29,3
3589,scgpt,median_simple_niche_1018093345101050427,C57BL6J-638850.31,C57BL6J-638850.30,3
3590,scgpt,median_simple_niche_1018093345101050427,C57BL6J-638850.31,Zhuang-ABCA-1.096,3
3591,scgpt,median_simple_niche_1018093345101050427,C57BL6J-638850.31,Zhuang-ABCA-1.097,3
3592,scgpt,median_simple_niche_1018093345101050427,C57BL6J-638850.31,Zhuang-ABCA-1.098,3
3593,scgpt,median_simple_niche_1018093345101050427,C57BL6J-638850.31,Zhuang-ABCA-1.099,3
3594,scgpt,median_simple_niche_1018093345101050427,C57BL6J-638850.31,Zhuang-ABCA-3.001,3
3595,scgpt,median_simple_niche_1018093345101050427,C57BL6J-638850.31,Zhuang-ABCA-3.002,3
3596,scgpt,median_simple_niche_1018093345101050427,C57BL6J-638850.31,Zhuang-ABCA-3.004,3
3597,scgpt,median_simple_niche_1018093345101050427,C57BL6J-638850.31,Zhuang-ABCA-3.005,3
3598,gene_expr,median_simple_niche_1018093345101050427,C57BL6J-638850.31,C57BL6J-638850.28,3
3599,gene_expr,median_simple_niche_1018093345101050427,C57BL6J-638850.31,C57BL6J-638850.29,3
3600,gene_expr,median_simple_niche_1018093345101050427,C57BL6J-638850.31,C57BL6J-638850.30,3
3601,gene_expr,median_simple_niche_1018093345101050427,C57BL6J-638850.31,Zhuang-ABCA-1.096,3
3602,gene_expr,median_simple_niche_1018093345101050427,C57BL6J-638850.31,Zhuang-ABCA-1.097,3
3603,gene_expr,median_simple_niche_1018093345101050427,C57BL6J-638850.31,Zhuang-ABCA-1.098,3
3604,gene_expr,median_simple_niche_1018093345101050427,C57BL6J-638850.31,Zhuang-ABCA-1.099,3
3605,gene_expr,median_simple_niche_1018093345101050427,C57BL6J-638850.31,Zhuang-ABCA-3.001,3
3606,gene_expr,median_simple_niche_1018093345101050427,C57BL6J-638850.31,Zhuang-ABCA-3.002,3
3607,gene_expr,median_simple_niche_1018093345101050427,C57BL6J-638850.31,Zhuang-ABCA-3.004,3
3608,gene_expr,median_simple_niche_1018093345101050427,C57BL6J-638850.31,Zhuang-ABCA-3.005,3
3609,quest_gene_expr,median_simple_niche_1018093345101660290,C57BL6J-638850.31,C57BL6J-638850.28,3
3610,quest_gene_expr,median_simple_niche_1018093345101660290,C57BL6J-638850.31,C57BL6J-638850.29,3
3611,quest_gene_expr,median_simple_niche_1018093345101660290,C57BL6J-638850.31,C57BL6J-638850.30,3
3612,quest_gene_expr,median_simple_niche_1018093345101660290,C57BL6J-638850.31,Zhuang-ABCA-1.096,3
3613,quest_gene_expr,median_simple_niche_1018093345101660290,C57BL6J-638850.31,Zhuang-ABCA-1.097,3
3614,quest_gene_expr,median_simple_niche_1018093345101660290,C57BL6J-638850.31,Zhuang-ABCA-1.098,3
3615,quest_gene_expr,median_simple_niche_1018093345101660290,C57BL6J-638850.31,Zhuang-ABCA-1.099,3
3616,quest_gene_expr,median_simple_niche_1018093345101660290,C57BL6J-638850.31,Zhuang-ABCA-3.001,3
3617,quest_gene_expr,median_simple_niche_1018093345101660290,C57BL6J-638850.31,Zhuang-ABCA-3.002,3
3618,quest_gene_expr,median_simple_niche_1018093345101660290,C57BL6J-638850.31,Zhuang-ABCA-3.004,3
3619,quest_gene_expr,median_simple_niche_1018093345101660290,C57BL6J-638850.31,Zhuang-ABCA-3.005,3
3620,quest_scgpt,median_simple_niche_1018093345101660290,C57BL6J-638850.31,C57BL6J-638850.28,3
3621,quest_scgpt,median_simple_niche_1018093345101660290,C57BL6J-638850.31,C57BL6J-638850.29,3
3622,quest_scgpt,median_simple_niche_1018093345101660290,C57BL6J-638850.31,C57BL6J-638850.30,3
3623,quest_scgpt,median_simple_niche_1018093345101660290,C57BL6J-638850.31,Zhuang-ABCA-1.096,3
3624,quest_scgpt,median_simple_niche_1018093345101660290,C57BL6J-638850.31,Zhuang-ABCA-1.097,3
3625,quest_scgpt,median_simple_niche_1018093345101660290,C57BL6J-638850.31,Zhuang-ABCA-1.098,3
3626,quest_scgpt,median_simple_niche_1018093345101660290,C57BL6J-638850.31,Zhuang-ABCA-1.099,3
3627,quest_scgpt,median_simple_niche_1018093345101660290,C57BL6J-638850.31,Zhuang-ABCA-3.001,3
3628,quest_scgpt,median_simple_niche_1018093345101660290,C57BL6J-638850.31,Zhuang-ABCA-3.002,3
3629,quest_scgpt,median_simple_niche_1018093345101660290,C57BL6J-638850.31,Zhuang-ABCA-3.004,3
3630,quest_scgpt,median_simple_niche_1018093345101660290,C57BL6J-638850.31,Zhuang-ABCA-3.005,3
3631,scgpt,median_simple_niche_1018093345101660290,C57BL6J-638850.31,C57BL6J-638850.28,3
3632,scgpt,median_simple_niche_1018093345101660290,C57BL6J-638850.31,C57BL6J-638850.29,3
3633,scgpt,median_simple_niche_1018093345101660290,C57BL6J-638850.31,C57BL6J-638850.30,3
3634,scgpt,median_simple_niche_1018093345101660290,C57BL6J-638850.31,Zhuang-ABCA-1.096,3
3635,scgpt,median_simple_niche_1018093345101660290,C57BL6J-638850.31,Zhuang-ABCA-1.097,3
3636,scgpt,median_simple_niche_1018093345101660290,C57BL6J-638850.31,Zhuang-ABCA-1.098,3
3637,scgpt,median_simple_niche_1018093345101660290,C57BL6J-638850.31,Zhuang-ABCA-1.099,3
3638,scgpt,median_simple_niche_1018093345101660290,C57BL6J-638850.31,Zhuang-ABCA-3.001,3
3639,scgpt,median_simple_niche_1018093345101660290,C57BL6J-638850.31,Zhuang-ABCA-3.002,3
3640,scgpt,median_simple_niche_1018093345101660290,C57BL6J-638850.31,Zhuang-ABCA-3.004,3
3641,scgpt,median_simple_niche_1018093345101660290,C57BL6J-638850.31,Zhuang-ABCA-3.005,3
3642,gene_expr,median_simple_niche_1018093345101660290,C57BL6J-638850.31,C57BL6J-638850.28,3
3643,gene_expr,median_simple_niche_1018093345101660290,C57BL6J-638850.31,C57BL6J-638850.29,3
3644,gene_expr,median_simple_niche_1018093345101660290,C57BL6J-638850.31,C57BL6J-638850.30,3
3645,gene_expr,median_simple_niche_1018093345101660290,C57BL6J-638850.31,Zhuang-ABCA-1.096,3
3646,gene_expr,median_simple_niche_1018093345101660290,C57BL6J-638850.31,Zhuang-ABCA-1.097,3
3647,gene_expr,median_simple_niche_1018093345101660290,C57BL6J-638850.31,Zhuang-ABCA-1.098,3
3648,gene_expr,median_simple_niche_1018093345101660290,C57BL6J-638850.31,Zhuang-ABCA-1.099,3
3649,gene_expr,median_simple_niche_1018093345101660290,C57BL6J-638850.31,Zhuang-ABCA-3.001,3
3650,gene_expr,median_simple_niche_1018093345101660290,C57BL6J-638850.31,Zhuang-ABCA-3.002,3
3651,gene_expr,median_simple_niche_1018093345101660290,C57BL6J-638850.31,Zhuang-ABCA-3.004,3
3652,gene_expr,median_simple_niche_1018093345101660290,C57BL6J-638850.31,Zhuang-ABCA-3.005,3
3653,quest_gene_expr,median_simple_niche_1018093345101830471,C57BL6J-638850.31,C57BL6J-638850.28,3
3654,quest_gene_expr,median_simple_niche_1018093345101830471,C57BL6J-638850.31,C57BL6J-638850.29,3
3655,quest_gene_expr,median_simple_niche_1018093345101830471,C57BL6J-638850.31,C57BL6J-638850.30,3
3656,quest_gene_expr,median_simple_niche_1018093345101830471,C57BL6J-638850.31,Zhuang-ABCA-1.096,3
3657,quest_gene_expr,median_simple_niche_1018093345101830471,C57BL6J-638850.31,Zhuang-ABCA-1.097,3
3658,quest_gene_expr,median_simple_niche_1018093345101830471,C57BL6J-638850.31,Zhuang-ABCA-1.098,3
3659,quest_gene_expr,median_simple_niche_1018093345101830471,C57BL6J-638850.31,Zhuang-ABCA-1.099,3
3660,quest_gene_expr,median_simple_niche_1018093345101830471,C57BL6J-638850.31,Zhuang-ABCA-3.001,3
3661,quest_gene_expr,median_simple_niche_1018093345101830471,C57BL6J-638850.31,Zhuang-ABCA-3.002,3
3662,quest_gene_expr,median_simple_niche_1018093345101830471,C57BL6J-638850.31,Zhuang-ABCA-3.004,3
3663,quest_gene_expr,median_simple_niche_1018093345101830471,C57BL6J-638850.31,Zhuang-ABCA-3.005,3
3664,quest_scgpt,median_simple_niche_1018093345101830471,C57BL6J-638850.31,C57BL6J-638850.28,3
3665,quest_scgpt,median_simple_niche_1018093345101830471,C57BL6J-638850.31,C57BL6J-638850.29,3
3666,quest_scgpt,median_simple_niche_1018093345101830471,C57BL6J-638850.31,C57BL6J-638850.30,3
3667,quest_scgpt,median_simple_niche_1018093345101830471,C57BL6J-638850.31,Zhuang-ABCA-1.096,3
3668,quest_scgpt,median_simple_niche_1018093345101830471,C57BL6J-638850.31,Zhuang-ABCA-1.097,3
3669,quest_scgpt,median_simple_niche_1018093345101830471,C57BL6J-638850.31,Zhuang-ABCA-1.098,3
3670,quest_scgpt,median_simple_niche_1018093345101830471,C57BL6J-638850.31,Zhuang-ABCA-1.099,3
3671,quest_scgpt,median_simple_niche_1018093345101830471,C57BL6J-638850.31,Zhuang-ABCA-3.001,3
3672,quest_scgpt,median_simple_niche_1018093345101830471,C57BL6J-638850.31,Zhuang-ABCA-3.002,3
3673,quest_scgpt,median_simple_niche_1018093345101830471,C57BL6J-638850.31,Zhuang-ABCA-3.004,3
3674,quest_scgpt,median_simple_niche_1018093345101830471,C57BL6J-638850.31,Zhuang-ABCA-3.005,3
3675,scgpt,median_simple_niche_1018093345101830471,C57BL6J-638850.31,C57BL6J-638850.28,3
3676,scgpt,median_simple_niche_1018093345101830471,C57BL6J-638850.31,C57BL6J-638850.29,3
3677,scgpt,median_simple_niche_1018093345101830471,C57BL6J-638850.31,C57BL6J-638850.30,3
3678,scgpt,median_simple_niche_1018093345101830471,C57BL6J-638850.31,Zhuang-ABCA-1.096,3
3679,scgpt,median_simple_niche_1018093345101830471,C57BL6J-638850.31,Zhuang-ABCA-1.097,3
3680,scgpt,median_simple_niche_1018093345101830471,C57BL6J-638850.31,Zhuang-ABCA-1.098,3
3681,scgpt,median_simple_niche_1018093345101830471,C57BL6J-638850.31,Zhuang-ABCA-1.099,3
3682,scgpt,median_simple_niche_1018093345101830471,C57BL6J-638850.31,Zhuang-ABCA-3.001,3
3683,scgpt,median_simple_niche_1018093345101830471,C57BL6J-638850.31,Zhuang-ABCA-3.002,3
3684,scgpt,median_simple_niche_1018093345101830471,C57BL6J-638850.31,Zhuang-ABCA-3.004,3
3685,scgpt,median_simple_niche_1018093345101830471,C57BL6J-638850.31,Zhuang-ABCA-3.005,3
3686,gene_expr,median_simple_niche_1018093345101830471,C57BL6J-638850.31,C57BL6J-638850.28,3
3687,gene_expr,median_simple_niche_1018093345101830471,C57BL6J-638850.31,C57BL6J-638850.29,3
3688,gene_expr,median_simple_niche_1018093345101830471,C57BL6J-638850.31,C57BL6J-638850.30,3
3689,gene_expr,median_simple_niche_1018093345101830471,C57BL6J-638850.31,Zhuang-ABCA-1.096,3
3690,gene_expr,median_simple_niche_1018093345101830471,C57BL6J-638850.31,Zhuang-ABCA-1.097,3
3691,gene_expr,median_simple_niche_1018093345101830471,C57BL6J-638850.31,Zhuang-ABCA-1.098,3
3692,gene_expr,median_simple_niche_1018093345101830471,C57BL6J-638850.31,Zhuang-ABCA-1.099,3
3693,gene_expr,median_simple_niche_1018093345101830471,C57BL6J-638850.31,Zhuang-ABCA-3.001,3
3694,gene_expr,median_simple_niche_1018093345101830471,C57BL6J-638850.31,Zhuang-ABCA-3.002,3
3695,gene_expr,median_simple_niche_1018093345101830471,C57BL6J-638850.31,Zhuang-ABCA-3.004,3
3696,gene_expr,median_simple_niche_1018093345101830471,C57BL6J-638850.31,Zhuang-ABCA-3.005,3
3697,quest_gene_expr,median_simple_niche_1018093345102290685,C57BL6J-638850.31,C57BL6J-638850.28,3
3698,quest_gene_expr,median_simple_niche_1018093345102290685,C57BL6J-638850.31,C57BL6J-638850.29,3
3699,quest_gene_expr,median_simple_niche_1018093345102290685,C57BL6J-638850.31,C57BL6J-638850.30,3
3700,quest_gene_expr,median_simple_niche_1018093345102290685,C57BL6J-638850.31,Zhuang-ABCA-1.096,3
3701,quest_gene_expr,median_simple_niche_1018093345102290685,C57BL6J-638850.31,Zhuang-ABCA-1.097,3
3702,quest_gene_expr,median_simple_niche_1018093345102290685,C57BL6J-638850.31,Zhuang-ABCA-1.098,3
3703,quest_gene_expr,median_simple_niche_1018093345102290685,C57BL6J-638850.31,Zhuang-ABCA-1.099,3
3704,quest_gene_expr,median_simple_niche_1018093345102290685,C57BL6J-638850.31,Zhuang-ABCA-3.001,3
3705,quest_gene_expr,median_simple_niche_1018093345102290685,C57BL6J-638850.31,Zhuang-ABCA-3.002,3
3706,quest_gene_expr,median_simple_niche_1018093345102290685,C57BL6J-638850.31,Zhuang-ABCA-3.004,3
3707,quest_gene_expr,median_simple_niche_1018093345102290685,C57BL6J-638850.31,Zhuang-ABCA-3.005,3
3708,quest_scgpt,median_simple_niche_1018093345102290685,C57BL6J-638850.31,C57BL6J-638850.28,3
3709,quest_scgpt,median_simple_niche_1018093345102290685,C57BL6J-638850.31,C57BL6J-638850.29,3
3710,quest_scgpt,median_simple_niche_1018093345102290685,C57BL6J-638850.31,C57BL6J-638850.30,3
3711,quest_scgpt,median_simple_niche_1018093345102290685,C57BL6J-638850.31,Zhuang-ABCA-1.096,3
3712,quest_scgpt,median_simple_niche_1018093345102290685,C57BL6J-638850.31,Zhuang-ABCA-1.097,3
3713,quest_scgpt,median_simple_niche_1018093345102290685,C57BL6J-638850.31,Zhuang-ABCA-1.098,3
3714,quest_scgpt,median_simple_niche_1018093345102290685,C57BL6J-638850.31,Zhuang-ABCA-1.099,3
3715,quest_scgpt,median_simple_niche_1018093345102290685,C57BL6J-638850.31,Zhuang-ABCA-3.001,3
3716,quest_scgpt,median_simple_niche_1018093345102290685,C57BL6J-638850.31,Zhuang-ABCA-3.002,3
3717,quest_scgpt,median_simple_niche_1018093345102290685,C57BL6J-638850.31,Zhuang-ABCA-3.004,3
3718,quest_scgpt,median_simple_niche_1018093345102290685,C57BL6J-638850.31,Zhuang-ABCA-3.005,3
3719,scgpt,median_simple_niche_1018093345102290685,C57BL6J-638850.31,C57BL6J-638850.28,3
3720,scgpt,median_simple_niche_1018093345102290685,C57BL6J-638850.31,C57BL6J-638850.29,3
3721,scgpt,median_simple_niche_1018093345102290685,C57BL6J-638850.31,C57BL6J-638850.30,3
3722,scgpt,median_simple_niche_1018093345102290685,C57BL6J-638850.31,Zhuang-ABCA-1.096,3
3723,scgpt,median_simple_niche_1018093345102290685,C57BL6J-638850.31,Zhuang-ABCA-1.097,3
3724,scgpt,median_simple_niche_1018093345102290685,C57BL6J-638850.31,Zhuang-ABCA-1.098,3
3725,scgpt,median_simple_niche_1018093345102290685,C57BL6J-638850.31,Zhuang-ABCA-1.099,3
3726,scgpt,median_simple_niche_1018093345102290685,C57BL6J-638850.31,Zhuang-ABCA-3.001,3
3727,scgpt,median_simple_niche_1018093345102290685,C57BL6J-638850.31,Zhuang-ABCA-3.002,3
3728,scgpt,median_simple_niche_1018093345102290685,C57BL6J-638850.31,Zhuang-ABCA-3.004,3
3729,scgpt,median_simple_niche_1018093345102290685,C57BL6J-638850.31,Zhuang-ABCA-3.005,3
3730,gene_expr,median_simple_niche_1018093345102290685,C57BL6J-638850.31,C57BL6J-638850.28,3
3731,gene_expr,median_simple_niche_1018093345102290685,C57BL6J-638850.31,C57BL6J-638850.29,3
3732,gene_expr,median_simple_niche_1018093345102290685,C57BL6J-638850.31,C57BL6J-638850.30,3
3733,gene_expr,median_simple_niche_1018093345102290685,C57BL6J-638850.31,Zhuang-ABCA-1.096,3
3734,gene_expr,median_simple_niche_1018093345102290685,C57BL6J-638850.31,Zhuang-ABCA-1.097,3
3735,gene_expr,median_simple_niche_1018093345102290685,C57BL6J-638850.31,Zhuang-ABCA-1.098,3
3736,gene_expr,median_simple_niche_1018093345102290685,C57BL6J-638850.31,Zhuang-ABCA-1.099,3
3737,gene_expr,median_simple_niche_1018093345102290685,C57BL6J-638850.31,Zhuang-ABCA-3.001,3
3738,gene_expr,median_simple_niche_1018093345102290685,C57BL6J-638850.31,Zhuang-ABCA-3.002,3
3739,gene_expr,median_simple_niche_1018093345102290685,C57BL6J-638850.31,Zhuang-ABCA-3.004,3
3740,gene_expr,median_simple_niche_1018093345102290685,C57BL6J-638850.31,Zhuang-ABCA-3.005,3
3741,quest_gene_expr,median_simple_niche_12253603363894722901030835080459778855,Zhuang-ABCA-1.096,C57BL6J-638850.28,3
3742,quest_gene_expr,median_simple_niche_12253603363894722901030835080459778855,Zhuang-ABCA-1.096,C57BL6J-638850.29,3
3743,quest_gene_expr,median_simple_niche_12253603363894722901030835080459778855,Zhuang-ABCA-1.096,C57BL6J-638850.30,3
3744,quest_gene_expr,median_simple_niche_12253603363894722901030835080459778855,Zhuang-ABCA-1.096,C57BL6J-638850.31,3
3745,quest_gene_expr,median_simple_niche_12253603363894722901030835080459778855,Zhuang-ABCA-1.096,Zhuang-ABCA-1.097,3
3746,quest_gene_expr,median_simple_niche_12253603363894722901030835080459778855,Zhuang-ABCA-1.096,Zhuang-ABCA-1.098,3
3747,quest_gene_expr,median_simple_niche_12253603363894722901030835080459778855,Zhuang-ABCA-1.096,Zhuang-ABCA-1.099,3
3748,quest_gene_expr,median_simple_niche_12253603363894722901030835080459778855,Zhuang-ABCA-1.096,Zhuang-ABCA-3.001,3
3749,quest_gene_expr,median_simple_niche_12253603363894722901030835080459778855,Zhuang-ABCA-1.096,Zhuang-ABCA-3.002,3
3750,quest_gene_expr,median_simple_niche_12253603363894722901030835080459778855,Zhuang-ABCA-1.096,Zhuang-ABCA-3.004,3
3751,quest_gene_expr,median_simple_niche_12253603363894722901030835080459778855,Zhuang-ABCA-1.096,Zhuang-ABCA-3.005,3
3752,quest_scgpt,median_simple_niche_12253603363894722901030835080459778855,Zhuang-ABCA-1.096,C57BL6J-638850.28,3
3753,quest_scgpt,median_simple_niche_12253603363894722901030835080459778855,Zhuang-ABCA-1.096,C57BL6J-638850.29,3
3754,quest_scgpt,median_simple_niche_12253603363894722901030835080459778855,Zhuang-ABCA-1.096,C57BL6J-638850.30,3
3755,quest_scgpt,median_simple_niche_12253603363894722901030835080459778855,Zhuang-ABCA-1.096,C57BL6J-638850.31,3
3756,quest_scgpt,median_simple_niche_12253603363894722901030835080459778855,Zhuang-ABCA-1.096,Zhuang-ABCA-1.097,3
3757,quest_scgpt,median_simple_niche_12253603363894722901030835080459778855,Zhuang-ABCA-1.096,Zhuang-ABCA-1.098,3
3758,quest_scgpt,median_simple_niche_12253603363894722901030835080459778855,Zhuang-ABCA-1.096,Zhuang-ABCA-1.099,3
3759,quest_scgpt,median_simple_niche_12253603363894722901030835080459778855,Zhuang-ABCA-1.096,Zhuang-ABCA-3.001,3
3760,quest_scgpt,median_simple_niche_12253603363894722901030835080459778855,Zhuang-ABCA-1.096,Zhuang-ABCA-3.002,3
3761,quest_scgpt,median_simple_niche_12253603363894722901030835080459778855,Zhuang-ABCA-1.096,Zhuang-ABCA-3.004,3
3762,quest_scgpt,median_simple_niche_12253603363894722901030835080459778855,Zhuang-ABCA-1.096,Zhuang-ABCA-3.005,3
3763,scgpt,median_simple_niche_12253603363894722901030835080459778855,Zhuang-ABCA-1.096,C57BL6J-638850.28,3
3764,scgpt,median_simple_niche_12253603363894722901030835080459778855,Zhuang-ABCA-1.096,C57BL6J-638850.29,3
3765,scgpt,median_simple_niche_12253603363894722901030835080459778855,Zhuang-ABCA-1.096,C57BL6J-638850.30,3
3766,scgpt,median_simple_niche_12253603363894722901030835080459778855,Zhuang-ABCA-1.096,C57BL6J-638850.31,3
3767,scgpt,median_simple_niche_12253603363894722901030835080459778855,Zhuang-ABCA-1.096,Zhuang-ABCA-1.097,3
3768,scgpt,median_simple_niche_12253603363894722901030835080459778855,Zhuang-ABCA-1.096,Zhuang-ABCA-1.098,3
3769,scgpt,median_simple_niche_12253603363894722901030835080459778855,Zhuang-ABCA-1.096,Zhuang-ABCA-1.099,3
3770,scgpt,median_simple_niche_12253603363894722901030835080459778855,Zhuang-ABCA-1.096,Zhuang-ABCA-3.001,3
3771,scgpt,median_simple_niche_12253603363894722901030835080459778855,Zhuang-ABCA-1.096,Zhuang-ABCA-3.002,3
3772,scgpt,median_simple_niche_12253603363894722901030835080459778855,Zhuang-ABCA-1.096,Zhuang-ABCA-3.004,3
3773,scgpt,median_simple_niche_12253603363894722901030835080459778855,Zhuang-ABCA-1.096,Zhuang-ABCA-3.005,3
3774,gene_expr,median_simple_niche_12253603363894722901030835080459778855,Zhuang-ABCA-1.096,C57BL6J-638850.28,3
3775,gene_expr,median_simple_niche_12253603363894722901030835080459778855,Zhuang-ABCA-1.096,C57BL6J-638850.29,3
3776,gene_expr,median_simple_niche_12253603363894722901030835080459778855,Zhuang-ABCA-1.096,C57BL6J-638850.30,3
3777,gene_expr,median_simple_niche_12253603363894722901030835080459778855,Zhuang-ABCA-1.096,C57BL6J-638850.31,3
3778,gene_expr,median_simple_niche_12253603363894722901030835080459778855,Zhuang-ABCA-1.096,Zhuang-ABCA-1.097,3
3779,gene_expr,median_simple_niche_12253603363894722901030835080459778855,Zhuang-ABCA-1.096,Zhuang-ABCA-1.098,3
3780,gene_expr,median_simple_niche_12253603363894722901030835080459778855,Zhuang-ABCA-1.096,Zhuang-ABCA-1.099,3
3781,gene_expr,median_simple_niche_12253603363894722901030835080459778855,Zhuang-ABCA-1.096,Zhuang-ABCA-3.001,3
3782,gene_expr,median_simple_niche_12253603363894722901030835080459778855,Zhuang-ABCA-1.096,Zhuang-ABCA-3.002,3
3783,gene_expr,median_simple_niche_12253603363894722901030835080459778855,Zhuang-ABCA-1.096,Zhuang-ABCA-3.004,3
3784,gene_expr,median_simple_niche_12253603363894722901030835080459778855,Zhuang-ABCA-1.096,Zhuang-ABCA-3.005,3
3785,quest_gene_expr,median_simple_niche_273785322473917498596356814269508784463,Zhuang-ABCA-1.096,C57BL6J-638850.28,3
3786,quest_gene_expr,median_simple_niche_273785322473917498596356814269508784463,Zhuang-ABCA-1.096,C57BL6J-638850.29,3
3787,quest_gene_expr,median_simple_niche_273785322473917498596356814269508784463,Zhuang-ABCA-1.096,C57BL6J-638850.30,3
3788,quest_gene_expr,median_simple_niche_273785322473917498596356814269508784463,Zhuang-ABCA-1.096,C57BL6J-638850.31,3
3789,quest_gene_expr,median_simple_niche_273785322473917498596356814269508784463,Zhuang-ABCA-1.096,Zhuang-ABCA-1.097,3
3790,quest_gene_expr,median_simple_niche_273785322473917498596356814269508784463,Zhuang-ABCA-1.096,Zhuang-ABCA-1.098,3
3791,quest_gene_expr,median_simple_niche_273785322473917498596356814269508784463,Zhuang-ABCA-1.096,Zhuang-ABCA-1.099,3
3792,quest_gene_expr,median_simple_niche_273785322473917498596356814269508784463,Zhuang-ABCA-1.096,Zhuang-ABCA-3.001,3
3793,quest_gene_expr,median_simple_niche_273785322473917498596356814269508784463,Zhuang-ABCA-1.096,Zhuang-ABCA-3.002,3
3794,quest_gene_expr,median_simple_niche_273785322473917498596356814269508784463,Zhuang-ABCA-1.096,Zhuang-ABCA-3.004,3
3795,quest_gene_expr,median_simple_niche_273785322473917498596356814269508784463,Zhuang-ABCA-1.096,Zhuang-ABCA-3.005,3
3796,quest_scgpt,median_simple_niche_273785322473917498596356814269508784463,Zhuang-ABCA-1.096,C57BL6J-638850.28,3
3797,quest_scgpt,median_simple_niche_273785322473917498596356814269508784463,Zhuang-ABCA-1.096,C57BL6J-638850.29,3
3798,quest_scgpt,median_simple_niche_273785322473917498596356814269508784463,Zhuang-ABCA-1.096,C57BL6J-638850.30,3
3799,quest_scgpt,median_simple_niche_273785322473917498596356814269508784463,Zhuang-ABCA-1.096,C57BL6J-638850.31,3
3800,quest_scgpt,median_simple_niche_273785322473917498596356814269508784463,Zhuang-ABCA-1.096,Zhuang-ABCA-1.097,3
3801,quest_scgpt,median_simple_niche_273785322473917498596356814269508784463,Zhuang-ABCA-1.096,Zhuang-ABCA-1.098,3
3802,quest_scgpt,median_simple_niche_273785322473917498596356814269508784463,Zhuang-ABCA-1.096,Zhuang-ABCA-1.099,3
3803,quest_scgpt,median_simple_niche_273785322473917498596356814269508784463,Zhuang-ABCA-1.096,Zhuang-ABCA-3.001,3
3804,quest_scgpt,median_simple_niche_273785322473917498596356814269508784463,Zhuang-ABCA-1.096,Zhuang-ABCA-3.002,3
3805,quest_scgpt,median_simple_niche_273785322473917498596356814269508784463,Zhuang-ABCA-1.096,Zhuang-ABCA-3.004,3
3806,quest_scgpt,median_simple_niche_273785322473917498596356814269508784463,Zhuang-ABCA-1.096,Zhuang-ABCA-3.005,3
3807,scgpt,median_simple_niche_273785322473917498596356814269508784463,Zhuang-ABCA-1.096,C57BL6J-638850.28,3
3808,scgpt,median_simple_niche_273785322473917498596356814269508784463,Zhuang-ABCA-1.096,C57BL6J-638850.29,3
3809,scgpt,median_simple_niche_273785322473917498596356814269508784463,Zhuang-ABCA-1.096,C57BL6J-638850.30,3
3810,scgpt,median_simple_niche_273785322473917498596356814269508784463,Zhuang-ABCA-1.096,C57BL6J-638850.31,3
3811,scgpt,median_simple_niche_273785322473917498596356814269508784463,Zhuang-ABCA-1.096,Zhuang-ABCA-1.097,3
3812,scgpt,median_simple_niche_273785322473917498596356814269508784463,Zhuang-ABCA-1.096,Zhuang-ABCA-1.098,3
3813,scgpt,median_simple_niche_273785322473917498596356814269508784463,Zhuang-ABCA-1.096,Zhuang-ABCA-1.099,3
3814,scgpt,median_simple_niche_273785322473917498596356814269508784463,Zhuang-ABCA-1.096,Zhuang-ABCA-3.001,3
3815,scgpt,median_simple_niche_273785322473917498596356814269508784463,Zhuang-ABCA-1.096,Zhuang-ABCA-3.002,3
3816,scgpt,median_simple_niche_273785322473917498596356814269508784463,Zhuang-ABCA-1.096,Zhuang-ABCA-3.004,3
3817,scgpt,median_simple_niche_273785322473917498596356814269508784463,Zhuang-ABCA-1.096,Zhuang-ABCA-3.005,3
3818,gene_expr,median_simple_niche_273785322473917498596356814269508784463,Zhuang-ABCA-1.096,C57BL6J-638850.28,3
3819,gene_expr,median_simple_niche_273785322473917498596356814269508784463,Zhuang-ABCA-1.096,C57BL6J-638850.29,3
3820,gene_expr,median_simple_niche_273785322473917498596356814269508784463,Zhuang-ABCA-1.096,C57BL6J-638850.30,3
3821,gene_expr,median_simple_niche_273785322473917498596356814269508784463,Zhuang-ABCA-1.096,C57BL6J-638850.31,3
3822,gene_expr,median_simple_niche_273785322473917498596356814269508784463,Zhuang-ABCA-1.096,Zhuang-ABCA-1.097,3
3823,gene_expr,median_simple_niche_273785322473917498596356814269508784463,Zhuang-ABCA-1.096,Zhuang-ABCA-1.098,3
3824,gene_expr,median_simple_niche_273785322473917498596356814269508784463,Zhuang-ABCA-1.096,Zhuang-ABCA-1.099,3
3825,gene_expr,median_simple_niche_273785322473917498596356814269508784463,Zhuang-ABCA-1.096,Zhuang-ABCA-3.001,3
3826,gene_expr,median_simple_niche_273785322473917498596356814269508784463,Zhuang-ABCA-1.096,Zhuang-ABCA-3.002,3
3827,gene_expr,median_simple_niche_273785322473917498596356814269508784463,Zhuang-ABCA-1.096,Zhuang-ABCA-3.004,3
3828,gene_expr,median_simple_niche_273785322473917498596356814269508784463,Zhuang-ABCA-1.096,Zhuang-ABCA-3.005,3
3829,quest_gene_expr,median_simple_niche_146328471697905992096023150096990317510,Zhuang-ABCA-1.097,C57BL6J-638850.28,3
3830,quest_gene_expr,median_simple_niche_146328471697905992096023150096990317510,Zhuang-ABCA-1.097,C57BL6J-638850.29,3
3831,quest_gene_expr,median_simple_niche_146328471697905992096023150096990317510,Zhuang-ABCA-1.097,C57BL6J-638850.30,3
3832,quest_gene_expr,median_simple_niche_146328471697905992096023150096990317510,Zhuang-ABCA-1.097,C57BL6J-638850.31,3
3833,quest_gene_expr,median_simple_niche_146328471697905992096023150096990317510,Zhuang-ABCA-1.097,Zhuang-ABCA-1.096,3
3834,quest_gene_expr,median_simple_niche_146328471697905992096023150096990317510,Zhuang-ABCA-1.097,Zhuang-ABCA-1.098,3
3835,quest_gene_expr,median_simple_niche_146328471697905992096023150096990317510,Zhuang-ABCA-1.097,Zhuang-ABCA-1.099,3
3836,quest_gene_expr,median_simple_niche_146328471697905992096023150096990317510,Zhuang-ABCA-1.097,Zhuang-ABCA-3.001,3
3837,quest_gene_expr,median_simple_niche_146328471697905992096023150096990317510,Zhuang-ABCA-1.097,Zhuang-ABCA-3.002,3
3838,quest_gene_expr,median_simple_niche_146328471697905992096023150096990317510,Zhuang-ABCA-1.097,Zhuang-ABCA-3.004,3
3839,quest_gene_expr,median_simple_niche_146328471697905992096023150096990317510,Zhuang-ABCA-1.097,Zhuang-ABCA-3.005,3
3840,quest_scgpt,median_simple_niche_146328471697905992096023150096990317510,Zhuang-ABCA-1.097,C57BL6J-638850.28,3
3841,quest_scgpt,median_simple_niche_146328471697905992096023150096990317510,Zhuang-ABCA-1.097,C57BL6J-638850.29,3
3842,quest_scgpt,median_simple_niche_146328471697905992096023150096990317510,Zhuang-ABCA-1.097,C57BL6J-638850.30,3
3843,quest_scgpt,median_simple_niche_146328471697905992096023150096990317510,Zhuang-ABCA-1.097,C57BL6J-638850.31,3
3844,quest_scgpt,median_simple_niche_146328471697905992096023150096990317510,Zhuang-ABCA-1.097,Zhuang-ABCA-1.096,3
3845,quest_scgpt,median_simple_niche_146328471697905992096023150096990317510,Zhuang-ABCA-1.097,Zhuang-ABCA-1.098,3
3846,quest_scgpt,median_simple_niche_146328471697905992096023150096990317510,Zhuang-ABCA-1.097,Zhuang-ABCA-1.099,3
3847,quest_scgpt,median_simple_niche_146328471697905992096023150096990317510,Zhuang-ABCA-1.097,Zhuang-ABCA-3.001,3
3848,quest_scgpt,median_simple_niche_146328471697905992096023150096990317510,Zhuang-ABCA-1.097,Zhuang-ABCA-3.002,3
3849,quest_scgpt,median_simple_niche_146328471697905992096023150096990317510,Zhuang-ABCA-1.097,Zhuang-ABCA-3.004,3
3850,quest_scgpt,median_simple_niche_146328471697905992096023150096990317510,Zhuang-ABCA-1.097,Zhuang-ABCA-3.005,3
3851,scgpt,median_simple_niche_146328471697905992096023150096990317510,Zhuang-ABCA-1.097,C57BL6J-638850.28,3
3852,scgpt,median_simple_niche_146328471697905992096023150096990317510,Zhuang-ABCA-1.097,C57BL6J-638850.29,3
3853,scgpt,median_simple_niche_146328471697905992096023150096990317510,Zhuang-ABCA-1.097,C57BL6J-638850.30,3
3854,scgpt,median_simple_niche_146328471697905992096023150096990317510,Zhuang-ABCA-1.097,C57BL6J-638850.31,3
3855,scgpt,median_simple_niche_146328471697905992096023150096990317510,Zhuang-ABCA-1.097,Zhuang-ABCA-1.096,3
3856,scgpt,median_simple_niche_146328471697905992096023150096990317510,Zhuang-ABCA-1.097,Zhuang-ABCA-1.098,3
3857,scgpt,median_simple_niche_146328471697905992096023150096990317510,Zhuang-ABCA-1.097,Zhuang-ABCA-1.099,3
3858,scgpt,median_simple_niche_146328471697905992096023150096990317510,Zhuang-ABCA-1.097,Zhuang-ABCA-3.001,3
3859,scgpt,median_simple_niche_146328471697905992096023150096990317510,Zhuang-ABCA-1.097,Zhuang-ABCA-3.002,3
3860,scgpt,median_simple_niche_146328471697905992096023150096990317510,Zhuang-ABCA-1.097,Zhuang-ABCA-3.004,3
3861,scgpt,median_simple_niche_146328471697905992096023150096990317510,Zhuang-ABCA-1.097,Zhuang-ABCA-3.005,3
3862,gene_expr,median_simple_niche_146328471697905992096023150096990317510,Zhuang-ABCA-1.097,C57BL6J-638850.28,3
3863,gene_expr,median_simple_niche_146328471697905992096023150096990317510,Zhuang-ABCA-1.097,C57BL6J-638850.29,3
3864,gene_expr,median_simple_niche_146328471697905992096023150096990317510,Zhuang-ABCA-1.097,C57BL6J-638850.30,3
3865,gene_expr,median_simple_niche_146328471697905992096023150096990317510,Zhuang-ABCA-1.097,C57BL6J-638850.31,3
3866,gene_expr,median_simple_niche_146328471697905992096023150096990317510,Zhuang-ABCA-1.097,Zhuang-ABCA-1.096,3
3867,gene_expr,median_simple_niche_146328471697905992096023150096990317510,Zhuang-ABCA-1.097,Zhuang-ABCA-1.098,3
3868,gene_expr,median_simple_niche_146328471697905992096023150096990317510,Zhuang-ABCA-1.097,Zhuang-ABCA-1.099,3
3869,gene_expr,median_simple_niche_146328471697905992096023150096990317510,Zhuang-ABCA-1.097,Zhuang-ABCA-3.001,3
3870,gene_expr,median_simple_niche_146328471697905992096023150096990317510,Zhuang-ABCA-1.097,Zhuang-ABCA-3.002,3
3871,gene_expr,median_simple_niche_146328471697905992096023150096990317510,Zhuang-ABCA-1.097,Zhuang-ABCA-3.004,3
3872,gene_expr,median_simple_niche_146328471697905992096023150096990317510,Zhuang-ABCA-1.097,Zhuang-ABCA-3.005,3
3873,quest_gene_expr,median_simple_niche_20181331946348197694220154892946492658,Zhuang-ABCA-1.097,C57BL6J-638850.28,3
3874,quest_gene_expr,median_simple_niche_20181331946348197694220154892946492658,Zhuang-ABCA-1.097,C57BL6J-638850.29,3
3875,quest_gene_expr,median_simple_niche_20181331946348197694220154892946492658,Zhuang-ABCA-1.097,C57BL6J-638850.30,3
3876,quest_gene_expr,median_simple_niche_20181331946348197694220154892946492658,Zhuang-ABCA-1.097,C57BL6J-638850.31,3
3877,quest_gene_expr,median_simple_niche_20181331946348197694220154892946492658,Zhuang-ABCA-1.097,Zhuang-ABCA-1.096,3
3878,quest_gene_expr,median_simple_niche_20181331946348197694220154892946492658,Zhuang-ABCA-1.097,Zhuang-ABCA-1.098,3
3879,quest_gene_expr,median_simple_niche_20181331946348197694220154892946492658,Zhuang-ABCA-1.097,Zhuang-ABCA-1.099,3
3880,quest_gene_expr,median_simple_niche_20181331946348197694220154892946492658,Zhuang-ABCA-1.097,Zhuang-ABCA-3.001,3
3881,quest_gene_expr,median_simple_niche_20181331946348197694220154892946492658,Zhuang-ABCA-1.097,Zhuang-ABCA-3.002,3
3882,quest_gene_expr,median_simple_niche_20181331946348197694220154892946492658,Zhuang-ABCA-1.097,Zhuang-ABCA-3.004,3
3883,quest_gene_expr,median_simple_niche_20181331946348197694220154892946492658,Zhuang-ABCA-1.097,Zhuang-ABCA-3.005,3
3884,quest_scgpt,median_simple_niche_20181331946348197694220154892946492658,Zhuang-ABCA-1.097,C57BL6J-638850.28,3
3885,quest_scgpt,median_simple_niche_20181331946348197694220154892946492658,Zhuang-ABCA-1.097,C57BL6J-638850.29,3
3886,quest_scgpt,median_simple_niche_20181331946348197694220154892946492658,Zhuang-ABCA-1.097,C57BL6J-638850.30,3
3887,quest_scgpt,median_simple_niche_20181331946348197694220154892946492658,Zhuang-ABCA-1.097,C57BL6J-638850.31,3
3888,quest_scgpt,median_simple_niche_20181331946348197694220154892946492658,Zhuang-ABCA-1.097,Zhuang-ABCA-1.096,3
3889,quest_scgpt,median_simple_niche_20181331946348197694220154892946492658,Zhuang-ABCA-1.097,Zhuang-ABCA-1.098,3
3890,quest_scgpt,median_simple_niche_20181331946348197694220154892946492658,Zhuang-ABCA-1.097,Zhuang-ABCA-1.099,3
3891,quest_scgpt,median_simple_niche_20181331946348197694220154892946492658,Zhuang-ABCA-1.097,Zhuang-ABCA-3.001,3
3892,quest_scgpt,median_simple_niche_20181331946348197694220154892946492658,Zhuang-ABCA-1.097,Zhuang-ABCA-3.002,3
3893,quest_scgpt,median_simple_niche_20181331946348197694220154892946492658,Zhuang-ABCA-1.097,Zhuang-ABCA-3.004,3
3894,quest_scgpt,median_simple_niche_20181331946348197694220154892946492658,Zhuang-ABCA-1.097,Zhuang-ABCA-3.005,3
3895,scgpt,median_simple_niche_20181331946348197694220154892946492658,Zhuang-ABCA-1.097,C57BL6J-638850.28,3
3896,scgpt,median_simple_niche_20181331946348197694220154892946492658,Zhuang-ABCA-1.097,C57BL6J-638850.29,3
3897,scgpt,median_simple_niche_20181331946348197694220154892946492658,Zhuang-ABCA-1.097,C57BL6J-638850.30,3
3898,scgpt,median_simple_niche_20181331946348197694220154892946492658,Zhuang-ABCA-1.097,C57BL6J-638850.31,3
3899,scgpt,median_simple_niche_20181331946348197694220154892946492658,Zhuang-ABCA-1.097,Zhuang-ABCA-1.096,3
3900,scgpt,median_simple_niche_20181331946348197694220154892946492658,Zhuang-ABCA-1.097,Zhuang-ABCA-1.098,3
3901,scgpt,median_simple_niche_20181331946348197694220154892946492658,Zhuang-ABCA-1.097,Zhuang-ABCA-1.099,3
3902,scgpt,median_simple_niche_20181331946348197694220154892946492658,Zhuang-ABCA-1.097,Zhuang-ABCA-3.001,3
3903,scgpt,median_simple_niche_20181331946348197694220154892946492658,Zhuang-ABCA-1.097,Zhuang-ABCA-3.002,3
3904,scgpt,median_simple_niche_20181331946348197694220154892946492658,Zhuang-ABCA-1.097,Zhuang-ABCA-3.004,3
3905,scgpt,median_simple_niche_20181331946348197694220154892946492658,Zhuang-ABCA-1.097,Zhuang-ABCA-3.005,3
3906,gene_expr,median_simple_niche_20181331946348197694220154892946492658,Zhuang-ABCA-1.097,C57BL6J-638850.28,3
3907,gene_expr,median_simple_niche_20181331946348197694220154892946492658,Zhuang-ABCA-1.097,C57BL6J-638850.29,3
3908,gene_expr,median_simple_niche_20181331946348197694220154892946492658,Zhuang-ABCA-1.097,C57BL6J-638850.30,3
3909,gene_expr,median_simple_niche_20181331946348197694220154892946492658,Zhuang-ABCA-1.097,C57BL6J-638850.31,3
3910,gene_expr,median_simple_niche_20181331946348197694220154892946492658,Zhuang-ABCA-1.097,Zhuang-ABCA-1.096,3
3911,gene_expr,median_simple_niche_20181331946348197694220154892946492658,Zhuang-ABCA-1.097,Zhuang-ABCA-1.098,3
3912,gene_expr,median_simple_niche_20181331946348197694220154892946492658,Zhuang-ABCA-1.097,Zhuang-ABCA-1.099,3
3913,gene_expr,median_simple_niche_20181331946348197694220154892946492658,Zhuang-ABCA-1.097,Zhuang-ABCA-3.001,3
3914,gene_expr,median_simple_niche_20181331946348197694220154892946492658,Zhuang-ABCA-1.097,Zhuang-ABCA-3.002,3
3915,gene_expr,median_simple_niche_20181331946348197694220154892946492658,Zhuang-ABCA-1.097,Zhuang-ABCA-3.004,3
3916,gene_expr,median_simple_niche_20181331946348197694220154892946492658,Zhuang-ABCA-1.097,Zhuang-ABCA-3.005,3
3917,quest_gene_expr,median_simple_niche_157153644087789546198818426911474018971,Zhuang-ABCA-1.098,C57BL6J-638850.28,3
3918,quest_gene_expr,median_simple_niche_157153644087789546198818426911474018971,Zhuang-ABCA-1.098,C57BL6J-638850.29,3
3919,quest_gene_expr,median_simple_niche_157153644087789546198818426911474018971,Zhuang-ABCA-1.098,C57BL6J-638850.30,3
3920,quest_gene_expr,median_simple_niche_157153644087789546198818426911474018971,Zhuang-ABCA-1.098,C57BL6J-638850.31,3
3921,quest_gene_expr,median_simple_niche_157153644087789546198818426911474018971,Zhuang-ABCA-1.098,Zhuang-ABCA-1.096,3
3922,quest_gene_expr,median_simple_niche_157153644087789546198818426911474018971,Zhuang-ABCA-1.098,Zhuang-ABCA-1.097,3
3923,quest_gene_expr,median_simple_niche_157153644087789546198818426911474018971,Zhuang-ABCA-1.098,Zhuang-ABCA-1.099,3
3924,quest_gene_expr,median_simple_niche_157153644087789546198818426911474018971,Zhuang-ABCA-1.098,Zhuang-ABCA-3.001,3
3925,quest_gene_expr,median_simple_niche_157153644087789546198818426911474018971,Zhuang-ABCA-1.098,Zhuang-ABCA-3.002,3
3926,quest_gene_expr,median_simple_niche_157153644087789546198818426911474018971,Zhuang-ABCA-1.098,Zhuang-ABCA-3.004,3
3927,quest_gene_expr,median_simple_niche_157153644087789546198818426911474018971,Zhuang-ABCA-1.098,Zhuang-ABCA-3.005,3
3928,quest_scgpt,median_simple_niche_157153644087789546198818426911474018971,Zhuang-ABCA-1.098,C57BL6J-638850.28,3
3929,quest_scgpt,median_simple_niche_157153644087789546198818426911474018971,Zhuang-ABCA-1.098,C57BL6J-638850.29,3
3930,quest_scgpt,median_simple_niche_157153644087789546198818426911474018971,Zhuang-ABCA-1.098,C57BL6J-638850.30,3
3931,quest_scgpt,median_simple_niche_157153644087789546198818426911474018971,Zhuang-ABCA-1.098,C57BL6J-638850.31,3
3932,quest_scgpt,median_simple_niche_157153644087789546198818426911474018971,Zhuang-ABCA-1.098,Zhuang-ABCA-1.096,3
3933,quest_scgpt,median_simple_niche_157153644087789546198818426911474018971,Zhuang-ABCA-1.098,Zhuang-ABCA-1.097,3
3934,quest_scgpt,median_simple_niche_157153644087789546198818426911474018971,Zhuang-ABCA-1.098,Zhuang-ABCA-1.099,3
3935,quest_scgpt,median_simple_niche_157153644087789546198818426911474018971,Zhuang-ABCA-1.098,Zhuang-ABCA-3.001,3
3936,quest_scgpt,median_simple_niche_157153644087789546198818426911474018971,Zhuang-ABCA-1.098,Zhuang-ABCA-3.002,3
3937,quest_scgpt,median_simple_niche_157153644087789546198818426911474018971,Zhuang-ABCA-1.098,Zhuang-ABCA-3.004,3
3938,quest_scgpt,median_simple_niche_157153644087789546198818426911474018971,Zhuang-ABCA-1.098,Zhuang-ABCA-3.005,3
3939,scgpt,median_simple_niche_157153644087789546198818426911474018971,Zhuang-ABCA-1.098,C57BL6J-638850.28,3
3940,scgpt,median_simple_niche_157153644087789546198818426911474018971,Zhuang-ABCA-1.098,C57BL6J-638850.29,3
3941,scgpt,median_simple_niche_157153644087789546198818426911474018971,Zhuang-ABCA-1.098,C57BL6J-638850.30,3
3942,scgpt,median_simple_niche_157153644087789546198818426911474018971,Zhuang-ABCA-1.098,C57BL6J-638850.31,3
3943,scgpt,median_simple_niche_157153644087789546198818426911474018971,Zhuang-ABCA-1.098,Zhuang-ABCA-1.096,3
3944,scgpt,median_simple_niche_157153644087789546198818426911474018971,Zhuang-ABCA-1.098,Zhuang-ABCA-1.097,3
3945,scgpt,median_simple_niche_157153644087789546198818426911474018971,Zhuang-ABCA-1.098,Zhuang-ABCA-1.099,3
3946,scgpt,median_simple_niche_157153644087789546198818426911474018971,Zhuang-ABCA-1.098,Zhuang-ABCA-3.001,3
3947,scgpt,median_simple_niche_157153644087789546198818426911474018971,Zhuang-ABCA-1.098,Zhuang-ABCA-3.002,3
3948,scgpt,median_simple_niche_157153644087789546198818426911474018971,Zhuang-ABCA-1.098,Zhuang-ABCA-3.004,3
3949,scgpt,median_simple_niche_157153644087789546198818426911474018971,Zhuang-ABCA-1.098,Zhuang-ABCA-3.005,3
3950,gene_expr,median_simple_niche_157153644087789546198818426911474018971,Zhuang-ABCA-1.098,C57BL6J-638850.28,3
3951,gene_expr,median_simple_niche_157153644087789546198818426911474018971,Zhuang-ABCA-1.098,C57BL6J-638850.29,3
3952,gene_expr,median_simple_niche_157153644087789546198818426911474018971,Zhuang-ABCA-1.098,C57BL6J-638850.30,3
3953,gene_expr,median_simple_niche_157153644087789546198818426911474018971,Zhuang-ABCA-1.098,C57BL6J-638850.31,3
3954,gene_expr,median_simple_niche_157153644087789546198818426911474018971,Zhuang-ABCA-1.098,Zhuang-ABCA-1.096,3
3955,gene_expr,median_simple_niche_157153644087789546198818426911474018971,Zhuang-ABCA-1.098,Zhuang-ABCA-1.097,3
3956,gene_expr,median_simple_niche_157153644087789546198818426911474018971,Zhuang-ABCA-1.098,Zhuang-ABCA-1.099,3
3957,gene_expr,median_simple_niche_157153644087789546198818426911474018971,Zhuang-ABCA-1.098,Zhuang-ABCA-3.001,3
3958,gene_expr,median_simple_niche_157153644087789546198818426911474018971,Zhuang-ABCA-1.098,Zhuang-ABCA-3.002,3
3959,gene_expr,median_simple_niche_157153644087789546198818426911474018971,Zhuang-ABCA-1.098,Zhuang-ABCA-3.004,3
3960,gene_expr,median_simple_niche_157153644087789546198818426911474018971,Zhuang-ABCA-1.098,Zhuang-ABCA-3.005,3
3961,quest_gene_expr,median_simple_niche_196967620726170664296237597722398539190,Zhuang-ABCA-1.098,C57BL6J-638850.28,3
3962,quest_gene_expr,median_simple_niche_196967620726170664296237597722398539190,Zhuang-ABCA-1.098,C57BL6J-638850.29,3
3963,quest_gene_expr,median_simple_niche_196967620726170664296237597722398539190,Zhuang-ABCA-1.098,C57BL6J-638850.30,3
3964,quest_gene_expr,median_simple_niche_196967620726170664296237597722398539190,Zhuang-ABCA-1.098,C57BL6J-638850.31,3
3965,quest_gene_expr,median_simple_niche_196967620726170664296237597722398539190,Zhuang-ABCA-1.098,Zhuang-ABCA-1.096,3
3966,quest_gene_expr,median_simple_niche_196967620726170664296237597722398539190,Zhuang-ABCA-1.098,Zhuang-ABCA-1.097,3
3967,quest_gene_expr,median_simple_niche_196967620726170664296237597722398539190,Zhuang-ABCA-1.098,Zhuang-ABCA-1.099,3
3968,quest_gene_expr,median_simple_niche_196967620726170664296237597722398539190,Zhuang-ABCA-1.098,Zhuang-ABCA-3.001,3
3969,quest_gene_expr,median_simple_niche_196967620726170664296237597722398539190,Zhuang-ABCA-1.098,Zhuang-ABCA-3.002,3
3970,quest_gene_expr,median_simple_niche_196967620726170664296237597722398539190,Zhuang-ABCA-1.098,Zhuang-ABCA-3.004,3
3971,quest_gene_expr,median_simple_niche_196967620726170664296237597722398539190,Zhuang-ABCA-1.098,Zhuang-ABCA-3.005,3
3972,quest_scgpt,median_simple_niche_196967620726170664296237597722398539190,Zhuang-ABCA-1.098,C57BL6J-638850.28,3
3973,quest_scgpt,median_simple_niche_196967620726170664296237597722398539190,Zhuang-ABCA-1.098,C57BL6J-638850.29,3
3974,quest_scgpt,median_simple_niche_196967620726170664296237597722398539190,Zhuang-ABCA-1.098,C57BL6J-638850.30,3
3975,quest_scgpt,median_simple_niche_196967620726170664296237597722398539190,Zhuang-ABCA-1.098,C57BL6J-638850.31,3
3976,quest_scgpt,median_simple_niche_196967620726170664296237597722398539190,Zhuang-ABCA-1.098,Zhuang-ABCA-1.096,3
3977,quest_scgpt,median_simple_niche_196967620726170664296237597722398539190,Zhuang-ABCA-1.098,Zhuang-ABCA-1.097,3
3978,quest_scgpt,median_simple_niche_196967620726170664296237597722398539190,Zhuang-ABCA-1.098,Zhuang-ABCA-1.099,3
3979,quest_scgpt,median_simple_niche_196967620726170664296237597722398539190,Zhuang-ABCA-1.098,Zhuang-ABCA-3.001,3
3980,quest_scgpt,median_simple_niche_196967620726170664296237597722398539190,Zhuang-ABCA-1.098,Zhuang-ABCA-3.002,3
3981,quest_scgpt,median_simple_niche_196967620726170664296237597722398539190,Zhuang-ABCA-1.098,Zhuang-ABCA-3.004,3
3982,quest_scgpt,median_simple_niche_196967620726170664296237597722398539190,Zhuang-ABCA-1.098,Zhuang-ABCA-3.005,3
3983,scgpt,median_simple_niche_196967620726170664296237597722398539190,Zhuang-ABCA-1.098,C57BL6J-638850.28,3
3984,scgpt,median_simple_niche_196967620726170664296237597722398539190,Zhuang-ABCA-1.098,C57BL6J-638850.29,3
3985,scgpt,median_simple_niche_196967620726170664296237597722398539190,Zhuang-ABCA-1.098,C57BL6J-638850.30,3
3986,scgpt,median_simple_niche_196967620726170664296237597722398539190,Zhuang-ABCA-1.098,C57BL6J-638850.31,3
3987,scgpt,median_simple_niche_196967620726170664296237597722398539190,Zhuang-ABCA-1.098,Zhuang-ABCA-1.096,3
3988,scgpt,median_simple_niche_196967620726170664296237597722398539190,Zhuang-ABCA-1.098,Zhuang-ABCA-1.097,3
3989,scgpt,median_simple_niche_196967620726170664296237597722398539190,Zhuang-ABCA-1.098,Zhuang-ABCA-1.099,3
3990,scgpt,median_simple_niche_196967620726170664296237597722398539190,Zhuang-ABCA-1.098,Zhuang-ABCA-3.001,3
3991,scgpt,median_simple_niche_196967620726170664296237597722398539190,Zhuang-ABCA-1.098,Zhuang-ABCA-3.002,3
3992,scgpt,median_simple_niche_196967620726170664296237597722398539190,Zhuang-ABCA-1.098,Zhuang-ABCA-3.004,3
3993,scgpt,median_simple_niche_196967620726170664296237597722398539190,Zhuang-ABCA-1.098,Zhuang-ABCA-3.005,3
3994,gene_expr,median_simple_niche_196967620726170664296237597722398539190,Zhuang-ABCA-1.098,C57BL6J-638850.28,3
3995,gene_expr,median_simple_niche_196967620726170664296237597722398539190,Zhuang-ABCA-1.098,C57BL6J-638850.29,3
3996,gene_expr,median_simple_niche_196967620726170664296237597722398539190,Zhuang-ABCA-1.098,C57BL6J-638850.30,3
3997,gene_expr,median_simple_niche_196967620726170664296237597722398539190,Zhuang-ABCA-1.098,C57BL6J-638850.31,3
3998,gene_expr,median_simple_niche_196967620726170664296237597722398539190,Zhuang-ABCA-1.098,Zhuang-ABCA-1.096,3
3999,gene_expr,median_simple_niche_196967620726170664296237597722398539190,Zhuang-ABCA-1.098,Zhuang-ABCA-1.097,3
4000,gene_expr,median_simple_niche_196967620726170664296237597722398539190,Zhuang-ABCA-1.098,Zhuang-ABCA-1.099,3
4001,gene_expr,median_simple_niche_196967620726170664296237597722398539190,Zhuang-ABCA-1.098,Zhuang-ABCA-3.001,3
4002,gene_expr,median_simple_niche_196967620726170664296237597722398539190,Zhuang-ABCA-1.098,Zhuang-ABCA-3.002,3
4003,gene_expr,median_simple_niche_196967620726170664296237597722398539190,Zhuang-ABCA-1.098,Zhuang-ABCA-3.004,3
4004,gene_expr,median_simple_niche_196967620726170664296237597722398539190,Zhuang-ABCA-1.098,Zhuang-ABCA-3.005,3
4005,quest_gene_expr,median_simple_niche_303513299532941669618274008971545960845,Zhuang-ABCA-1.098,C57BL6J-638850.28,3
4006,quest_gene_expr,median_simple_niche_303513299532941669618274008971545960845,Zhuang-ABCA-1.098,C57BL6J-638850.29,3
4007,quest_gene_expr,median_simple_niche_303513299532941669618274008971545960845,Zhuang-ABCA-1.098,C57BL6J-638850.30,3
4008,quest_gene_expr,median_simple_niche_303513299532941669618274008971545960845,Zhuang-ABCA-1.098,C57BL6J-638850.31,3
4009,quest_gene_expr,median_simple_niche_303513299532941669618274008971545960845,Zhuang-ABCA-1.098,Zhuang-ABCA-1.096,3
4010,quest_gene_expr,median_simple_niche_303513299532941669618274008971545960845,Zhuang-ABCA-1.098,Zhuang-ABCA-1.097,3
4011,quest_gene_expr,median_simple_niche_303513299532941669618274008971545960845,Zhuang-ABCA-1.098,Zhuang-ABCA-1.099,3
4012,quest_gene_expr,median_simple_niche_303513299532941669618274008971545960845,Zhuang-ABCA-1.098,Zhuang-ABCA-3.001,3
4013,quest_gene_expr,median_simple_niche_303513299532941669618274008971545960845,Zhuang-ABCA-1.098,Zhuang-ABCA-3.002,3
4014,quest_gene_expr,median_simple_niche_303513299532941669618274008971545960845,Zhuang-ABCA-1.098,Zhuang-ABCA-3.004,3
4015,quest_gene_expr,median_simple_niche_303513299532941669618274008971545960845,Zhuang-ABCA-1.098,Zhuang-ABCA-3.005,3
4016,quest_scgpt,median_simple_niche_303513299532941669618274008971545960845,Zhuang-ABCA-1.098,C57BL6J-638850.28,3
4017,quest_scgpt,median_simple_niche_303513299532941669618274008971545960845,Zhuang-ABCA-1.098,C57BL6J-638850.29,3
4018,quest_scgpt,median_simple_niche_303513299532941669618274008971545960845,Zhuang-ABCA-1.098,C57BL6J-638850.30,3
4019,quest_scgpt,median_simple_niche_303513299532941669618274008971545960845,Zhuang-ABCA-1.098,C57BL6J-638850.31,3
4020,quest_scgpt,median_simple_niche_303513299532941669618274008971545960845,Zhuang-ABCA-1.098,Zhuang-ABCA-1.096,3
4021,quest_scgpt,median_simple_niche_303513299532941669618274008971545960845,Zhuang-ABCA-1.098,Zhuang-ABCA-1.097,3
4022,quest_scgpt,median_simple_niche_303513299532941669618274008971545960845,Zhuang-ABCA-1.098,Zhuang-ABCA-1.099,3
4023,quest_scgpt,median_simple_niche_303513299532941669618274008971545960845,Zhuang-ABCA-1.098,Zhuang-ABCA-3.001,3
4024,quest_scgpt,median_simple_niche_303513299532941669618274008971545960845,Zhuang-ABCA-1.098,Zhuang-ABCA-3.002,3
4025,quest_scgpt,median_simple_niche_303513299532941669618274008971545960845,Zhuang-ABCA-1.098,Zhuang-ABCA-3.004,3
4026,quest_scgpt,median_simple_niche_303513299532941669618274008971545960845,Zhuang-ABCA-1.098,Zhuang-ABCA-3.005,3
4027,scgpt,median_simple_niche_303513299532941669618274008971545960845,Zhuang-ABCA-1.098,C57BL6J-638850.28,3
4028,scgpt,median_simple_niche_303513299532941669618274008971545960845,Zhuang-ABCA-1.098,C57BL6J-638850.29,3
4029,scgpt,median_simple_niche_303513299532941669618274008971545960845,Zhuang-ABCA-1.098,C57BL6J-638850.30,3
4030,scgpt,median_simple_niche_303513299532941669618274008971545960845,Zhuang-ABCA-1.098,C57BL6J-638850.31,3
4031,scgpt,median_simple_niche_303513299532941669618274008971545960845,Zhuang-ABCA-1.098,Zhuang-ABCA-1.096,3
4032,scgpt,median_simple_niche_303513299532941669618274008971545960845,Zhuang-ABCA-1.098,Zhuang-ABCA-1.097,3
4033,scgpt,median_simple_niche_303513299532941669618274008971545960845,Zhuang-ABCA-1.098,Zhuang-ABCA-1.099,3
4034,scgpt,median_simple_niche_303513299532941669618274008971545960845,Zhuang-ABCA-1.098,Zhuang-ABCA-3.001,3
4035,scgpt,median_simple_niche_303513299532941669618274008971545960845,Zhuang-ABCA-1.098,Zhuang-ABCA-3.002,3
4036,scgpt,median_simple_niche_303513299532941669618274008971545960845,Zhuang-ABCA-1.098,Zhuang-ABCA-3.004,3
4037,scgpt,median_simple_niche_303513299532941669618274008971545960845,Zhuang-ABCA-1.098,Zhuang-ABCA-3.005,3
4038,gene_expr,median_simple_niche_303513299532941669618274008971545960845,Zhuang-ABCA-1.098,C57BL6J-638850.28,3
4039,gene_expr,median_simple_niche_303513299532941669618274008971545960845,Zhuang-ABCA-1.098,C57BL6J-638850.29,3
4040,gene_expr,median_simple_niche_303513299532941669618274008971545960845,Zhuang-ABCA-1.098,C57BL6J-638850.30,3
4041,gene_expr,median_simple_niche_303513299532941669618274008971545960845,Zhuang-ABCA-1.098,C57BL6J-638850.31,3
4042,gene_expr,median_simple_niche_303513299532941669618274008971545960845,Zhuang-ABCA-1.098,Zhuang-ABCA-1.096,3
4043,gene_expr,median_simple_niche_303513299532941669618274008971545960845,Zhuang-ABCA-1.098,Zhuang-ABCA-1.097,3
4044,gene_expr,median_simple_niche_303513299532941669618274008971545960845,Zhuang-ABCA-1.098,Zhuang-ABCA-1.099,3
4045,gene_expr,median_simple_niche_303513299532941669618274008971545960845,Zhuang-ABCA-1.098,Zhuang-ABCA-3.001,3
4046,gene_expr,median_simple_niche_303513299532941669618274008971545960845,Zhuang-ABCA-1.098,Zhuang-ABCA-3.002,3
4047,gene_expr,median_simple_niche_303513299532941669618274008971545960845,Zhuang-ABCA-1.098,Zhuang-ABCA-3.004,3
4048,gene_expr,median_simple_niche_303513299532941669618274008971545960845,Zhuang-ABCA-1.098,Zhuang-ABCA-3.005,3
4049,quest_gene_expr,median_simple_niche_101091041787612815616963935606475521174,Zhuang-ABCA-1.099,C57BL6J-638850.28,3
4050,quest_gene_expr,median_simple_niche_101091041787612815616963935606475521174,Zhuang-ABCA-1.099,C57BL6J-638850.29,3
4051,quest_gene_expr,median_simple_niche_101091041787612815616963935606475521174,Zhuang-ABCA-1.099,C57BL6J-638850.30,3
4052,quest_gene_expr,median_simple_niche_101091041787612815616963935606475521174,Zhuang-ABCA-1.099,C57BL6J-638850.31,3
4053,quest_gene_expr,median_simple_niche_101091041787612815616963935606475521174,Zhuang-ABCA-1.099,Zhuang-ABCA-1.096,3
4054,quest_gene_expr,median_simple_niche_101091041787612815616963935606475521174,Zhuang-ABCA-1.099,Zhuang-ABCA-1.097,3
4055,quest_gene_expr,median_simple_niche_101091041787612815616963935606475521174,Zhuang-ABCA-1.099,Zhuang-ABCA-1.098,3
4056,quest_gene_expr,median_simple_niche_101091041787612815616963935606475521174,Zhuang-ABCA-1.099,Zhuang-ABCA-3.001,3
4057,quest_gene_expr,median_simple_niche_101091041787612815616963935606475521174,Zhuang-ABCA-1.099,Zhuang-ABCA-3.002,3
4058,quest_gene_expr,median_simple_niche_101091041787612815616963935606475521174,Zhuang-ABCA-1.099,Zhuang-ABCA-3.004,3
4059,quest_gene_expr,median_simple_niche_101091041787612815616963935606475521174,Zhuang-ABCA-1.099,Zhuang-ABCA-3.005,3
4060,quest_scgpt,median_simple_niche_101091041787612815616963935606475521174,Zhuang-ABCA-1.099,C57BL6J-638850.28,3
4061,quest_scgpt,median_simple_niche_101091041787612815616963935606475521174,Zhuang-ABCA-1.099,C57BL6J-638850.29,3
4062,quest_scgpt,median_simple_niche_101091041787612815616963935606475521174,Zhuang-ABCA-1.099,C57BL6J-638850.30,3
4063,quest_scgpt,median_simple_niche_101091041787612815616963935606475521174,Zhuang-ABCA-1.099,C57BL6J-638850.31,3
4064,quest_scgpt,median_simple_niche_101091041787612815616963935606475521174,Zhuang-ABCA-1.099,Zhuang-ABCA-1.096,3
4065,quest_scgpt,median_simple_niche_101091041787612815616963935606475521174,Zhuang-ABCA-1.099,Zhuang-ABCA-1.097,3
4066,quest_scgpt,median_simple_niche_101091041787612815616963935606475521174,Zhuang-ABCA-1.099,Zhuang-ABCA-1.098,3
4067,quest_scgpt,median_simple_niche_101091041787612815616963935606475521174,Zhuang-ABCA-1.099,Zhuang-ABCA-3.001,3
4068,quest_scgpt,median_simple_niche_101091041787612815616963935606475521174,Zhuang-ABCA-1.099,Zhuang-ABCA-3.002,3
4069,quest_scgpt,median_simple_niche_101091041787612815616963935606475521174,Zhuang-ABCA-1.099,Zhuang-ABCA-3.004,3
4070,quest_scgpt,median_simple_niche_101091041787612815616963935606475521174,Zhuang-ABCA-1.099,Zhuang-ABCA-3.005,3
4071,scgpt,median_simple_niche_101091041787612815616963935606475521174,Zhuang-ABCA-1.099,C57BL6J-638850.28,3
4072,scgpt,median_simple_niche_101091041787612815616963935606475521174,Zhuang-ABCA-1.099,C57BL6J-638850.29,3
4073,scgpt,median_simple_niche_101091041787612815616963935606475521174,Zhuang-ABCA-1.099,C57BL6J-638850.30,3
4074,scgpt,median_simple_niche_101091041787612815616963935606475521174,Zhuang-ABCA-1.099,C57BL6J-638850.31,3
4075,scgpt,median_simple_niche_101091041787612815616963935606475521174,Zhuang-ABCA-1.099,Zhuang-ABCA-1.096,3
4076,scgpt,median_simple_niche_101091041787612815616963935606475521174,Zhuang-ABCA-1.099,Zhuang-ABCA-1.097,3
4077,scgpt,median_simple_niche_101091041787612815616963935606475521174,Zhuang-ABCA-1.099,Zhuang-ABCA-1.098,3
4078,scgpt,median_simple_niche_101091041787612815616963935606475521174,Zhuang-ABCA-1.099,Zhuang-ABCA-3.001,3
4079,scgpt,median_simple_niche_101091041787612815616963935606475521174,Zhuang-ABCA-1.099,Zhuang-ABCA-3.002,3
4080,scgpt,median_simple_niche_101091041787612815616963935606475521174,Zhuang-ABCA-1.099,Zhuang-ABCA-3.004,3
4081,scgpt,median_simple_niche_101091041787612815616963935606475521174,Zhuang-ABCA-1.099,Zhuang-ABCA-3.005,3
4082,gene_expr,median_simple_niche_101091041787612815616963935606475521174,Zhuang-ABCA-1.099,C57BL6J-638850.28,3
4083,gene_expr,median_simple_niche_101091041787612815616963935606475521174,Zhuang-ABCA-1.099,C57BL6J-638850.29,3
4084,gene_expr,median_simple_niche_101091041787612815616963935606475521174,Zhuang-ABCA-1.099,C57BL6J-638850.30,3
4085,gene_expr,median_simple_niche_101091041787612815616963935606475521174,Zhuang-ABCA-1.099,C57BL6J-638850.31,3
4086,gene_expr,median_simple_niche_101091041787612815616963935606475521174,Zhuang-ABCA-1.099,Zhuang-ABCA-1.096,3
4087,gene_expr,median_simple_niche_101091041787612815616963935606475521174,Zhuang-ABCA-1.099,Zhuang-ABCA-1.097,3
4088,gene_expr,median_simple_niche_101091041787612815616963935606475521174,Zhuang-ABCA-1.099,Zhuang-ABCA-1.098,3
4089,gene_expr,median_simple_niche_101091041787612815616963935606475521174,Zhuang-ABCA-1.099,Zhuang-ABCA-3.001,3
4090,gene_expr,median_simple_niche_101091041787612815616963935606475521174,Zhuang-ABCA-1.099,Zhuang-ABCA-3.002,3
4091,gene_expr,median_simple_niche_101091041787612815616963935606475521174,Zhuang-ABCA-1.099,Zhuang-ABCA-3.004,3
4092,gene_expr,median_simple_niche_101091041787612815616963935606475521174,Zhuang-ABCA-1.099,Zhuang-ABCA-3.005,3
4093,quest_gene_expr,median_simple_niche_162347547260704678876639497235674543226,Zhuang-ABCA-1.099,C57BL6J-638850.28,3
4094,quest_gene_expr,median_simple_niche_162347547260704678876639497235674543226,Zhuang-ABCA-1.099,C57BL6J-638850.29,3
4095,quest_gene_expr,median_simple_niche_162347547260704678876639497235674543226,Zhuang-ABCA-1.099,C57BL6J-638850.30,3
4096,quest_gene_expr,median_simple_niche_162347547260704678876639497235674543226,Zhuang-ABCA-1.099,C57BL6J-638850.31,3
4097,quest_gene_expr,median_simple_niche_162347547260704678876639497235674543226,Zhuang-ABCA-1.099,Zhuang-ABCA-1.096,3
4098,quest_gene_expr,median_simple_niche_162347547260704678876639497235674543226,Zhuang-ABCA-1.099,Zhuang-ABCA-1.097,3
4099,quest_gene_expr,median_simple_niche_162347547260704678876639497235674543226,Zhuang-ABCA-1.099,Zhuang-ABCA-1.098,3
4100,quest_gene_expr,median_simple_niche_162347547260704678876639497235674543226,Zhuang-ABCA-1.099,Zhuang-ABCA-3.001,3
4101,quest_gene_expr,median_simple_niche_162347547260704678876639497235674543226,Zhuang-ABCA-1.099,Zhuang-ABCA-3.002,3
4102,quest_gene_expr,median_simple_niche_162347547260704678876639497235674543226,Zhuang-ABCA-1.099,Zhuang-ABCA-3.004,3
4103,quest_gene_expr,median_simple_niche_162347547260704678876639497235674543226,Zhuang-ABCA-1.099,Zhuang-ABCA-3.005,3
4104,quest_scgpt,median_simple_niche_162347547260704678876639497235674543226,Zhuang-ABCA-1.099,C57BL6J-638850.28,3
4105,quest_scgpt,median_simple_niche_162347547260704678876639497235674543226,Zhuang-ABCA-1.099,C57BL6J-638850.29,3
4106,quest_scgpt,median_simple_niche_162347547260704678876639497235674543226,Zhuang-ABCA-1.099,C57BL6J-638850.30,3
4107,quest_scgpt,median_simple_niche_162347547260704678876639497235674543226,Zhuang-ABCA-1.099,C57BL6J-638850.31,3
4108,quest_scgpt,median_simple_niche_162347547260704678876639497235674543226,Zhuang-ABCA-1.099,Zhuang-ABCA-1.096,3
4109,quest_scgpt,median_simple_niche_162347547260704678876639497235674543226,Zhuang-ABCA-1.099,Zhuang-ABCA-1.097,3
4110,quest_scgpt,median_simple_niche_162347547260704678876639497235674543226,Zhuang-ABCA-1.099,Zhuang-ABCA-1.098,3
4111,quest_scgpt,median_simple_niche_162347547260704678876639497235674543226,Zhuang-ABCA-1.099,Zhuang-ABCA-3.001,3
4112,quest_scgpt,median_simple_niche_162347547260704678876639497235674543226,Zhuang-ABCA-1.099,Zhuang-ABCA-3.002,3
4113,quest_scgpt,median_simple_niche_162347547260704678876639497235674543226,Zhuang-ABCA-1.099,Zhuang-ABCA-3.004,3
4114,quest_scgpt,median_simple_niche_162347547260704678876639497235674543226,Zhuang-ABCA-1.099,Zhuang-ABCA-3.005,3
4115,scgpt,median_simple_niche_162347547260704678876639497235674543226,Zhuang-ABCA-1.099,C57BL6J-638850.28,3
4116,scgpt,median_simple_niche_162347547260704678876639497235674543226,Zhuang-ABCA-1.099,C57BL6J-638850.29,3
4117,scgpt,median_simple_niche_162347547260704678876639497235674543226,Zhuang-ABCA-1.099,C57BL6J-638850.30,3
4118,scgpt,median_simple_niche_162347547260704678876639497235674543226,Zhuang-ABCA-1.099,C57BL6J-638850.31,3
4119,scgpt,median_simple_niche_162347547260704678876639497235674543226,Zhuang-ABCA-1.099,Zhuang-ABCA-1.096,3
4120,scgpt,median_simple_niche_162347547260704678876639497235674543226,Zhuang-ABCA-1.099,Zhuang-ABCA-1.097,3
4121,scgpt,median_simple_niche_162347547260704678876639497235674543226,Zhuang-ABCA-1.099,Zhuang-ABCA-1.098,3
4122,scgpt,median_simple_niche_162347547260704678876639497235674543226,Zhuang-ABCA-1.099,Zhuang-ABCA-3.001,3
4123,scgpt,median_simple_niche_162347547260704678876639497235674543226,Zhuang-ABCA-1.099,Zhuang-ABCA-3.002,3
4124,scgpt,median_simple_niche_162347547260704678876639497235674543226,Zhuang-ABCA-1.099,Zhuang-ABCA-3.004,3
4125,scgpt,median_simple_niche_162347547260704678876639497235674543226,Zhuang-ABCA-1.099,Zhuang-ABCA-3.005,3
4126,gene_expr,median_simple_niche_162347547260704678876639497235674543226,Zhuang-ABCA-1.099,C57BL6J-638850.28,3
4127,gene_expr,median_simple_niche_162347547260704678876639497235674543226,Zhuang-ABCA-1.099,C57BL6J-638850.29,3
4128,gene_expr,median_simple_niche_162347547260704678876639497235674543226,Zhuang-ABCA-1.099,C57BL6J-638850.30,3
4129,gene_expr,median_simple_niche_162347547260704678876639497235674543226,Zhuang-ABCA-1.099,C57BL6J-638850.31,3
4130,gene_expr,median_simple_niche_162347547260704678876639497235674543226,Zhuang-ABCA-1.099,Zhuang-ABCA-1.096,3
4131,gene_expr,median_simple_niche_162347547260704678876639497235674543226,Zhuang-ABCA-1.099,Zhuang-ABCA-1.097,3
4132,gene_expr,median_simple_niche_162347547260704678876639497235674543226,Zhuang-ABCA-1.099,Zhuang-ABCA-1.098,3
4133,gene_expr,median_simple_niche_162347547260704678876639497235674543226,Zhuang-ABCA-1.099,Zhuang-ABCA-3.001,3
4134,gene_expr,median_simple_niche_162347547260704678876639497235674543226,Zhuang-ABCA-1.099,Zhuang-ABCA-3.002,3
4135,gene_expr,median_simple_niche_162347547260704678876639497235674543226,Zhuang-ABCA-1.099,Zhuang-ABCA-3.004,3
4136,gene_expr,median_simple_niche_162347547260704678876639497235674543226,Zhuang-ABCA-1.099,Zhuang-ABCA-3.005,3
4137,quest_gene_expr,median_simple_niche_294485874756298594876345688860082043211,Zhuang-ABCA-1.099,C57BL6J-638850.28,3
4138,quest_gene_expr,median_simple_niche_294485874756298594876345688860082043211,Zhuang-ABCA-1.099,C57BL6J-638850.29,3
4139,quest_gene_expr,median_simple_niche_294485874756298594876345688860082043211,Zhuang-ABCA-1.099,C57BL6J-638850.30,3
4140,quest_gene_expr,median_simple_niche_294485874756298594876345688860082043211,Zhuang-ABCA-1.099,C57BL6J-638850.31,3
4141,quest_gene_expr,median_simple_niche_294485874756298594876345688860082043211,Zhuang-ABCA-1.099,Zhuang-ABCA-1.096,3
4142,quest_gene_expr,median_simple_niche_294485874756298594876345688860082043211,Zhuang-ABCA-1.099,Zhuang-ABCA-1.097,3
4143,quest_gene_expr,median_simple_niche_294485874756298594876345688860082043211,Zhuang-ABCA-1.099,Zhuang-ABCA-1.098,3
4144,quest_gene_expr,median_simple_niche_294485874756298594876345688860082043211,Zhuang-ABCA-1.099,Zhuang-ABCA-3.001,3
4145,quest_gene_expr,median_simple_niche_294485874756298594876345688860082043211,Zhuang-ABCA-1.099,Zhuang-ABCA-3.002,3
4146,quest_gene_expr,median_simple_niche_294485874756298594876345688860082043211,Zhuang-ABCA-1.099,Zhuang-ABCA-3.004,3
4147,quest_gene_expr,median_simple_niche_294485874756298594876345688860082043211,Zhuang-ABCA-1.099,Zhuang-ABCA-3.005,3
4148,quest_scgpt,median_simple_niche_294485874756298594876345688860082043211,Zhuang-ABCA-1.099,C57BL6J-638850.28,3
4149,quest_scgpt,median_simple_niche_294485874756298594876345688860082043211,Zhuang-ABCA-1.099,C57BL6J-638850.29,3
4150,quest_scgpt,median_simple_niche_294485874756298594876345688860082043211,Zhuang-ABCA-1.099,C57BL6J-638850.30,3
4151,quest_scgpt,median_simple_niche_294485874756298594876345688860082043211,Zhuang-ABCA-1.099,C57BL6J-638850.31,3
4152,quest_scgpt,median_simple_niche_294485874756298594876345688860082043211,Zhuang-ABCA-1.099,Zhuang-ABCA-1.096,3
4153,quest_scgpt,median_simple_niche_294485874756298594876345688860082043211,Zhuang-ABCA-1.099,Zhuang-ABCA-1.097,3
4154,quest_scgpt,median_simple_niche_294485874756298594876345688860082043211,Zhuang-ABCA-1.099,Zhuang-ABCA-1.098,3
4155,quest_scgpt,median_simple_niche_294485874756298594876345688860082043211,Zhuang-ABCA-1.099,Zhuang-ABCA-3.001,3
4156,quest_scgpt,median_simple_niche_294485874756298594876345688860082043211,Zhuang-ABCA-1.099,Zhuang-ABCA-3.002,3
4157,quest_scgpt,median_simple_niche_294485874756298594876345688860082043211,Zhuang-ABCA-1.099,Zhuang-ABCA-3.004,3
4158,quest_scgpt,median_simple_niche_294485874756298594876345688860082043211,Zhuang-ABCA-1.099,Zhuang-ABCA-3.005,3
4159,scgpt,median_simple_niche_294485874756298594876345688860082043211,Zhuang-ABCA-1.099,C57BL6J-638850.28,3
4160,scgpt,median_simple_niche_294485874756298594876345688860082043211,Zhuang-ABCA-1.099,C57BL6J-638850.29,3
4161,scgpt,median_simple_niche_294485874756298594876345688860082043211,Zhuang-ABCA-1.099,C57BL6J-638850.30,3
4162,scgpt,median_simple_niche_294485874756298594876345688860082043211,Zhuang-ABCA-1.099,C57BL6J-638850.31,3
4163,scgpt,median_simple_niche_294485874756298594876345688860082043211,Zhuang-ABCA-1.099,Zhuang-ABCA-1.096,3
4164,scgpt,median_simple_niche_294485874756298594876345688860082043211,Zhuang-ABCA-1.099,Zhuang-ABCA-1.097,3
4165,scgpt,median_simple_niche_294485874756298594876345688860082043211,Zhuang-ABCA-1.099,Zhuang-ABCA-1.098,3
4166,scgpt,median_simple_niche_294485874756298594876345688860082043211,Zhuang-ABCA-1.099,Zhuang-ABCA-3.001,3
4167,scgpt,median_simple_niche_294485874756298594876345688860082043211,Zhuang-ABCA-1.099,Zhuang-ABCA-3.002,3
4168,scgpt,median_simple_niche_294485874756298594876345688860082043211,Zhuang-ABCA-1.099,Zhuang-ABCA-3.004,3
4169,scgpt,median_simple_niche_294485874756298594876345688860082043211,Zhuang-ABCA-1.099,Zhuang-ABCA-3.005,3
4170,gene_expr,median_simple_niche_294485874756298594876345688860082043211,Zhuang-ABCA-1.099,C57BL6J-638850.28,3
4171,gene_expr,median_simple_niche_294485874756298594876345688860082043211,Zhuang-ABCA-1.099,C57BL6J-638850.29,3
4172,gene_expr,median_simple_niche_294485874756298594876345688860082043211,Zhuang-ABCA-1.099,C57BL6J-638850.30,3
4173,gene_expr,median_simple_niche_294485874756298594876345688860082043211,Zhuang-ABCA-1.099,C57BL6J-638850.31,3
4174,gene_expr,median_simple_niche_294485874756298594876345688860082043211,Zhuang-ABCA-1.099,Zhuang-ABCA-1.096,3
4175,gene_expr,median_simple_niche_294485874756298594876345688860082043211,Zhuang-ABCA-1.099,Zhuang-ABCA-1.097,3
4176,gene_expr,median_simple_niche_294485874756298594876345688860082043211,Zhuang-ABCA-1.099,Zhuang-ABCA-1.098,3
4177,gene_expr,median_simple_niche_294485874756298594876345688860082043211,Zhuang-ABCA-1.099,Zhuang-ABCA-3.001,3
4178,gene_expr,median_simple_niche_294485874756298594876345688860082043211,Zhuang-ABCA-1.099,Zhuang-ABCA-3.002,3
4179,gene_expr,median_simple_niche_294485874756298594876345688860082043211,Zhuang-ABCA-1.099,Zhuang-ABCA-3.004,3
4180,gene_expr,median_simple_niche_294485874756298594876345688860082043211,Zhuang-ABCA-1.099,Zhuang-ABCA-3.005,3
4181,quest_gene_expr,median_simple_niche_62762786836443323203825666837466629773,Zhuang-ABCA-1.099,C57BL6J-638850.28,3
4182,quest_gene_expr,median_simple_niche_62762786836443323203825666837466629773,Zhuang-ABCA-1.099,C57BL6J-638850.29,3
4183,quest_gene_expr,median_simple_niche_62762786836443323203825666837466629773,Zhuang-ABCA-1.099,C57BL6J-638850.30,3
4184,quest_gene_expr,median_simple_niche_62762786836443323203825666837466629773,Zhuang-ABCA-1.099,C57BL6J-638850.31,3
4185,quest_gene_expr,median_simple_niche_62762786836443323203825666837466629773,Zhuang-ABCA-1.099,Zhuang-ABCA-1.096,3
4186,quest_gene_expr,median_simple_niche_62762786836443323203825666837466629773,Zhuang-ABCA-1.099,Zhuang-ABCA-1.097,3
4187,quest_gene_expr,median_simple_niche_62762786836443323203825666837466629773,Zhuang-ABCA-1.099,Zhuang-ABCA-1.098,3
4188,quest_gene_expr,median_simple_niche_62762786836443323203825666837466629773,Zhuang-ABCA-1.099,Zhuang-ABCA-3.001,3
4189,quest_gene_expr,median_simple_niche_62762786836443323203825666837466629773,Zhuang-ABCA-1.099,Zhuang-ABCA-3.002,3
4190,quest_gene_expr,median_simple_niche_62762786836443323203825666837466629773,Zhuang-ABCA-1.099,Zhuang-ABCA-3.004,3
4191,quest_gene_expr,median_simple_niche_62762786836443323203825666837466629773,Zhuang-ABCA-1.099,Zhuang-ABCA-3.005,3
4192,quest_scgpt,median_simple_niche_62762786836443323203825666837466629773,Zhuang-ABCA-1.099,C57BL6J-638850.28,3
4193,quest_scgpt,median_simple_niche_62762786836443323203825666837466629773,Zhuang-ABCA-1.099,C57BL6J-638850.29,3
4194,quest_scgpt,median_simple_niche_62762786836443323203825666837466629773,Zhuang-ABCA-1.099,C57BL6J-638850.30,3
4195,quest_scgpt,median_simple_niche_62762786836443323203825666837466629773,Zhuang-ABCA-1.099,C57BL6J-638850.31,3
4196,quest_scgpt,median_simple_niche_62762786836443323203825666837466629773,Zhuang-ABCA-1.099,Zhuang-ABCA-1.096,3
4197,quest_scgpt,median_simple_niche_62762786836443323203825666837466629773,Zhuang-ABCA-1.099,Zhuang-ABCA-1.097,3
4198,quest_scgpt,median_simple_niche_62762786836443323203825666837466629773,Zhuang-ABCA-1.099,Zhuang-ABCA-1.098,3
4199,quest_scgpt,median_simple_niche_62762786836443323203825666837466629773,Zhuang-ABCA-1.099,Zhuang-ABCA-3.001,3
4200,quest_scgpt,median_simple_niche_62762786836443323203825666837466629773,Zhuang-ABCA-1.099,Zhuang-ABCA-3.002,3
4201,quest_scgpt,median_simple_niche_62762786836443323203825666837466629773,Zhuang-ABCA-1.099,Zhuang-ABCA-3.004,3
4202,quest_scgpt,median_simple_niche_62762786836443323203825666837466629773,Zhuang-ABCA-1.099,Zhuang-ABCA-3.005,3
4203,scgpt,median_simple_niche_62762786836443323203825666837466629773,Zhuang-ABCA-1.099,C57BL6J-638850.28,3
4204,scgpt,median_simple_niche_62762786836443323203825666837466629773,Zhuang-ABCA-1.099,C57BL6J-638850.29,3
4205,scgpt,median_simple_niche_62762786836443323203825666837466629773,Zhuang-ABCA-1.099,C57BL6J-638850.30,3
4206,scgpt,median_simple_niche_62762786836443323203825666837466629773,Zhuang-ABCA-1.099,C57BL6J-638850.31,3
4207,scgpt,median_simple_niche_62762786836443323203825666837466629773,Zhuang-ABCA-1.099,Zhuang-ABCA-1.096,3
4208,scgpt,median_simple_niche_62762786836443323203825666837466629773,Zhuang-ABCA-1.099,Zhuang-ABCA-1.097,3
4209,scgpt,median_simple_niche_62762786836443323203825666837466629773,Zhuang-ABCA-1.099,Zhuang-ABCA-1.098,3
4210,scgpt,median_simple_niche_62762786836443323203825666837466629773,Zhuang-ABCA-1.099,Zhuang-ABCA-3.001,3
4211,scgpt,median_simple_niche_62762786836443323203825666837466629773,Zhuang-ABCA-1.099,Zhuang-ABCA-3.002,3
4212,scgpt,median_simple_niche_62762786836443323203825666837466629773,Zhuang-ABCA-1.099,Zhuang-ABCA-3.004,3
4213,scgpt,median_simple_niche_62762786836443323203825666837466629773,Zhuang-ABCA-1.099,Zhuang-ABCA-3.005,3
4214,gene_expr,median_simple_niche_62762786836443323203825666837466629773,Zhuang-ABCA-1.099,C57BL6J-638850.28,3
4215,gene_expr,median_simple_niche_62762786836443323203825666837466629773,Zhuang-ABCA-1.099,C57BL6J-638850.29,3
4216,gene_expr,median_simple_niche_62762786836443323203825666837466629773,Zhuang-ABCA-1.099,C57BL6J-638850.30,3
4217,gene_expr,median_simple_niche_62762786836443323203825666837466629773,Zhuang-ABCA-1.099,C57BL6J-638850.31,3
4218,gene_expr,median_simple_niche_62762786836443323203825666837466629773,Zhuang-ABCA-1.099,Zhuang-ABCA-1.096,3
4219,gene_expr,median_simple_niche_62762786836443323203825666837466629773,Zhuang-ABCA-1.099,Zhuang-ABCA-1.097,3
4220,gene_expr,median_simple_niche_62762786836443323203825666837466629773,Zhuang-ABCA-1.099,Zhuang-ABCA-1.098,3
4221,gene_expr,median_simple_niche_62762786836443323203825666837466629773,Zhuang-ABCA-1.099,Zhuang-ABCA-3.001,3
4222,gene_expr,median_simple_niche_62762786836443323203825666837466629773,Zhuang-ABCA-1.099,Zhuang-ABCA-3.002,3
4223,gene_expr,median_simple_niche_62762786836443323203825666837466629773,Zhuang-ABCA-1.099,Zhuang-ABCA-3.004,3
4224,gene_expr,median_simple_niche_62762786836443323203825666837466629773,Zhuang-ABCA-1.099,Zhuang-ABCA-3.005,3
4225,quest_gene_expr,median_simple_niche_121222663899341689833551289289410197622,Zhuang-ABCA-3.001,C57BL6J-638850.28,3
4226,quest_gene_expr,median_simple_niche_121222663899341689833551289289410197622,Zhuang-ABCA-3.001,C57BL6J-638850.29,3
4227,quest_gene_expr,median_simple_niche_121222663899341689833551289289410197622,Zhuang-ABCA-3.001,C57BL6J-638850.30,3
4228,quest_gene_expr,median_simple_niche_121222663899341689833551289289410197622,Zhuang-ABCA-3.001,C57BL6J-638850.31,3
4229,quest_gene_expr,median_simple_niche_121222663899341689833551289289410197622,Zhuang-ABCA-3.001,Zhuang-ABCA-1.096,3
4230,quest_gene_expr,median_simple_niche_121222663899341689833551289289410197622,Zhuang-ABCA-3.001,Zhuang-ABCA-1.097,3
4231,quest_gene_expr,median_simple_niche_121222663899341689833551289289410197622,Zhuang-ABCA-3.001,Zhuang-ABCA-1.098,3
4232,quest_gene_expr,median_simple_niche_121222663899341689833551289289410197622,Zhuang-ABCA-3.001,Zhuang-ABCA-1.099,3
4233,quest_gene_expr,median_simple_niche_121222663899341689833551289289410197622,Zhuang-ABCA-3.001,Zhuang-ABCA-3.002,3
4234,quest_gene_expr,median_simple_niche_121222663899341689833551289289410197622,Zhuang-ABCA-3.001,Zhuang-ABCA-3.004,3
4235,quest_gene_expr,median_simple_niche_121222663899341689833551289289410197622,Zhuang-ABCA-3.001,Zhuang-ABCA-3.005,3
4236,quest_scgpt,median_simple_niche_121222663899341689833551289289410197622,Zhuang-ABCA-3.001,C57BL6J-638850.28,3
4237,quest_scgpt,median_simple_niche_121222663899341689833551289289410197622,Zhuang-ABCA-3.001,C57BL6J-638850.29,3
4238,quest_scgpt,median_simple_niche_121222663899341689833551289289410197622,Zhuang-ABCA-3.001,C57BL6J-638850.30,3
4239,quest_scgpt,median_simple_niche_121222663899341689833551289289410197622,Zhuang-ABCA-3.001,C57BL6J-638850.31,3
4240,quest_scgpt,median_simple_niche_121222663899341689833551289289410197622,Zhuang-ABCA-3.001,Zhuang-ABCA-1.096,3
4241,quest_scgpt,median_simple_niche_121222663899341689833551289289410197622,Zhuang-ABCA-3.001,Zhuang-ABCA-1.097,3
4242,quest_scgpt,median_simple_niche_121222663899341689833551289289410197622,Zhuang-ABCA-3.001,Zhuang-ABCA-1.098,3
4243,quest_scgpt,median_simple_niche_121222663899341689833551289289410197622,Zhuang-ABCA-3.001,Zhuang-ABCA-1.099,3
4244,quest_scgpt,median_simple_niche_121222663899341689833551289289410197622,Zhuang-ABCA-3.001,Zhuang-ABCA-3.002,3
4245,quest_scgpt,median_simple_niche_121222663899341689833551289289410197622,Zhuang-ABCA-3.001,Zhuang-ABCA-3.004,3
4246,quest_scgpt,median_simple_niche_121222663899341689833551289289410197622,Zhuang-ABCA-3.001,Zhuang-ABCA-3.005,3
4247,scgpt,median_simple_niche_121222663899341689833551289289410197622,Zhuang-ABCA-3.001,C57BL6J-638850.28,3
4248,scgpt,median_simple_niche_121222663899341689833551289289410197622,Zhuang-ABCA-3.001,C57BL6J-638850.29,3
4249,scgpt,median_simple_niche_121222663899341689833551289289410197622,Zhuang-ABCA-3.001,C57BL6J-638850.30,3
4250,scgpt,median_simple_niche_121222663899341689833551289289410197622,Zhuang-ABCA-3.001,C57BL6J-638850.31,3
4251,scgpt,median_simple_niche_121222663899341689833551289289410197622,Zhuang-ABCA-3.001,Zhuang-ABCA-1.096,3
4252,scgpt,median_simple_niche_121222663899341689833551289289410197622,Zhuang-ABCA-3.001,Zhuang-ABCA-1.097,3
4253,scgpt,median_simple_niche_121222663899341689833551289289410197622,Zhuang-ABCA-3.001,Zhuang-ABCA-1.098,3
4254,scgpt,median_simple_niche_121222663899341689833551289289410197622,Zhuang-ABCA-3.001,Zhuang-ABCA-1.099,3
4255,scgpt,median_simple_niche_121222663899341689833551289289410197622,Zhuang-ABCA-3.001,Zhuang-ABCA-3.002,3
4256,scgpt,median_simple_niche_121222663899341689833551289289410197622,Zhuang-ABCA-3.001,Zhuang-ABCA-3.004,3
4257,scgpt,median_simple_niche_121222663899341689833551289289410197622,Zhuang-ABCA-3.001,Zhuang-ABCA-3.005,3
4258,gene_expr,median_simple_niche_121222663899341689833551289289410197622,Zhuang-ABCA-3.001,C57BL6J-638850.28,3
4259,gene_expr,median_simple_niche_121222663899341689833551289289410197622,Zhuang-ABCA-3.001,C57BL6J-638850.29,3
4260,gene_expr,median_simple_niche_121222663899341689833551289289410197622,Zhuang-ABCA-3.001,C57BL6J-638850.30,3
4261,gene_expr,median_simple_niche_121222663899341689833551289289410197622,Zhuang-ABCA-3.001,C57BL6J-638850.31,3
4262,gene_expr,median_simple_niche_121222663899341689833551289289410197622,Zhuang-ABCA-3.001,Zhuang-ABCA-1.096,3
4263,gene_expr,median_simple_niche_121222663899341689833551289289410197622,Zhuang-ABCA-3.001,Zhuang-ABCA-1.097,3
4264,gene_expr,median_simple_niche_121222663899341689833551289289410197622,Zhuang-ABCA-3.001,Zhuang-ABCA-1.098,3
4265,gene_expr,median_simple_niche_121222663899341689833551289289410197622,Zhuang-ABCA-3.001,Zhuang-ABCA-1.099,3
4266,gene_expr,median_simple_niche_121222663899341689833551289289410197622,Zhuang-ABCA-3.001,Zhuang-ABCA-3.002,3
4267,gene_expr,median_simple_niche_121222663899341689833551289289410197622,Zhuang-ABCA-3.001,Zhuang-ABCA-3.004,3
4268,gene_expr,median_simple_niche_121222663899341689833551289289410197622,Zhuang-ABCA-3.001,Zhuang-ABCA-3.005,3
4269,quest_gene_expr,median_simple_niche_192561380822669122715215113594441296688,Zhuang-ABCA-3.001,C57BL6J-638850.28,3
4270,quest_gene_expr,median_simple_niche_192561380822669122715215113594441296688,Zhuang-ABCA-3.001,C57BL6J-638850.29,3
4271,quest_gene_expr,median_simple_niche_192561380822669122715215113594441296688,Zhuang-ABCA-3.001,C57BL6J-638850.30,3
4272,quest_gene_expr,median_simple_niche_192561380822669122715215113594441296688,Zhuang-ABCA-3.001,C57BL6J-638850.31,3
4273,quest_gene_expr,median_simple_niche_192561380822669122715215113594441296688,Zhuang-ABCA-3.001,Zhuang-ABCA-1.096,3
4274,quest_gene_expr,median_simple_niche_192561380822669122715215113594441296688,Zhuang-ABCA-3.001,Zhuang-ABCA-1.097,3
4275,quest_gene_expr,median_simple_niche_192561380822669122715215113594441296688,Zhuang-ABCA-3.001,Zhuang-ABCA-1.098,3
4276,quest_gene_expr,median_simple_niche_192561380822669122715215113594441296688,Zhuang-ABCA-3.001,Zhuang-ABCA-1.099,3
4277,quest_gene_expr,median_simple_niche_192561380822669122715215113594441296688,Zhuang-ABCA-3.001,Zhuang-ABCA-3.002,3
4278,quest_gene_expr,median_simple_niche_192561380822669122715215113594441296688,Zhuang-ABCA-3.001,Zhuang-ABCA-3.004,3
4279,quest_gene_expr,median_simple_niche_192561380822669122715215113594441296688,Zhuang-ABCA-3.001,Zhuang-ABCA-3.005,3
4280,quest_scgpt,median_simple_niche_192561380822669122715215113594441296688,Zhuang-ABCA-3.001,C57BL6J-638850.28,3
4281,quest_scgpt,median_simple_niche_192561380822669122715215113594441296688,Zhuang-ABCA-3.001,C57BL6J-638850.29,3
4282,quest_scgpt,median_simple_niche_192561380822669122715215113594441296688,Zhuang-ABCA-3.001,C57BL6J-638850.30,3
4283,quest_scgpt,median_simple_niche_192561380822669122715215113594441296688,Zhuang-ABCA-3.001,C57BL6J-638850.31,3
4284,quest_scgpt,median_simple_niche_192561380822669122715215113594441296688,Zhuang-ABCA-3.001,Zhuang-ABCA-1.096,3
4285,quest_scgpt,median_simple_niche_192561380822669122715215113594441296688,Zhuang-ABCA-3.001,Zhuang-ABCA-1.097,3
4286,quest_scgpt,median_simple_niche_192561380822669122715215113594441296688,Zhuang-ABCA-3.001,Zhuang-ABCA-1.098,3
4287,quest_scgpt,median_simple_niche_192561380822669122715215113594441296688,Zhuang-ABCA-3.001,Zhuang-ABCA-1.099,3
4288,quest_scgpt,median_simple_niche_192561380822669122715215113594441296688,Zhuang-ABCA-3.001,Zhuang-ABCA-3.002,3
4289,quest_scgpt,median_simple_niche_192561380822669122715215113594441296688,Zhuang-ABCA-3.001,Zhuang-ABCA-3.004,3
4290,quest_scgpt,median_simple_niche_192561380822669122715215113594441296688,Zhuang-ABCA-3.001,Zhuang-ABCA-3.005,3
4291,scgpt,median_simple_niche_192561380822669122715215113594441296688,Zhuang-ABCA-3.001,C57BL6J-638850.28,3
4292,scgpt,median_simple_niche_192561380822669122715215113594441296688,Zhuang-ABCA-3.001,C57BL6J-638850.29,3
4293,scgpt,median_simple_niche_192561380822669122715215113594441296688,Zhuang-ABCA-3.001,C57BL6J-638850.30,3
4294,scgpt,median_simple_niche_192561380822669122715215113594441296688,Zhuang-ABCA-3.001,C57BL6J-638850.31,3
4295,scgpt,median_simple_niche_192561380822669122715215113594441296688,Zhuang-ABCA-3.001,Zhuang-ABCA-1.096,3
4296,scgpt,median_simple_niche_192561380822669122715215113594441296688,Zhuang-ABCA-3.001,Zhuang-ABCA-1.097,3
4297,scgpt,median_simple_niche_192561380822669122715215113594441296688,Zhuang-ABCA-3.001,Zhuang-ABCA-1.098,3
4298,scgpt,median_simple_niche_192561380822669122715215113594441296688,Zhuang-ABCA-3.001,Zhuang-ABCA-1.099,3
4299,scgpt,median_simple_niche_192561380822669122715215113594441296688,Zhuang-ABCA-3.001,Zhuang-ABCA-3.002,3
4300,scgpt,median_simple_niche_192561380822669122715215113594441296688,Zhuang-ABCA-3.001,Zhuang-ABCA-3.004,3
4301,scgpt,median_simple_niche_192561380822669122715215113594441296688,Zhuang-ABCA-3.001,Zhuang-ABCA-3.005,3
4302,gene_expr,median_simple_niche_192561380822669122715215113594441296688,Zhuang-ABCA-3.001,C57BL6J-638850.28,3
4303,gene_expr,median_simple_niche_192561380822669122715215113594441296688,Zhuang-ABCA-3.001,C57BL6J-638850.29,3
4304,gene_expr,median_simple_niche_192561380822669122715215113594441296688,Zhuang-ABCA-3.001,C57BL6J-638850.30,3
4305,gene_expr,median_simple_niche_192561380822669122715215113594441296688,Zhuang-ABCA-3.001,C57BL6J-638850.31,3
4306,gene_expr,median_simple_niche_192561380822669122715215113594441296688,Zhuang-ABCA-3.001,Zhuang-ABCA-1.096,3
4307,gene_expr,median_simple_niche_192561380822669122715215113594441296688,Zhuang-ABCA-3.001,Zhuang-ABCA-1.097,3
4308,gene_expr,median_simple_niche_192561380822669122715215113594441296688,Zhuang-ABCA-3.001,Zhuang-ABCA-1.098,3
4309,gene_expr,median_simple_niche_192561380822669122715215113594441296688,Zhuang-ABCA-3.001,Zhuang-ABCA-1.099,3
4310,gene_expr,median_simple_niche_192561380822669122715215113594441296688,Zhuang-ABCA-3.001,Zhuang-ABCA-3.002,3
4311,gene_expr,median_simple_niche_192561380822669122715215113594441296688,Zhuang-ABCA-3.001,Zhuang-ABCA-3.004,3
4312,gene_expr,median_simple_niche_192561380822669122715215113594441296688,Zhuang-ABCA-3.001,Zhuang-ABCA-3.005,3
4313,quest_gene_expr,median_simple_niche_10954756915750795762711761253214285725,Zhuang-ABCA-3.002,C57BL6J-638850.28,3
4314,quest_gene_expr,median_simple_niche_10954756915750795762711761253214285725,Zhuang-ABCA-3.002,C57BL6J-638850.29,3
4315,quest_gene_expr,median_simple_niche_10954756915750795762711761253214285725,Zhuang-ABCA-3.002,C57BL6J-638850.30,3
4316,quest_gene_expr,median_simple_niche_10954756915750795762711761253214285725,Zhuang-ABCA-3.002,C57BL6J-638850.31,3
4317,quest_gene_expr,median_simple_niche_10954756915750795762711761253214285725,Zhuang-ABCA-3.002,Zhuang-ABCA-1.096,3
4318,quest_gene_expr,median_simple_niche_10954756915750795762711761253214285725,Zhuang-ABCA-3.002,Zhuang-ABCA-1.097,3
4319,quest_gene_expr,median_simple_niche_10954756915750795762711761253214285725,Zhuang-ABCA-3.002,Zhuang-ABCA-1.098,3
4320,quest_gene_expr,median_simple_niche_10954756915750795762711761253214285725,Zhuang-ABCA-3.002,Zhuang-ABCA-1.099,3
4321,quest_gene_expr,median_simple_niche_10954756915750795762711761253214285725,Zhuang-ABCA-3.002,Zhuang-ABCA-3.001,3
4322,quest_gene_expr,median_simple_niche_10954756915750795762711761253214285725,Zhuang-ABCA-3.002,Zhuang-ABCA-3.004,3
4323,quest_gene_expr,median_simple_niche_10954756915750795762711761253214285725,Zhuang-ABCA-3.002,Zhuang-ABCA-3.005,3
4324,quest_scgpt,median_simple_niche_10954756915750795762711761253214285725,Zhuang-ABCA-3.002,C57BL6J-638850.28,3
4325,quest_scgpt,median_simple_niche_10954756915750795762711761253214285725,Zhuang-ABCA-3.002,C57BL6J-638850.29,3
4326,quest_scgpt,median_simple_niche_10954756915750795762711761253214285725,Zhuang-ABCA-3.002,C57BL6J-638850.30,3
4327,quest_scgpt,median_simple_niche_10954756915750795762711761253214285725,Zhuang-ABCA-3.002,C57BL6J-638850.31,3
4328,quest_scgpt,median_simple_niche_10954756915750795762711761253214285725,Zhuang-ABCA-3.002,Zhuang-ABCA-1.096,3
4329,quest_scgpt,median_simple_niche_10954756915750795762711761253214285725,Zhuang-ABCA-3.002,Zhuang-ABCA-1.097,3
4330,quest_scgpt,median_simple_niche_10954756915750795762711761253214285725,Zhuang-ABCA-3.002,Zhuang-ABCA-1.098,3
4331,quest_scgpt,median_simple_niche_10954756915750795762711761253214285725,Zhuang-ABCA-3.002,Zhuang-ABCA-1.099,3
4332,quest_scgpt,median_simple_niche_10954756915750795762711761253214285725,Zhuang-ABCA-3.002,Zhuang-ABCA-3.001,3
4333,quest_scgpt,median_simple_niche_10954756915750795762711761253214285725,Zhuang-ABCA-3.002,Zhuang-ABCA-3.004,3
4334,quest_scgpt,median_simple_niche_10954756915750795762711761253214285725,Zhuang-ABCA-3.002,Zhuang-ABCA-3.005,3
4335,scgpt,median_simple_niche_10954756915750795762711761253214285725,Zhuang-ABCA-3.002,C57BL6J-638850.28,3
4336,scgpt,median_simple_niche_10954756915750795762711761253214285725,Zhuang-ABCA-3.002,C57BL6J-638850.29,3
4337,scgpt,median_simple_niche_10954756915750795762711761253214285725,Zhuang-ABCA-3.002,C57BL6J-638850.30,3
4338,scgpt,median_simple_niche_10954756915750795762711761253214285725,Zhuang-ABCA-3.002,C57BL6J-638850.31,3
4339,scgpt,median_simple_niche_10954756915750795762711761253214285725,Zhuang-ABCA-3.002,Zhuang-ABCA-1.096,3
4340,scgpt,median_simple_niche_10954756915750795762711761253214285725,Zhuang-ABCA-3.002,Zhuang-ABCA-1.097,3
4341,scgpt,median_simple_niche_10954756915750795762711761253214285725,Zhuang-ABCA-3.002,Zhuang-ABCA-1.098,3
4342,scgpt,median_simple_niche_10954756915750795762711761253214285725,Zhuang-ABCA-3.002,Zhuang-ABCA-1.099,3
4343,scgpt,median_simple_niche_10954756915750795762711761253214285725,Zhuang-ABCA-3.002,Zhuang-ABCA-3.001,3
4344,scgpt,median_simple_niche_10954756915750795762711761253214285725,Zhuang-ABCA-3.002,Zhuang-ABCA-3.004,3
4345,scgpt,median_simple_niche_10954756915750795762711761253214285725,Zhuang-ABCA-3.002,Zhuang-ABCA-3.005,3
4346,gene_expr,median_simple_niche_10954756915750795762711761253214285725,Zhuang-ABCA-3.002,C57BL6J-638850.28,3
4347,gene_expr,median_simple_niche_10954756915750795762711761253214285725,Zhuang-ABCA-3.002,C57BL6J-638850.29,3
4348,gene_expr,median_simple_niche_10954756915750795762711761253214285725,Zhuang-ABCA-3.002,C57BL6J-638850.30,3
4349,gene_expr,median_simple_niche_10954756915750795762711761253214285725,Zhuang-ABCA-3.002,C57BL6J-638850.31,3
4350,gene_expr,median_simple_niche_10954756915750795762711761253214285725,Zhuang-ABCA-3.002,Zhuang-ABCA-1.096,3
4351,gene_expr,median_simple_niche_10954756915750795762711761253214285725,Zhuang-ABCA-3.002,Zhuang-ABCA-1.097,3
4352,gene_expr,median_simple_niche_10954756915750795762711761253214285725,Zhuang-ABCA-3.002,Zhuang-ABCA-1.098,3
4353,gene_expr,median_simple_niche_10954756915750795762711761253214285725,Zhuang-ABCA-3.002,Zhuang-ABCA-1.099,3
4354,gene_expr,median_simple_niche_10954756915750795762711761253214285725,Zhuang-ABCA-3.002,Zhuang-ABCA-3.001,3
4355,gene_expr,median_simple_niche_10954756915750795762711761253214285725,Zhuang-ABCA-3.002,Zhuang-ABCA-3.004,3
4356,gene_expr,median_simple_niche_10954756915750795762711761253214285725,Zhuang-ABCA-3.002,Zhuang-ABCA-3.005,3
4357,quest_gene_expr,median_simple_niche_125860591516241773591108740305149463728,Zhuang-ABCA-3.002,C57BL6J-638850.28,3
4358,quest_gene_expr,median_simple_niche_125860591516241773591108740305149463728,Zhuang-ABCA-3.002,C57BL6J-638850.29,3
4359,quest_gene_expr,median_simple_niche_125860591516241773591108740305149463728,Zhuang-ABCA-3.002,C57BL6J-638850.30,3
4360,quest_gene_expr,median_simple_niche_125860591516241773591108740305149463728,Zhuang-ABCA-3.002,C57BL6J-638850.31,3
4361,quest_gene_expr,median_simple_niche_125860591516241773591108740305149463728,Zhuang-ABCA-3.002,Zhuang-ABCA-1.096,3
4362,quest_gene_expr,median_simple_niche_125860591516241773591108740305149463728,Zhuang-ABCA-3.002,Zhuang-ABCA-1.097,3
4363,quest_gene_expr,median_simple_niche_125860591516241773591108740305149463728,Zhuang-ABCA-3.002,Zhuang-ABCA-1.098,3
4364,quest_gene_expr,median_simple_niche_125860591516241773591108740305149463728,Zhuang-ABCA-3.002,Zhuang-ABCA-1.099,3
4365,quest_gene_expr,median_simple_niche_125860591516241773591108740305149463728,Zhuang-ABCA-3.002,Zhuang-ABCA-3.001,3
4366,quest_gene_expr,median_simple_niche_125860591516241773591108740305149463728,Zhuang-ABCA-3.002,Zhuang-ABCA-3.004,3
4367,quest_gene_expr,median_simple_niche_125860591516241773591108740305149463728,Zhuang-ABCA-3.002,Zhuang-ABCA-3.005,3
4368,quest_scgpt,median_simple_niche_125860591516241773591108740305149463728,Zhuang-ABCA-3.002,C57BL6J-638850.28,3
4369,quest_scgpt,median_simple_niche_125860591516241773591108740305149463728,Zhuang-ABCA-3.002,C57BL6J-638850.29,3
4370,quest_scgpt,median_simple_niche_125860591516241773591108740305149463728,Zhuang-ABCA-3.002,C57BL6J-638850.30,3
4371,quest_scgpt,median_simple_niche_125860591516241773591108740305149463728,Zhuang-ABCA-3.002,C57BL6J-638850.31,3
4372,quest_scgpt,median_simple_niche_125860591516241773591108740305149463728,Zhuang-ABCA-3.002,Zhuang-ABCA-1.096,3
4373,quest_scgpt,median_simple_niche_125860591516241773591108740305149463728,Zhuang-ABCA-3.002,Zhuang-ABCA-1.097,3
4374,quest_scgpt,median_simple_niche_125860591516241773591108740305149463728,Zhuang-ABCA-3.002,Zhuang-ABCA-1.098,3
4375,quest_scgpt,median_simple_niche_125860591516241773591108740305149463728,Zhuang-ABCA-3.002,Zhuang-ABCA-1.099,3
4376,quest_scgpt,median_simple_niche_125860591516241773591108740305149463728,Zhuang-ABCA-3.002,Zhuang-ABCA-3.001,3
4377,quest_scgpt,median_simple_niche_125860591516241773591108740305149463728,Zhuang-ABCA-3.002,Zhuang-ABCA-3.004,3
4378,quest_scgpt,median_simple_niche_125860591516241773591108740305149463728,Zhuang-ABCA-3.002,Zhuang-ABCA-3.005,3
4379,scgpt,median_simple_niche_125860591516241773591108740305149463728,Zhuang-ABCA-3.002,C57BL6J-638850.28,3
4380,scgpt,median_simple_niche_125860591516241773591108740305149463728,Zhuang-ABCA-3.002,C57BL6J-638850.29,3
4381,scgpt,median_simple_niche_125860591516241773591108740305149463728,Zhuang-ABCA-3.002,C57BL6J-638850.30,3
4382,scgpt,median_simple_niche_125860591516241773591108740305149463728,Zhuang-ABCA-3.002,C57BL6J-638850.31,3
4383,scgpt,median_simple_niche_125860591516241773591108740305149463728,Zhuang-ABCA-3.002,Zhuang-ABCA-1.096,3
4384,scgpt,median_simple_niche_125860591516241773591108740305149463728,Zhuang-ABCA-3.002,Zhuang-ABCA-1.097,3
4385,scgpt,median_simple_niche_125860591516241773591108740305149463728,Zhuang-ABCA-3.002,Zhuang-ABCA-1.098,3
4386,scgpt,median_simple_niche_125860591516241773591108740305149463728,Zhuang-ABCA-3.002,Zhuang-ABCA-1.099,3
4387,scgpt,median_simple_niche_125860591516241773591108740305149463728,Zhuang-ABCA-3.002,Zhuang-ABCA-3.001,3
4388,scgpt,median_simple_niche_125860591516241773591108740305149463728,Zhuang-ABCA-3.002,Zhuang-ABCA-3.004,3
4389,scgpt,median_simple_niche_125860591516241773591108740305149463728,Zhuang-ABCA-3.002,Zhuang-ABCA-3.005,3
4390,gene_expr,median_simple_niche_125860591516241773591108740305149463728,Zhuang-ABCA-3.002,C57BL6J-638850.28,3
4391,gene_expr,median_simple_niche_125860591516241773591108740305149463728,Zhuang-ABCA-3.002,C57BL6J-638850.29,3
4392,gene_expr,median_simple_niche_125860591516241773591108740305149463728,Zhuang-ABCA-3.002,C57BL6J-638850.30,3
4393,gene_expr,median_simple_niche_125860591516241773591108740305149463728,Zhuang-ABCA-3.002,C57BL6J-638850.31,3
4394,gene_expr,median_simple_niche_125860591516241773591108740305149463728,Zhuang-ABCA-3.002,Zhuang-ABCA-1.096,3
4395,gene_expr,median_simple_niche_125860591516241773591108740305149463728,Zhuang-ABCA-3.002,Zhuang-ABCA-1.097,3
4396,gene_expr,median_simple_niche_125860591516241773591108740305149463728,Zhuang-ABCA-3.002,Zhuang-ABCA-1.098,3
4397,gene_expr,median_simple_niche_125860591516241773591108740305149463728,Zhuang-ABCA-3.002,Zhuang-ABCA-1.099,3
4398,gene_expr,median_simple_niche_125860591516241773591108740305149463728,Zhuang-ABCA-3.002,Zhuang-ABCA-3.001,3
4399,gene_expr,median_simple_niche_125860591516241773591108740305149463728,Zhuang-ABCA-3.002,Zhuang-ABCA-3.004,3
4400,gene_expr,median_simple_niche_125860591516241773591108740305149463728,Zhuang-ABCA-3.002,Zhuang-ABCA-3.005,3
4401,quest_gene_expr,median_simple_niche_135266499521890624564733261904887163307,Zhuang-ABCA-3.002,C57BL6J-638850.28,3
4402,quest_gene_expr,median_simple_niche_135266499521890624564733261904887163307,Zhuang-ABCA-3.002,C57BL6J-638850.29,3
4403,quest_gene_expr,median_simple_niche_135266499521890624564733261904887163307,Zhuang-ABCA-3.002,C57BL6J-638850.30,3
4404,quest_gene_expr,median_simple_niche_135266499521890624564733261904887163307,Zhuang-ABCA-3.002,C57BL6J-638850.31,3
4405,quest_gene_expr,median_simple_niche_135266499521890624564733261904887163307,Zhuang-ABCA-3.002,Zhuang-ABCA-1.096,3
4406,quest_gene_expr,median_simple_niche_135266499521890624564733261904887163307,Zhuang-ABCA-3.002,Zhuang-ABCA-1.097,3
4407,quest_gene_expr,median_simple_niche_135266499521890624564733261904887163307,Zhuang-ABCA-3.002,Zhuang-ABCA-1.098,3
4408,quest_gene_expr,median_simple_niche_135266499521890624564733261904887163307,Zhuang-ABCA-3.002,Zhuang-ABCA-1.099,3
4409,quest_gene_expr,median_simple_niche_135266499521890624564733261904887163307,Zhuang-ABCA-3.002,Zhuang-ABCA-3.001,3
4410,quest_gene_expr,median_simple_niche_135266499521890624564733261904887163307,Zhuang-ABCA-3.002,Zhuang-ABCA-3.004,3
4411,quest_gene_expr,median_simple_niche_135266499521890624564733261904887163307,Zhuang-ABCA-3.002,Zhuang-ABCA-3.005,3
4412,quest_scgpt,median_simple_niche_135266499521890624564733261904887163307,Zhuang-ABCA-3.002,C57BL6J-638850.28,3
4413,quest_scgpt,median_simple_niche_135266499521890624564733261904887163307,Zhuang-ABCA-3.002,C57BL6J-638850.29,3
4414,quest_scgpt,median_simple_niche_135266499521890624564733261904887163307,Zhuang-ABCA-3.002,C57BL6J-638850.30,3
4415,quest_scgpt,median_simple_niche_135266499521890624564733261904887163307,Zhuang-ABCA-3.002,C57BL6J-638850.31,3
4416,quest_scgpt,median_simple_niche_135266499521890624564733261904887163307,Zhuang-ABCA-3.002,Zhuang-ABCA-1.096,3
4417,quest_scgpt,median_simple_niche_135266499521890624564733261904887163307,Zhuang-ABCA-3.002,Zhuang-ABCA-1.097,3
4418,quest_scgpt,median_simple_niche_135266499521890624564733261904887163307,Zhuang-ABCA-3.002,Zhuang-ABCA-1.098,3
4419,quest_scgpt,median_simple_niche_135266499521890624564733261904887163307,Zhuang-ABCA-3.002,Zhuang-ABCA-1.099,3
4420,quest_scgpt,median_simple_niche_135266499521890624564733261904887163307,Zhuang-ABCA-3.002,Zhuang-ABCA-3.001,3
4421,quest_scgpt,median_simple_niche_135266499521890624564733261904887163307,Zhuang-ABCA-3.002,Zhuang-ABCA-3.004,3
4422,quest_scgpt,median_simple_niche_135266499521890624564733261904887163307,Zhuang-ABCA-3.002,Zhuang-ABCA-3.005,3
4423,scgpt,median_simple_niche_135266499521890624564733261904887163307,Zhuang-ABCA-3.002,C57BL6J-638850.28,3
4424,scgpt,median_simple_niche_135266499521890624564733261904887163307,Zhuang-ABCA-3.002,C57BL6J-638850.29,3
4425,scgpt,median_simple_niche_135266499521890624564733261904887163307,Zhuang-ABCA-3.002,C57BL6J-638850.30,3
4426,scgpt,median_simple_niche_135266499521890624564733261904887163307,Zhuang-ABCA-3.002,C57BL6J-638850.31,3
4427,scgpt,median_simple_niche_135266499521890624564733261904887163307,Zhuang-ABCA-3.002,Zhuang-ABCA-1.096,3
4428,scgpt,median_simple_niche_135266499521890624564733261904887163307,Zhuang-ABCA-3.002,Zhuang-ABCA-1.097,3
4429,scgpt,median_simple_niche_135266499521890624564733261904887163307,Zhuang-ABCA-3.002,Zhuang-ABCA-1.098,3
4430,scgpt,median_simple_niche_135266499521890624564733261904887163307,Zhuang-ABCA-3.002,Zhuang-ABCA-1.099,3
4431,scgpt,median_simple_niche_135266499521890624564733261904887163307,Zhuang-ABCA-3.002,Zhuang-ABCA-3.001,3
4432,scgpt,median_simple_niche_135266499521890624564733261904887163307,Zhuang-ABCA-3.002,Zhuang-ABCA-3.004,3
4433,scgpt,median_simple_niche_135266499521890624564733261904887163307,Zhuang-ABCA-3.002,Zhuang-ABCA-3.005,3
4434,gene_expr,median_simple_niche_135266499521890624564733261904887163307,Zhuang-ABCA-3.002,C57BL6J-638850.28,3
4435,gene_expr,median_simple_niche_135266499521890624564733261904887163307,Zhuang-ABCA-3.002,C57BL6J-638850.29,3
4436,gene_expr,median_simple_niche_135266499521890624564733261904887163307,Zhuang-ABCA-3.002,C57BL6J-638850.30,3
4437,gene_expr,median_simple_niche_135266499521890624564733261904887163307,Zhuang-ABCA-3.002,C57BL6J-638850.31,3
4438,gene_expr,median_simple_niche_135266499521890624564733261904887163307,Zhuang-ABCA-3.002,Zhuang-ABCA-1.096,3
4439,gene_expr,median_simple_niche_135266499521890624564733261904887163307,Zhuang-ABCA-3.002,Zhuang-ABCA-1.097,3
4440,gene_expr,median_simple_niche_135266499521890624564733261904887163307,Zhuang-ABCA-3.002,Zhuang-ABCA-1.098,3
4441,gene_expr,median_simple_niche_135266499521890624564733261904887163307,Zhuang-ABCA-3.002,Zhuang-ABCA-1.099,3
4442,gene_expr,median_simple_niche_135266499521890624564733261904887163307,Zhuang-ABCA-3.002,Zhuang-ABCA-3.001,3
4443,gene_expr,median_simple_niche_135266499521890624564733261904887163307,Zhuang-ABCA-3.002,Zhuang-ABCA-3.004,3
4444,gene_expr,median_simple_niche_135266499521890624564733261904887163307,Zhuang-ABCA-3.002,Zhuang-ABCA-3.005,3
4445,quest_gene_expr,median_simple_niche_161462779639356307588319562967715734116,Zhuang-ABCA-3.004,C57BL6J-638850.28,3
4446,quest_gene_expr,median_simple_niche_161462779639356307588319562967715734116,Zhuang-ABCA-3.004,C57BL6J-638850.29,3
4447,quest_gene_expr,median_simple_niche_161462779639356307588319562967715734116,Zhuang-ABCA-3.004,C57BL6J-638850.30,3
4448,quest_gene_expr,median_simple_niche_161462779639356307588319562967715734116,Zhuang-ABCA-3.004,C57BL6J-638850.31,3
4449,quest_gene_expr,median_simple_niche_161462779639356307588319562967715734116,Zhuang-ABCA-3.004,Zhuang-ABCA-1.096,3
4450,quest_gene_expr,median_simple_niche_161462779639356307588319562967715734116,Zhuang-ABCA-3.004,Zhuang-ABCA-1.097,3
4451,quest_gene_expr,median_simple_niche_161462779639356307588319562967715734116,Zhuang-ABCA-3.004,Zhuang-ABCA-1.098,3
4452,quest_gene_expr,median_simple_niche_161462779639356307588319562967715734116,Zhuang-ABCA-3.004,Zhuang-ABCA-1.099,3
4453,quest_gene_expr,median_simple_niche_161462779639356307588319562967715734116,Zhuang-ABCA-3.004,Zhuang-ABCA-3.001,3
4454,quest_gene_expr,median_simple_niche_161462779639356307588319562967715734116,Zhuang-ABCA-3.004,Zhuang-ABCA-3.002,3
4455,quest_gene_expr,median_simple_niche_161462779639356307588319562967715734116,Zhuang-ABCA-3.004,Zhuang-ABCA-3.005,3
4456,quest_scgpt,median_simple_niche_161462779639356307588319562967715734116,Zhuang-ABCA-3.004,C57BL6J-638850.28,3
4457,quest_scgpt,median_simple_niche_161462779639356307588319562967715734116,Zhuang-ABCA-3.004,C57BL6J-638850.29,3
4458,quest_scgpt,median_simple_niche_161462779639356307588319562967715734116,Zhuang-ABCA-3.004,C57BL6J-638850.30,3
4459,quest_scgpt,median_simple_niche_161462779639356307588319562967715734116,Zhuang-ABCA-3.004,C57BL6J-638850.31,3
4460,quest_scgpt,median_simple_niche_161462779639356307588319562967715734116,Zhuang-ABCA-3.004,Zhuang-ABCA-1.096,3
4461,quest_scgpt,median_simple_niche_161462779639356307588319562967715734116,Zhuang-ABCA-3.004,Zhuang-ABCA-1.097,3
4462,quest_scgpt,median_simple_niche_161462779639356307588319562967715734116,Zhuang-ABCA-3.004,Zhuang-ABCA-1.098,3
4463,quest_scgpt,median_simple_niche_161462779639356307588319562967715734116,Zhuang-ABCA-3.004,Zhuang-ABCA-1.099,3
4464,quest_scgpt,median_simple_niche_161462779639356307588319562967715734116,Zhuang-ABCA-3.004,Zhuang-ABCA-3.001,3
4465,quest_scgpt,median_simple_niche_161462779639356307588319562967715734116,Zhuang-ABCA-3.004,Zhuang-ABCA-3.002,3
4466,quest_scgpt,median_simple_niche_161462779639356307588319562967715734116,Zhuang-ABCA-3.004,Zhuang-ABCA-3.005,3
4467,scgpt,median_simple_niche_161462779639356307588319562967715734116,Zhuang-ABCA-3.004,C57BL6J-638850.28,3
4468,scgpt,median_simple_niche_161462779639356307588319562967715734116,Zhuang-ABCA-3.004,C57BL6J-638850.29,3
4469,scgpt,median_simple_niche_161462779639356307588319562967715734116,Zhuang-ABCA-3.004,C57BL6J-638850.30,3
4470,scgpt,median_simple_niche_161462779639356307588319562967715734116,Zhuang-ABCA-3.004,C57BL6J-638850.31,3
4471,scgpt,median_simple_niche_161462779639356307588319562967715734116,Zhuang-ABCA-3.004,Zhuang-ABCA-1.096,3
4472,scgpt,median_simple_niche_161462779639356307588319562967715734116,Zhuang-ABCA-3.004,Zhuang-ABCA-1.097,3
4473,scgpt,median_simple_niche_161462779639356307588319562967715734116,Zhuang-ABCA-3.004,Zhuang-ABCA-1.098,3
4474,scgpt,median_simple_niche_161462779639356307588319562967715734116,Zhuang-ABCA-3.004,Zhuang-ABCA-1.099,3
4475,scgpt,median_simple_niche_161462779639356307588319562967715734116,Zhuang-ABCA-3.004,Zhuang-ABCA-3.001,3
4476,scgpt,median_simple_niche_161462779639356307588319562967715734116,Zhuang-ABCA-3.004,Zhuang-ABCA-3.002,3
4477,scgpt,median_simple_niche_161462779639356307588319562967715734116,Zhuang-ABCA-3.004,Zhuang-ABCA-3.005,3
4478,gene_expr,median_simple_niche_161462779639356307588319562967715734116,Zhuang-ABCA-3.004,C57BL6J-638850.28,3
4479,gene_expr,median_simple_niche_161462779639356307588319562967715734116,Zhuang-ABCA-3.004,C57BL6J-638850.29,3
4480,gene_expr,median_simple_niche_161462779639356307588319562967715734116,Zhuang-ABCA-3.004,C57BL6J-638850.30,3
4481,gene_expr,median_simple_niche_161462779639356307588319562967715734116,Zhuang-ABCA-3.004,C57BL6J-638850.31,3
4482,gene_expr,median_simple_niche_161462779639356307588319562967715734116,Zhuang-ABCA-3.004,Zhuang-ABCA-1.096,3
4483,gene_expr,median_simple_niche_161462779639356307588319562967715734116,Zhuang-ABCA-3.004,Zhuang-ABCA-1.097,3
4484,gene_expr,median_simple_niche_161462779639356307588319562967715734116,Zhuang-ABCA-3.004,Zhuang-ABCA-1.098,3
4485,gene_expr,median_simple_niche_161462779639356307588319562967715734116,Zhuang-ABCA-3.004,Zhuang-ABCA-1.099,3
4486,gene_expr,median_simple_niche_161462779639356307588319562967715734116,Zhuang-ABCA-3.004,Zhuang-ABCA-3.001,3
4487,gene_expr,median_simple_niche_161462779639356307588319562967715734116,Zhuang-ABCA-3.004,Zhuang-ABCA-3.002,3
4488,gene_expr,median_simple_niche_161462779639356307588319562967715734116,Zhuang-ABCA-3.004,Zhuang-ABCA-3.005,3
4489,quest_gene_expr,median_simple_niche_232284527071616768801635674753397366539,Zhuang-ABCA-3.004,C57BL6J-638850.28,3
4490,quest_gene_expr,median_simple_niche_232284527071616768801635674753397366539,Zhuang-ABCA-3.004,C57BL6J-638850.29,3
4491,quest_gene_expr,median_simple_niche_232284527071616768801635674753397366539,Zhuang-ABCA-3.004,C57BL6J-638850.30,3
4492,quest_gene_expr,median_simple_niche_232284527071616768801635674753397366539,Zhuang-ABCA-3.004,C57BL6J-638850.31,3
4493,quest_gene_expr,median_simple_niche_232284527071616768801635674753397366539,Zhuang-ABCA-3.004,Zhuang-ABCA-1.096,3
4494,quest_gene_expr,median_simple_niche_232284527071616768801635674753397366539,Zhuang-ABCA-3.004,Zhuang-ABCA-1.097,3
4495,quest_gene_expr,median_simple_niche_232284527071616768801635674753397366539,Zhuang-ABCA-3.004,Zhuang-ABCA-1.098,3
4496,quest_gene_expr,median_simple_niche_232284527071616768801635674753397366539,Zhuang-ABCA-3.004,Zhuang-ABCA-1.099,3
4497,quest_gene_expr,median_simple_niche_232284527071616768801635674753397366539,Zhuang-ABCA-3.004,Zhuang-ABCA-3.001,3
4498,quest_gene_expr,median_simple_niche_232284527071616768801635674753397366539,Zhuang-ABCA-3.004,Zhuang-ABCA-3.002,3
4499,quest_gene_expr,median_simple_niche_232284527071616768801635674753397366539,Zhuang-ABCA-3.004,Zhuang-ABCA-3.005,3
4500,quest_scgpt,median_simple_niche_232284527071616768801635674753397366539,Zhuang-ABCA-3.004,C57BL6J-638850.28,3
4501,quest_scgpt,median_simple_niche_232284527071616768801635674753397366539,Zhuang-ABCA-3.004,C57BL6J-638850.29,3
4502,quest_scgpt,median_simple_niche_232284527071616768801635674753397366539,Zhuang-ABCA-3.004,C57BL6J-638850.30,3
4503,quest_scgpt,median_simple_niche_232284527071616768801635674753397366539,Zhuang-ABCA-3.004,C57BL6J-638850.31,3
4504,quest_scgpt,median_simple_niche_232284527071616768801635674753397366539,Zhuang-ABCA-3.004,Zhuang-ABCA-1.096,3
4505,quest_scgpt,median_simple_niche_232284527071616768801635674753397366539,Zhuang-ABCA-3.004,Zhuang-ABCA-1.097,3
4506,quest_scgpt,median_simple_niche_232284527071616768801635674753397366539,Zhuang-ABCA-3.004,Zhuang-ABCA-1.098,3
4507,quest_scgpt,median_simple_niche_232284527071616768801635674753397366539,Zhuang-ABCA-3.004,Zhuang-ABCA-1.099,3
4508,quest_scgpt,median_simple_niche_232284527071616768801635674753397366539,Zhuang-ABCA-3.004,Zhuang-ABCA-3.001,3
4509,quest_scgpt,median_simple_niche_232284527071616768801635674753397366539,Zhuang-ABCA-3.004,Zhuang-ABCA-3.002,3
4510,quest_scgpt,median_simple_niche_232284527071616768801635674753397366539,Zhuang-ABCA-3.004,Zhuang-ABCA-3.005,3
4511,scgpt,median_simple_niche_232284527071616768801635674753397366539,Zhuang-ABCA-3.004,C57BL6J-638850.28,3
4512,scgpt,median_simple_niche_232284527071616768801635674753397366539,Zhuang-ABCA-3.004,C57BL6J-638850.29,3
4513,scgpt,median_simple_niche_232284527071616768801635674753397366539,Zhuang-ABCA-3.004,C57BL6J-638850.30,3
4514,scgpt,median_simple_niche_232284527071616768801635674753397366539,Zhuang-ABCA-3.004,C57BL6J-638850.31,3
4515,scgpt,median_simple_niche_232284527071616768801635674753397366539,Zhuang-ABCA-3.004,Zhuang-ABCA-1.096,3
4516,scgpt,median_simple_niche_232284527071616768801635674753397366539,Zhuang-ABCA-3.004,Zhuang-ABCA-1.097,3
4517,scgpt,median_simple_niche_232284527071616768801635674753397366539,Zhuang-ABCA-3.004,Zhuang-ABCA-1.098,3
4518,scgpt,median_simple_niche_232284527071616768801635674753397366539,Zhuang-ABCA-3.004,Zhuang-ABCA-1.099,3
4519,scgpt,median_simple_niche_232284527071616768801635674753397366539,Zhuang-ABCA-3.004,Zhuang-ABCA-3.001,3
4520,scgpt,median_simple_niche_232284527071616768801635674753397366539,Zhuang-ABCA-3.004,Zhuang-ABCA-3.002,3
4521,scgpt,median_simple_niche_232284527071616768801635674753397366539,Zhuang-ABCA-3.004,Zhuang-ABCA-3.005,3
4522,gene_expr,median_simple_niche_232284527071616768801635674753397366539,Zhuang-ABCA-3.004,C57BL6J-638850.28,3
4523,gene_expr,median_simple_niche_232284527071616768801635674753397366539,Zhuang-ABCA-3.004,C57BL6J-638850.29,3
4524,gene_expr,median_simple_niche_232284527071616768801635674753397366539,Zhuang-ABCA-3.004,C57BL6J-638850.30,3
4525,gene_expr,median_simple_niche_232284527071616768801635674753397366539,Zhuang-ABCA-3.004,C57BL6J-638850.31,3
4526,gene_expr,median_simple_niche_232284527071616768801635674753397366539,Zhuang-ABCA-3.004,Zhuang-ABCA-1.096,3
4527,gene_expr,median_simple_niche_232284527071616768801635674753397366539,Zhuang-ABCA-3.004,Zhuang-ABCA-1.097,3
4528,gene_expr,median_simple_niche_232284527071616768801635674753397366539,Zhuang-ABCA-3.004,Zhuang-ABCA-1.098,3
4529,gene_expr,median_simple_niche_232284527071616768801635674753397366539,Zhuang-ABCA-3.004,Zhuang-ABCA-1.099,3
4530,gene_expr,median_simple_niche_232284527071616768801635674753397366539,Zhuang-ABCA-3.004,Zhuang-ABCA-3.001,3
4531,gene_expr,median_simple_niche_232284527071616768801635674753397366539,Zhuang-ABCA-3.004,Zhuang-ABCA-3.002,3
4532,gene_expr,median_simple_niche_232284527071616768801635674753397366539,Zhuang-ABCA-3.004,Zhuang-ABCA-3.005,3
4533,quest_gene_expr,median_simple_niche_271032203966335200172458143307632591963,Zhuang-ABCA-3.004,C57BL6J-638850.28,3
4534,quest_gene_expr,median_simple_niche_271032203966335200172458143307632591963,Zhuang-ABCA-3.004,C57BL6J-638850.29,3
4535,quest_gene_expr,median_simple_niche_271032203966335200172458143307632591963,Zhuang-ABCA-3.004,C57BL6J-638850.30,3
4536,quest_gene_expr,median_simple_niche_271032203966335200172458143307632591963,Zhuang-ABCA-3.004,C57BL6J-638850.31,3
4537,quest_gene_expr,median_simple_niche_271032203966335200172458143307632591963,Zhuang-ABCA-3.004,Zhuang-ABCA-1.096,3
4538,quest_gene_expr,median_simple_niche_271032203966335200172458143307632591963,Zhuang-ABCA-3.004,Zhuang-ABCA-1.097,3
4539,quest_gene_expr,median_simple_niche_271032203966335200172458143307632591963,Zhuang-ABCA-3.004,Zhuang-ABCA-1.098,3
4540,quest_gene_expr,median_simple_niche_271032203966335200172458143307632591963,Zhuang-ABCA-3.004,Zhuang-ABCA-1.099,3
4541,quest_gene_expr,median_simple_niche_271032203966335200172458143307632591963,Zhuang-ABCA-3.004,Zhuang-ABCA-3.001,3
4542,quest_gene_expr,median_simple_niche_271032203966335200172458143307632591963,Zhuang-ABCA-3.004,Zhuang-ABCA-3.002,3
4543,quest_gene_expr,median_simple_niche_271032203966335200172458143307632591963,Zhuang-ABCA-3.004,Zhuang-ABCA-3.005,3
4544,quest_scgpt,median_simple_niche_271032203966335200172458143307632591963,Zhuang-ABCA-3.004,C57BL6J-638850.28,3
4545,quest_scgpt,median_simple_niche_271032203966335200172458143307632591963,Zhuang-ABCA-3.004,C57BL6J-638850.29,3
4546,quest_scgpt,median_simple_niche_271032203966335200172458143307632591963,Zhuang-ABCA-3.004,C57BL6J-638850.30,3
4547,quest_scgpt,median_simple_niche_271032203966335200172458143307632591963,Zhuang-ABCA-3.004,C57BL6J-638850.31,3
4548,quest_scgpt,median_simple_niche_271032203966335200172458143307632591963,Zhuang-ABCA-3.004,Zhuang-ABCA-1.096,3
4549,quest_scgpt,median_simple_niche_271032203966335200172458143307632591963,Zhuang-ABCA-3.004,Zhuang-ABCA-1.097,3
4550,quest_scgpt,median_simple_niche_271032203966335200172458143307632591963,Zhuang-ABCA-3.004,Zhuang-ABCA-1.098,3
4551,quest_scgpt,median_simple_niche_271032203966335200172458143307632591963,Zhuang-ABCA-3.004,Zhuang-ABCA-1.099,3
4552,quest_scgpt,median_simple_niche_271032203966335200172458143307632591963,Zhuang-ABCA-3.004,Zhuang-ABCA-3.001,3
4553,quest_scgpt,median_simple_niche_271032203966335200172458143307632591963,Zhuang-ABCA-3.004,Zhuang-ABCA-3.002,3
4554,quest_scgpt,median_simple_niche_271032203966335200172458143307632591963,Zhuang-ABCA-3.004,Zhuang-ABCA-3.005,3
4555,scgpt,median_simple_niche_271032203966335200172458143307632591963,Zhuang-ABCA-3.004,C57BL6J-638850.28,3
4556,scgpt,median_simple_niche_271032203966335200172458143307632591963,Zhuang-ABCA-3.004,C57BL6J-638850.29,3
4557,scgpt,median_simple_niche_271032203966335200172458143307632591963,Zhuang-ABCA-3.004,C57BL6J-638850.30,3
4558,scgpt,median_simple_niche_271032203966335200172458143307632591963,Zhuang-ABCA-3.004,C57BL6J-638850.31,3
4559,scgpt,median_simple_niche_271032203966335200172458143307632591963,Zhuang-ABCA-3.004,Zhuang-ABCA-1.096,3
4560,scgpt,median_simple_niche_271032203966335200172458143307632591963,Zhuang-ABCA-3.004,Zhuang-ABCA-1.097,3
4561,scgpt,median_simple_niche_271032203966335200172458143307632591963,Zhuang-ABCA-3.004,Zhuang-ABCA-1.098,3
4562,scgpt,median_simple_niche_271032203966335200172458143307632591963,Zhuang-ABCA-3.004,Zhuang-ABCA-1.099,3
4563,scgpt,median_simple_niche_271032203966335200172458143307632591963,Zhuang-ABCA-3.004,Zhuang-ABCA-3.001,3
4564,scgpt,median_simple_niche_271032203966335200172458143307632591963,Zhuang-ABCA-3.004,Zhuang-ABCA-3.002,3
4565,scgpt,median_simple_niche_271032203966335200172458143307632591963,Zhuang-ABCA-3.004,Zhuang-ABCA-3.005,3
4566,gene_expr,median_simple_niche_271032203966335200172458143307632591963,Zhuang-ABCA-3.004,C57BL6J-638850.28,3
4567,gene_expr,median_simple_niche_271032203966335200172458143307632591963,Zhuang-ABCA-3.004,C57BL6J-638850.29,3
4568,gene_expr,median_simple_niche_271032203966335200172458143307632591963,Zhuang-ABCA-3.004,C57BL6J-638850.30,3
4569,gene_expr,median_simple_niche_271032203966335200172458143307632591963,Zhuang-ABCA-3.004,C57BL6J-638850.31,3
4570,gene_expr,median_simple_niche_271032203966335200172458143307632591963,Zhuang-ABCA-3.004,Zhuang-ABCA-1.096,3
4571,gene_expr,median_simple_niche_271032203966335200172458143307632591963,Zhuang-ABCA-3.004,Zhuang-ABCA-1.097,3
4572,gene_expr,median_simple_niche_271032203966335200172458143307632591963,Zhuang-ABCA-3.004,Zhuang-ABCA-1.098,3
4573,gene_expr,median_simple_niche_271032203966335200172458143307632591963,Zhuang-ABCA-3.004,Zhuang-ABCA-1.099,3
4574,gene_expr,median_simple_niche_271032203966335200172458143307632591963,Zhuang-ABCA-3.004,Zhuang-ABCA-3.001,3
4575,gene_expr,median_simple_niche_271032203966335200172458143307632591963,Zhuang-ABCA-3.004,Zhuang-ABCA-3.002,3
4576,gene_expr,median_simple_niche_271032203966335200172458143307632591963,Zhuang-ABCA-3.004,Zhuang-ABCA-3.005,3
4577,quest_gene_expr,median_simple_niche_100572430543595680016848938697419790407,Zhuang-ABCA-3.005,C57BL6J-638850.28,3
4578,quest_gene_expr,median_simple_niche_100572430543595680016848938697419790407,Zhuang-ABCA-3.005,C57BL6J-638850.29,3
4579,quest_gene_expr,median_simple_niche_100572430543595680016848938697419790407,Zhuang-ABCA-3.005,C57BL6J-638850.30,3
4580,quest_gene_expr,median_simple_niche_100572430543595680016848938697419790407,Zhuang-ABCA-3.005,C57BL6J-638850.31,3
4581,quest_gene_expr,median_simple_niche_100572430543595680016848938697419790407,Zhuang-ABCA-3.005,Zhuang-ABCA-1.096,3
4582,quest_gene_expr,median_simple_niche_100572430543595680016848938697419790407,Zhuang-ABCA-3.005,Zhuang-ABCA-1.097,3
4583,quest_gene_expr,median_simple_niche_100572430543595680016848938697419790407,Zhuang-ABCA-3.005,Zhuang-ABCA-1.098,3
4584,quest_gene_expr,median_simple_niche_100572430543595680016848938697419790407,Zhuang-ABCA-3.005,Zhuang-ABCA-1.099,3
4585,quest_gene_expr,median_simple_niche_100572430543595680016848938697419790407,Zhuang-ABCA-3.005,Zhuang-ABCA-3.001,3
4586,quest_gene_expr,median_simple_niche_100572430543595680016848938697419790407,Zhuang-ABCA-3.005,Zhuang-ABCA-3.002,3
4587,quest_gene_expr,median_simple_niche_100572430543595680016848938697419790407,Zhuang-ABCA-3.005,Zhuang-ABCA-3.004,3
4588,quest_scgpt,median_simple_niche_100572430543595680016848938697419790407,Zhuang-ABCA-3.005,C57BL6J-638850.28,3
4589,quest_scgpt,median_simple_niche_100572430543595680016848938697419790407,Zhuang-ABCA-3.005,C57BL6J-638850.29,3
4590,quest_scgpt,median_simple_niche_100572430543595680016848938697419790407,Zhuang-ABCA-3.005,C57BL6J-638850.30,3
4591,quest_scgpt,median_simple_niche_100572430543595680016848938697419790407,Zhuang-ABCA-3.005,C57BL6J-638850.31,3
4592,quest_scgpt,median_simple_niche_100572430543595680016848938697419790407,Zhuang-ABCA-3.005,Zhuang-ABCA-1.096,3
4593,quest_scgpt,median_simple_niche_100572430543595680016848938697419790407,Zhuang-ABCA-3.005,Zhuang-ABCA-1.097,3
4594,quest_scgpt,median_simple_niche_100572430543595680016848938697419790407,Zhuang-ABCA-3.005,Zhuang-ABCA-1.098,3
4595,quest_scgpt,median_simple_niche_100572430543595680016848938697419790407,Zhuang-ABCA-3.005,Zhuang-ABCA-1.099,3
4596,quest_scgpt,median_simple_niche_100572430543595680016848938697419790407,Zhuang-ABCA-3.005,Zhuang-ABCA-3.001,3
4597,quest_scgpt,median_simple_niche_100572430543595680016848938697419790407,Zhuang-ABCA-3.005,Zhuang-ABCA-3.002,3
4598,quest_scgpt,median_simple_niche_100572430543595680016848938697419790407,Zhuang-ABCA-3.005,Zhuang-ABCA-3.004,3
4599,scgpt,median_simple_niche_100572430543595680016848938697419790407,Zhuang-ABCA-3.005,C57BL6J-638850.28,3
4600,scgpt,median_simple_niche_100572430543595680016848938697419790407,Zhuang-ABCA-3.005,C57BL6J-638850.29,3
4601,scgpt,median_simple_niche_100572430543595680016848938697419790407,Zhuang-ABCA-3.005,C57BL6J-638850.30,3
4602,scgpt,median_simple_niche_100572430543595680016848938697419790407,Zhuang-ABCA-3.005,C57BL6J-638850.31,3
4603,scgpt,median_simple_niche_100572430543595680016848938697419790407,Zhuang-ABCA-3.005,Zhuang-ABCA-1.096,3
4604,scgpt,median_simple_niche_100572430543595680016848938697419790407,Zhuang-ABCA-3.005,Zhuang-ABCA-1.097,3
4605,scgpt,median_simple_niche_100572430543595680016848938697419790407,Zhuang-ABCA-3.005,Zhuang-ABCA-1.098,3
4606,scgpt,median_simple_niche_100572430543595680016848938697419790407,Zhuang-ABCA-3.005,Zhuang-ABCA-1.099,3
4607,scgpt,median_simple_niche_100572430543595680016848938697419790407,Zhuang-ABCA-3.005,Zhuang-ABCA-3.001,3
4608,scgpt,median_simple_niche_100572430543595680016848938697419790407,Zhuang-ABCA-3.005,Zhuang-ABCA-3.002,3
4609,scgpt,median_simple_niche_100572430543595680016848938697419790407,Zhuang-ABCA-3.005,Zhuang-ABCA-3.004,3
4610,gene_expr,median_simple_niche_100572430543595680016848938697419790407,Zhuang-ABCA-3.005,C57BL6J-638850.28,3
4611,gene_expr,median_simple_niche_100572430543595680016848938697419790407,Zhuang-ABCA-3.005,C57BL6J-638850.29,3
4612,gene_expr,median_simple_niche_100572430543595680016848938697419790407,Zhuang-ABCA-3.005,C57BL6J-638850.30,3
4613,gene_expr,median_simple_niche_100572430543595680016848938697419790407,Zhuang-ABCA-3.005,C57BL6J-638850.31,3
4614,gene_expr,median_simple_niche_100572430543595680016848938697419790407,Zhuang-ABCA-3.005,Zhuang-ABCA-1.096,3
4615,gene_expr,median_simple_niche_100572430543595680016848938697419790407,Zhuang-ABCA-3.005,Zhuang-ABCA-1.097,3
4616,gene_expr,median_simple_niche_100572430543595680016848938697419790407,Zhuang-ABCA-3.005,Zhuang-ABCA-1.098,3
4617,gene_expr,median_simple_niche_100572430543595680016848938697419790407,Zhuang-ABCA-3.005,Zhuang-ABCA-1.099,3
4618,gene_expr,median_simple_niche_100572430543595680016848938697419790407,Zhuang-ABCA-3.005,Zhuang-ABCA-3.001,3
4619,gene_expr,median_simple_niche_100572430543595680016848938697419790407,Zhuang-ABCA-3.005,Zhuang-ABCA-3.002,3
4620,gene_expr,median_simple_niche_100572430543595680016848938697419790407,Zhuang-ABCA-3.005,Zhuang-ABCA-3.004,3
